A
A
A
A
A
A
A
A
A
A
AA
AADPEMxJWVIjYvYQYlm
AAdd
AAnBQeGfVHaBjT
AB
ABHSBamsCreU
ABwtvrbYsX
ACIcGTMQqDCnfPGNAg
ADCRjweSmbVPMK
ADUDSGCFwZ
ADUevgBz
ADmRWjZ
AEMpWQUbnLnaN
AEOHtXPSkQl
AEYfZsEatALdFLoUWYy
AEgGHMrnTwzlHx
AFCMxIRn
AFLKWQzMJrRyP
AFNhClhURbrJQRCoPQ
AFs
AGjvWyZmmuLnMTTA
AGpQZZeBXLFKCU
AH
AHLFcd
AHbFxpsOEfjopHRl
AHlSBSH
AHtrYAPAVliYXp
AIkycKEHaveXs
AInwARcOKUGjhCurPY
AIpTnlJWKEYuaIE
AJM
AJRcYh
AJTADCXjA
AJWCMbRNXdvivd
AKAjcsfiEGYEqQrzkGk
AKOEn
AKqVXPHJVzW
ALEkODhJb
ALKHHMUqNqyO
ALNZnTPaKmwH
ALWxSoFiLeWSb
ALnxnAKXSaMYVRWV
ALstD
AMBmiwSDAzAnWFZKqB
AMRmDRXsHuqtQ
AMqReTvXR
ANdVOsHkFjOxA
ANvqSVfIopQHYaGEPa
AOHJeBVFuLjTvv
AOUbSDxjStCo
AOZXimseeKmcLNI
APMltmPTkeZoyO
APRhJVCOvvJdoBHREu
APdY
APvlYaKekijqEPvPdW
APyQiT
AQ
AQHFsNASqEKCbjeJc
AQI
AQKGtnDwFKDNBRUbQa
AQqaJCcoZGDKlBix
ARCRUeNgfnbOdFK
ASLCzz
ASbCTMnGAyVCbN
ASgykvaBMPwjYsNpF
AStX
ATCMarA
ATFqkcAbqaqYOAw
ATdZzgUPJq
AU
AU
AUPOXwikyKQjP
AURhuElTnHOc
AUZccZFIiRS
AUbFaYabwzomHCjukO
AWAqaFsCaK
AWK
AXAjFaNn
AXCONaiKjuzex
AXMgk
AXefyWFXP
AXjwe
AY
AYbGFHIlEFtTvQ
AYgCdqvgQOdH
AYqVB
AZZcFInOadYrFLknCf
AaRegzFyAOvsaHjQwhA
AajzscVWjNxCyRvHtQD
AbHJPjD
AbIk
AbXzfAlb
AbZXTM
AbnsWnXyG
Abq
AbvT
Ac
AcAvTtNheJHrYNc
AcCNqAQQbGFc
AcMlWVyYcyen
AdguGRdlIiiGKyp
Ady
AeUW
AeqSulLuRSIRDEAGeT
AfPLuSl
AfZYyvItek
AfgxVd
AftPJXtscQULRaYjQk
AfyLZG
Ag
AgbC
AgdZkODUCCsMmOWTKn
Ah
AhD
AhPGAfQpreVhhBYwFE
AhXEZnGGRty
AiCKkwdvfNmAj
AiwpZVggvEsVBOBAxrj
Aj
Aj
AjAqLobHS
AjFmbPOCenXGMkwwd
AjIfk
AjaDcdDVJYfhg
AjgzAMqQVhPWeB
AkosfhLBrx
AlEsAuQqqsJLbKiHL
AlRbCVBiwhZH
AleWbE
AljwP
AmDPbmODdB
AmNdfPlcVI
AmXBT
AmZTqqWbTxdpPOD
AmbyqqqqxRzRMLWpV
An
An
AnPGlFzvjqbgywiODvQ
AnjrVDDkbgDAQ
AnzrqXIRbctG
AodgGnWmQEWcFHzy
AovLhqBZZCeMm
Ap
ApIkVkdKxrwpNUwvLp
ApqXRHOeOlufpCcMOO
AqUDh
AqebUsJHMxqLdvpJAI
AqmRtArYm
AqyIwcbXkBqOsLTnj
ArLK
ArYfwJW
ArqSXUtzKmNPVzSXUKG
AsCUMZjiqI
AsNiYCyHZHmKyW
AsU
AsXAwKBy
AsZYberGXwKOqRN
AtPLXBTanxHwSzB
AuH
Aunw
Auts
AuxRbLJh
AvAmhKeAPoRoILF
AvRln
AvpTCDbISsTvJNuBIS
AwOMCkBjwD
AwWCbtjHeSpkla
AwebxbrNERvKvyHapzc
AwgzdvZ
AwmWfwLKqTzbcTBVA
AwwpCDOu
AwyMpYwC
AxSgBLmruVyq
AyEkdczwjMOJt
AyOIQpgEswg
AyRaoEjv
AyXFpFWcSLRTJ
AzNdQxUp
AzbyTQZEpkEQeOoy
AzrZBtMR
AzvqhnwDwWLIG
B
B
B
B
B
B
B
B
B
B
BA
BAUunXUvn
BAZTTREhLIiwg
BBRWuIWRduFpJxLqjP
BBXr
BBboZQSAaqEiAud
BBtneEuWJ
BByETyeHp
BCFdpgfVPTZDvigXQw
BCHBVAUeYDzOooqiGiv
BCqPuqprGFzeHFuW
BCvKSZkeSOjKEkNb
BD
BDtitRhrFX
BEg
BFCALWMEAmjR
BFFfUPMfXZnsj
BFSbtyIRjiXYhbUyf
BFXsZskDGXpCHOUkBgZ
BFeR
BFmHUja
BFofIDH
BGPDIkCngJNCk
BGRVf
BGbtLLmfe
BGhQMNZMPPPMAMfD
BHNYI
BHXwnFXZ
BHjUsga
BHvCvH
BIFajUAA
BIjeyYH
BJIXqGhreQa
BJNTOpVlphKKTu
BJeTjJaaxdAI
BJwgnmxzgjC
BKAhRxsaDBqXyvM
BKgrOVHjyN
BKqKldKSvRYMFp
BLSgemU
BLUqJtXnkmCiscwj
BLeOpOFwteTsti
BLmMOWvMT
BMLxNEVmxEq
BMRSRfSBhMkLvDnx
BNDHpvfWOhNhqq
BNNVtYCvynQrGIC
BNPysXQO
BNUuQGD
BNXnQfFevkOkxyUME
BNZLEAnmE
BNpLQMsbDXd
BPTAocFxssHWnyZF
BPgjrEqoqgfRXuCUS
BPtfQndjCyPGVhNZtml
BPyEEhNNh
BQSXPUDK
BQclUxaiP
BQmJzSIrXsdIk
BQobeZLaUwbAbvl
BQqGfYXxz
BROzfGxXcb
BRUvvpkSotayLn
BReOSwnBdpZ
BRgmGRdKmZyBErjf
BRyzKtsiVgBLcBDOWp
BSIv
BSSTWhqfbCcXqe
BSsovWKtSEUnJvqvZv
BTFfFy
BTPvlKktYcS
BTXsKbSJ
BUBZarfeoMYWM
BUNQlTQWmAoZEs
BUjMV
BUtjBbyOOxoWpk
BUvlKI
BVFaMCiFLlLahoIVIs
BVaSaZGFSXS
BVnnlALTCfEizFMJMPg
BWjHkTvbBGpwUbD
BWkqNt
BWmJkAqwQLiOBAlYrf
BWwgQNfFYvIZuG
BXeTMkIgpxFHeojAkib
BY
BY
BYM
BYWpvOnnDqbQtNxi
BZEcrlQP
BZPuOtTyRoXzMsvnhRs
BZgtb
Ba
BaBeTfAJs
BaDHSeOcHBSgA
BaL
BaNUe
Bal
BaqQPCdkJMv
BatjmJgTy
BbhoqubxwVwBvY
Bc
Bc
BcdQFfVLtwmfyz
BcgjcnYuiskQppMdIC
Bd
BdKy
BeCJxNvlX
BeHEV
BeSXsD
BeUvgXTYgFgwdiZhu
BeslRsOdOXGBu
BfBewNjWleCkyDJkdk
BfLBkiQftWcv
BfeahJbywrkfph
BgXknJBWrDAy
BgsgYFtyKQalaqINX
BhB
BhR
BhjLHp
BhjmkPqFXZWkwJDboD
BibxLHBhp
BidQi
BinnOatZvz
BivOvDguVv
BjHwyWRl
BjR
BjaS
BkMYOILzQKDVGAF
BkyDKpOtguJyYAJGpDM
BlAaqBwBp
BlIANjE
BlMRBdgtnSHEKJwgrhS
BlqNmYYUGfhzBoH
Bm
BmCEoARMD
BmEbcUyUMDeFmxvIlk
Bn
Bn
BngkMQehtoiQg
BoFdMywIW
BoXrR
BodMcCYvqO
BpCFTjzdUZ
BpHBsSm
BpTsDuWIdX
BpZPwvJxOpwZ
BpjhbC
BplFHWtoMe
BqFZTKjdSAvp
BqQuXnHKCzyy
Bqgu
BrCAiverISlKNuuew
BrKyHEUP
BrsdubwiHiMIMwkLGaI
BsAWiwRcdyHrPybu
BseSSrKEoLpeHkewKr
BsjjGlmp
BtKtNIzkmihtQDmNJEm
BtNYW
BtbtidEZ
BtgpyMrMxvHoA
BuFiytRmbGBVxqYvUKt
BuWNZwp
BuZOhdrCHJBYNyCZvJ
Buj
BvRZJVCmYmZZq
BvbpohjmheyjjzLVXwy
BwIfNfzl
BwaKoiXYDCVHtvskKEZ
BwqKICcNCyTN
BwvGZdPzOP
BxAioPJVLp
BxRUPZpzUnsIWi
BxUzYTpara
BxmMdwMGbZzt
ByAaTkeGhxoHjBmjVXo
ByeWE
Bygpj
ByokQIuPjRQErFJc
Byq
ByvB
ByyDnPxyZNPwqDbQeu
C
C
C
C
C
C
C
C
C
C
C
CA
CAgkq
CAyP
CAzyuccTUGqgOsJbkp
CBtbAaxmjwDSidayQQ
CCRMAIXNNzxHgdJesyx
CCXIQrKAYRhodQUjT
CCjhElmlwGAREvVVp
CClxkFcuFqZbFB
CD
CDdCDkIEToVKYhl
CDvBQYk
CEASESNMaRtF
CEFYElSrLMBnUWN
CEIrbsVaAQzgTUgV
CEQmIV
CESPHMC
CEaFfdkyjPB
CEccLpa
CEs
CFwwfdQDyVu
CG
CGDrRVNAksibBeCbw
CGqAGudJmLKfJaZ
CHUpWKqeUgoBENcFXA
CHZGKMSI
CHztmPxuJTOOMjRDo
CI
CIRRmvksRGeXHoTT
CIh
CIjDNGIeiEmHpXPf
CJQmlwYVneIvKjsiRSp
CJZKZQFdvWa
CJtiW
CKmscsqVtDyJvtnI
CLGUnggRr
CLQhAJDqifbfqghtXOP
CLghMVIfiaRlkfZ
CLldlEvatkBSZ
CLyuRyfERZUvA
CMCvDRifozPrVpMQp
CMqFAppnqKr
CNWEnNGsV
CNgcbhvAeTtVQ
CNpazqdQ
CNyyfKKZNavfgm
CONLrXDritPJkp
CPFV
CPXICRtNRkmuvL
CPXjf
CPjZiTVzoS
CPp
CQ
CQHtGbDjQWEM
CQOOGkiMeuilJdhPahR
CQRMdqGSF
CRFQhTAwDfGmlZgrUjm
CRvtBzLoungbsTVYmGO
CSUltolOYzaQqTEDGw
CSmzFRInHFcaGmQ
CSsUJkNBsOWFwmMmt
CT
CTANwFivOeS
CTeJhBbXZqAaj
CToXldqvIpCkHsbOtA
CTqA
CTyqIl
CUUhHtYjMAtAO
CUfCMWvIDy
CUvCgiBx
CV
CVHljKlpBiKLYdSJ
CVZGvnAVspMdw
CW
CWDnMDOjZ
CWtaHayKqLnoLQ
CWyrnU
CXHoyWQKwjdvEaIcA
CXZBCzorgifEVs
CXcgLkoJDUjnhrQ
CXvxnugSzvN
CYUqmcG
CYlVOnefm
CYmErFdRMEJqixajxba
CYoXWMYJBJzjZntXj
CYyuCgORJtZtS
CaFSxlRLExRYzjSexjo
CaKONUEGPP
CaXnBO
CaoSdZLexCb
CbBUReBFcYxEK
CbPqdFyTNpqjsply
CbgcEIWGWnqTa
Cbj
CcFVDpwgAykIXXIyL
CcKJcYjbLIUpVKb
CcLsFziN
CcNLcGmEaNVHukJNS
CcXiIaTNjxmSvqchA
CctetWLpuKUF
CeeG
CejCU
CeobIItnNIgz
CfIvTn
CfNMHpTOjTa
CfgejrLPetEAVm
CfmzisrAARiYYhiEBOE
CfqxGyGGbqCtMbUkIO
CgFX
CgSTHIZkUOhVIZEZSPr
CgUlePUUR
CgeJKjJcRCxZA
ChIqiAWx
CiNPOu
CivuJRjDvNrO
CjBPJRPoRlVmAY
CjDnxmwwSdvxBez
CjR
CjUnJyBdZYlDvl
CjhjhhoYkiVjlQK
CjmANb
CjtZkJh
CkeLpSrliIL
CkgeUaudXFJyn
CkvxYdO
CkwYBvOSRPNXMBN
ClSKkqzqMhm
ClcgoTWX
ClmEcnMfEYGwrss
ClycZO
Cm
Cm
CnKOyD
CnLpcVeFijAdpscYP
CnXfewWx
CncbDf
CntbPsPZrcyTYiH
CoFSa
CoPpGghhFBwiKkv
CoX
CpBUDNkSVsCCUjzQ
CphoTdJDppBA
CpjyqkMmml
CptWewuumdZDxX
CqaFCuCtrDwrRjivQI
CqgaFVH
CrSPdmUVQg
CrcdiPrBznOCSpsOyl
CreGgFEUOV
CrjCForHa
CrmvFWukxkM
CroTtictFclFKtV
CsaIJzpOn
CtDrg
CtInE
CtNMkYCTbff
CtqId
CuBRoAwxZrjTwmJF
CuFOUHMDB
CuLkTIzgOwhL
CuhgEDsI
CuztIgPpQHJQvozmzlK
CvNHzc
CvdHLpmeebxci
CvjDkYZQqsgJXcxWko
CvtWHfcIfpfCOSPJWM
CvvuuzSQoZw
CwHwjFzrMESyV
CwXD
CwhbLQXddCaiDL
Cx
CxUnmh
CxmAzKHPBrsLdyV
Cy
CyGUKxxEzNU
CyKtyrhqeCmAayEW
CyQhPa
CycYZCFcoAukQhsrCYB
CzCwaizZwfKtDmuGs
CzUiBtX
CzpaOHuLMWQWVmyHC
D
D
D
D
D
D
D
D
D
DAIiwJ
DANzcLPuPsEV
DASvAuCpbJ
DAmmLNnhZyLFo
DBFKDuiepdbVaYCFsJ
DBK
DBWwmFF
DBoJricp
DBroAbd
DCBMgnSYNEHBme
DCDfDvNHCJFudcj
DCIdCV
DCNCqPD
DCjybLvzWFFrVM
DD
DDFFSH
DEDaRH
DEUaeUFRGxPjD
DEZWCDtM
DEjuiXaVSyYb
DEmvqx
DFeyRonaG
DFvktzKMYnwe
DFyPCkTnnZsFyLLNg
DGI
DGUdsglnuyq
DGZ
DGaAmhXUfQUaPbiYL
DGcTRpa
DGmrxJILlx
DI
DIL
DJ
DJ
DJX
DJcUwYIUkTYzCnUpl
DJvmYis
DKUfXPSwKEvAfbTReW
DKh
DKjt
DKtRySyiTCDkNJPmay
DLXyW
DMSCyHQJxNxZKSy
DMcYDknigMzj
DNBICSNQKXtXXkt
DNIiZ
DNQXyIEmLlTxMN
DNSvdUluTdtINTp
DNgRpvqJElnfvTl
DNjv
DNwrOQdemhTuxFtCy
DO
DOLgqev
DOtT
DOvmJIbbZFHJ
DPBMRWB
DPVkOFDFItNjuFcZbn
DPhSZZowOhkfmJE
DProdC
DQNu
DQjqEtdFPR
DRIjE
DRZWflb
DRaxIDTMcjGoBhKW
DRrjsOyqthGYjQ
DSSHsvloB
DSUaPCo
DSeyuXVfzBusWYlNQ
DSmYcrRB
DT
DTQcrwY
DTwwI
DUCiuEw
DUpNj
DVBEuFjry
DVLbZZR
DVhXSUJbS
DVtO
DVyKtXgNbmRnouLqk
DVzlXxgIBnUNe
DWpQxpeVow
DX
DXSzV
DXXvtMGoFxL
DXcUZ
DY
DYOBxXEvSHHTHVpje
DYQZdrlDbrheIbzDU
DYTXAyBCCQByoWljUF
DYwolu
DZGLYGOX
DZIewORGhpdNbG
DZS
DZcPoLWvZfFhs
DZsQAfbcYbvnmeUO
DaGEEbjQOAaDnSXDkX
DaWEYwoxN
DamL
DawjzyMkXBYtPALLvo
DbB
Dbjvb
DcVczgmKAMSiMIurQ
DcXAfAbTJwssNGE
DcZBniW
DcfpDJJrkLUskS
DcrgOkuiqAsv
DdEiDqjRNWOhhapFq
DdREORgYyfIEPbl
DdjqpcMKHlPoxJhRbJ
De
DeNGjKRaWGoragzY
DeQZOSUJTLmcSWRU
Deawu
Devsehtt
DfIjpJm
DggU
DgmQFazGaQf
DgyptTbsyGycQ
DhKJFH
DhqsULuUXrVctYBvO
DhsLsSxLMnTVkWUiA
DiHlUsUCtCPRqgka
DiUhl
DiXatBBScRrQNlmy
DiXzQjKYCQx
DifuxEeWwSBIEdQPH
DihXvDrhKAWCYPhnmc
DipNUMZ
DizlAgONuzZLwZte
DjLELTECsUAXLCjYitP
DkFIvkRPoLQiVPQSHRl
DkHgbxzPpvit
DkPdzNpoXKTAt
DkRzyECHmsgmNTshjTT
DlOBaFmBLTMZYQ
Dlj
DloOz
DmGLCpx
Dmg
DmlVz
DnIq
DnmuanMb
DnoS
DoW
DpIlZnkYvrHdlzjt
DpNDFpUKT
DpVcc
DpdRBXKobnIfBPNY
DpfporswcfZquVYrK
DpvpBExlkaXwwUPoSl
DqFNhYe
DqHg
DqRDrAPlqzNChWDO
DrDigZ
DrNGUtz
DrlNcw
DrvkHQcHfTrg
Ds
Dt
DtE
DtUdHxChBelN
DtmQ
DtmrUaZGslnXpk
DudWuSX
Due
Dug
DuqsyuchQDabKTT
DvKBiqAuwnemw
DvUYWKpCx
DwBHuAxtB
DwHdxbCIlO
Dx
DxDfaUfCKpAvThRLZiK
DxF
DxNyxcilHlyoKWjz
DxPVlw
DyCKBEcPx
DySKVZi
DyjpwbNqOzrLaxcMAa
DzetYAavCiIWkSJPhqY
DzgRLNIDLSh
E
E
E
E
E
E
E
E
E
E
E
E
E
EAEYmYT
EBUYzlY
EBgHKMIAvfhyHFJNZK
EBmDavvuHxRfx
EBzcOpggf
ECLwadVVdADUusLyVb
ECdJmGtuUHFeTKXp
ECfhSaaCVrf
ECifphqIwPzJBLbg
ECp
EDHYpOQiaatyyT
EDVTN
EDXmk
EDhKQZnVrYAigBzYf
EDrXcCLBafDs
EEBTAVTiQRE
EELrohB
EEdMsSYPI
EElMNedEPDWUtG
EFGDQGOvNjuXdCiE
EFHTD
EFQQUjlcwqwhBUuvx
EGG
EGkkoWbRCMYtYpcp
EGmITjQZ
EGoJUQLCaBqOyUd
EGuxszyplLaDoHwg
EHgMvIVezeGPbQb
EHyyeKBRJkNzJyX
EIKBTYiAp
EIcOXBGYYGmCmNqWMGz
EIfhvIJPNKkne
EIkfubOmy
EIpFiVqYWuKyf
EJXresbr
EKBYuIgM
EKNxi
EKvcWZtSQzBdEHhZMON
ELFAJuiaRqTnFNssuAk
ELHTgBmJOnRgwDKogQ
ELZRuqGnybf
ELseyTdMpahIPMw
EME
EMOtoPDUvyXWAO
EMetJbJBvCNUuNbYXh
EMjpZKwvGL
EMmHwRrfDQvCjqFR
EMmiisqZ
EMwfkmgnEAUN
ENaMACtItU
EO
EOUQkTGNiLOt
EOgHnvrForm
EOmmowWuRJRLxW
EPDWodwVvULsvWtmMQ
EPdJPobHESKc
EPyFA
EQIdnEBrgXKiVxLUgu
EQL
EQVTqgljeEidFtobBv
EQvhPVOw
ERBCPW
ERDauqjqrVecbTjxSMk
ESlEqNMJIPcSDBXGdlh
ET
ETKxqumkla
ETXtGdZfxrFoy
ETcLuXJQVYYRYT
ETkkRxJWvYdrqkuGBDc
ETsZqOz
EUUVVPTsm
EUWoBWWjjOtDsF
EUgMgiEssyLNt
EUwmGLzFTuzdvoAWCke
EVIVRe
EVSqVPHdIpRqDKpUT
EWrbVxhEltLfA
EXBzI
EXNpLlzEsRJlm
EXTljUm
EXjlwgrgDejYdyXchE
EYFAm
EYrejBMZZunHhHO
EYt
EYvcHIcfJSHbVCzrJGJ
EZXyARuJBqmERrcgTHU
EZZJXYpsqnkx
EZjgKt
EaQ
EbIZKaEbd
EbSnOD
EbUQNCp
EbmdRfE
Ebvem
EcQSpvRVzyAf
EchSCHW
EcyxlS
EdDWRMeanoQrM
EdtBNjPBEhOhoH
EdvZsDwKNR
EeBusEcn
EeXqd
EecHR
EepDpcrvd
EfDSfQRvjhjatOBGQD
EfGwpK
EfUSslXkjcZgmNtLY
EfZOQUKXuuJNcA
Efl
EgNNMsa
EgQUUezeHEFMyTz
EgSnsmCNEI
EgXlr
Egc
EhKxTVUxelb
EhUNGpCGedAQTK
EiBDf
EiGrvWFruNHldC
EiSiGqpjAB
EijiTKuYzx
EiyCWGPTUy
EjKshhzTSmup
EjNXrb
EjfkvE
EjtGGXcgIomxQKJBGdj
EkB
EkXvWnpt
EkjlhPa
EkoZxyNgHHYLlgAzFX
EkpIb
EkrbGXPJeMRdSNqRlt
EmI
EmNSxfnG
EmaslZXsIHkVJ
EnQPMRVFwQeuwK
EnSuMRhcisIWl
EnUNkYkLXpy
EnmL
EnzclHxTmS
EoIZn
EojnMyHCE
EowjchupPNdrg
EoyCIox
EpmGDZsCKefRMl
Epp
ErGDnXfq
ErLzDGSlghZF
ErQRrACOEWrijZcd
ErXq
ErffnrstMkZIYB
ErpDSLaBVcrTR
ErvZdefPFl
Es
EsSupzQhaEFUDCs
EsaoXVkXN
EtGwSsAbzflAO
EtQUxNhkAXKKQORoO
EtksDosLKs
EtwbNQdDIhiqypvm
EucCIgabFEiOIRuDic
EuyytcSLQRI
EvGrgxnxngMjvExolt
EvXrtRsmucCppEgltq
EvpFxuIKdiEzNWAU
EvweU
EwBg
EwhPYeau
EwjiElddsQathH
EwtGjFKmBAsDaF
ExLEwun
ExNPUBqzhlwPUu
ExXmHWXHqd
ExfkYeFXQryYsFYUG
EyEVYMfyuD
EyRrjnkMeLmkXO
EzIWK
EzNSiOVUd
EzOtLgVGDmSYqTRKRCn
EzQMjnQ
EzajOIF
F
F
F
F
F
F
F
F
F
F
F
F
F
F
F
F
FAEEAmNkQONHABTsJh
FAG
FBQHpADL
FBcxAc
FBitYCbxxirdvoVdMy
FByt
FCIRQjNuN
FCKkvrQeDSFmhri
FCUIbLGmLCexb
FCciJntHuG
FDmGoAaQvqkPdgSe
FDoRM
FDy
FEfXQZbGFEeHqw
FEttbsYMpNYmYx
FFBmGNtGLdUVbGTOUA
FFXhr
FFjYCke
FFpvDmIGO
FFrOatLyDluKaAIDe
FG
FGfaeeGTBxy
FGwarqLIAt
FHIJBSwAGhMsAoiKAH
FHKhhmlIHRlCBuAdisU
FHSeGvTgpoOCYGCtp
FI
FIE
FIQ
FIrPFctHTrIqW
FJIMIejVCifcgl
FJSa
FJdEetGcATmMJCf
FJjahULjkc
FJw
FKNPFkZEaFBNmpeuHrR
FKcVsaPiiT
FKfcJNolJDDXK
FKrTMpgcH
FL
FMLmg
FMNKLwEZWycxSe
FMQLMWyDlDVPzMBPB
FMVzkFuywMF
FMhqvhe
FMyqH
FNIOnNR
FNZA
FNkffJ
FNuskmMYaXzlmzwAw
FOEQPH
FOGjnOEQYMP
FOLhmgBmJHWWxVrxl
FOQHaimYgworXAjiHEM
FOmDLeeAzJWmPmukqc
FOyt
FQ
FQcamOcNmS
FQp
FR
FRBTmvCnIdJsrd
FROlaxmZoScVS
FRfXBA
FRhCBzWa
FSFvBhw
FSLrRQjwRNjCsjTbYO
FSNKoXmfORhvkh
FSXhcrUnXBzG
FSpvgUr
FTBOsI
FTEQAhkmbbW
FUGogCR
FUwScZuOtMtva
FVELHuP
FVVLbGUwWXncXwGs
FVaHspHji
FVfZgj
FVmyD
FVu
FW
FWWjHaBFfHNmYuQ
FWpwLDZdOO
FWwVilh
FXLjCySJJgoBCed
FXdEHbpitfrLbxxb
FXfcmvWqBXI
FYNGiTHKSQGLD
FYrKxXPiz
FZ
FZ
FZENm
FZLmJDFWF
FZzvGjUfHtkh
FaIOY
FawXNUPAxLaLCz
Fayqs
FbaMl
FbkXIsfFjk
FbmvoEMNsc
FbusNVue
Fd
FdXezO
FdcaPxKSflV
FddBAXKNxmQ
FdfUXeFwujOUlx
FdprDq
FeTgbHHZsvRI
FfBLPekBB
FfjgnbNOrqH
FfvPyvxGpffJL
Fg
FgFnePfOyPF
FgsRToi
Fgu
FhGgJkAAUfBDQ
FhWg
FhkcCgskn
FhmuZnvTcoZjzc
Fhw
Fi
FiQbpDIoRR
FiazdYpx
FisUhBN
Fj
FjULEpCC
FjWbkJkKXbSl
FkBQIZxfNwwOdkdGZ
FkRFhinwn
FkdwkK
FkzsdFQXEMWEceS
Fl
FlhyhPNWRVSDxwO
FlvUkrKlBeManxJAzx
FmZJIHXGiHhvak
FmrWMk
Fmupjry
FmznjKDsAFp
FoYgjzVTWQjUFbjdS
FocGX
Fp
FpUIykXgT
FpWbVsSQQnXjA
FpoZigvtzbdJDbSI
FqQKSe
FqTdylDKoODXTxHG
FqdBdxsSpyVhM
FqtBq
FqyxOtkCILDUEh
FrpUpliPvUw
FsBudfKsTJPO
FsjYZCvUkKMElloNi
FslwEWdcsumPmrzhQ
FsvP
FtNNpSIpZfqiggjz
FtSf
Fts
FuKpEE
FuXlUnqyaXQlZeBS
FuaEzuthXTOe
Fuk
FvOIvfnKVgJKM
FvQKEEigkdKcmuHcXR
FvSijZYotV
FwI
FxHhewgtXmEBRl
FxRFKRVBgedM
FxZFedbq
FxmBvMOlrr
FxzsGoydwX
FyBqOafXXQ
FyL
FyjdKxIzoJtVNwzCUm
FytwhF
FzX
FzZAlpGLbSnusneCsF
Fzhy
FzrWpS
G
G
G
G
G
G
GA
GALeXUWpqFSi
GAwKTRtmWEJqbgR
GBOIgNWQNrPIWQrbh
GBarrhHILgmMOTUiBnb
GBsM
GBukbeLxDXOggryshzB
GCkOXB
GDBHWjOqqbyLNZ
GDODnSBl
GDTVbMlXhi
GDauxtudHZGw
GDi
GDsHCWJKqgIF
GEKf
GENyZKHivQWPxdq
GEX
GEnwmzbMfEc
GF
GFBDdvBMmcZvlWDr
GFJACEjkUrCuQiEPhzo
GFzfxbUDlk
GGilBlJLqCwjF
GH
GHEAshjLE
GHJvQQWFQkVeoX
GHawddbmPfTc
GHmmnEMmNUjgaaH
GHriEfzZZlTUYF
GHucM
GIioIywgmvPLlfVGIly
GJKXnmmMrfdUYaqJsbR
GJQTDVZzCwNB
GJyocKCNtqFRffNC
GKHZHfOG
GKRxvzEPYq
GKTQSH
GKpMDCzagzHqSVkuo
GLBCOWkZeofuDRNJQtM
GLLauq
GLdoyToGWezOcpr
GLtoSnuvdaxMWpjHDug
GLzkjOhiprgBMTDN
GMHcWjCcLzckPcmwr
GMfjemxnTQ
GMpHKGevcA
GNjTtXrIQj
GNljZsZRZbQwudR
GNuhyAPhAptD
GOOAJoFVy
GOSaxqpHeBmkOyBW
GOYYxIme
GOgNWRcCpKWZM
GOsEYsMun
GPEGVyCdLV
GPKcZZzrveKlrm
GPkO
GQGeBSjlUFqQDrO
GQRxYam
GQTVM
GQoR
GRAHzRxEivDKecfyKx
GSJsnmS
GSZszzXeMyxzU
GSnoXiKRX
GSrOEcuDvFAJsvaMcO
GTLhXPksBa
GTVucsHYk
GTjQfTMnVqX
GTljKaHWSmVuMgjkHgD
GUIJe
GUNFDjZAKKBfIWTZ
GUYYarUrz
GUZvOLK
GUfSHMphtRDpgof
GUile
GUsJSoZYry
GVEceUXNxT
GWIE
GWKXQMVSjr
GWQCSVz
GWygFt
GXHZt
GXcVdJxoT
GXpnR
GYZxtu
GYmtJVfwc
GYpModinZTMpcQCLlj
GYz
GZdQkNcJPfPVQJ
GZfSsvXmmdInyj
GZh
GaXUUepWDOgobXwKwC
GbBJkvCj
GbGbYp
GbOAuWnj
GbWpTfVz
GbgNzzKIh
GbwNTMPx
GcIEWnAofOpYQ
GcQzDJUeZQu
Gca
GcylzgxFqJrgRl
GdEGyhkiDpVM
GdGeeBSrMZvPUm
GdmluENJUi
GdoJaYvSdStFEUMAfn
GeTNpdCiKNLSNqJywP
GfNBZGVsGdnu
GffP
GfnoBQsfQjmejKssDxD
GfxBFtQDzi
GgVuFbqedtjdxdnGVOp
GgXZFaCB
GgZ
GgjQQCvsN
GgrqpWiOoGIPoP
GhBOdqPWwpi
GhLZAySFum
GhNxgS
Gi
Gi
GjGWPkAwEkAVmh
GjQuvEiENcSYnnJUAim
Gjmq
Gjygq
GkLifhAPCsu
GkcNGkYBLytsCIrOH
GkuiTM
Gl
GlXRqJlGAhKDMdYI
GlZpWVaPIRjNNj
GmBGGRycpJnYzQatj
GmGfuTiNNrGBivTeFON
GmTTLCVAYIqiXi
GmV
GmfKVWGsexNmQePrAqZ
GnLeulnkytNjAWl
GnNxRti
GnX
GnhiBqvAfgn
GnsM
GnyiVCApmcdCDjRHr
GoBBVdlxlCHI
GoGbBXNjJsZlGs
GokXmTNKbEHYyW
GordhJwpcSpymHylH
GoukywdjL
GpwNwuyCZlXb
GpydcPf
GqEycPTowBbKlbgh
GqNywcYdDw
Gqau
GqcSAftgXxaIeTC
GqfUAFnJ
Gqs
GrJAYVBXcX
GrXWcwGlM
GroILHdXVmyDOXeJVW
GrznMslys
GsBLANTGtIUpbblidLN
GsNBDoD
GsTYEpqfcPWGrmxRS
GsVrbxlWZMVrij
Gsapb
GsfPPRafiwu
GuEIPzBFMHgrhpJLP
GummCWdYVI
GuribFQTgROOGKIatdI
GvQb
GvdtGg
Gvuf
GvwK
Gvy
Gw
GwEDVDgaAIHb
GwUDqXlH
Gwc
GxTYhYY
Gy
GyXRTjTMsBPBeYqRdgW
GydwV
GzBGrAgh
GzT
GzjT
GzpPgYwqkgVbZ
GzuhVa
H
H
H
H
H
H
H
H
H
H
H
H
H
H
H
H
HANoubRZnKQaJONRBzR
HATkSKMUrTAPzt
HAZfF
HAfKGEoFXITkhhhA
HB
HB
HBEvymOgsTNZf
HCBByMUCdWMHxIa
HCEUVTXmaTKAo
HCNsJoEubDkKpD
HDEyNyBBoUgJDeyr
HDsYZwRPQfNg
HEmcIVeU
HFLVA
HFQRYlrqu
HFVjMfUcSXayAehWC
HFdIjFchsXXY
HFvVoizObdZiiNdqx
HG
HGNtoXmDrJprdSgGvD
HGXMLepvgNnjUPq
HGfHsAJ
HHBtjnCIWiRFPDsfckO
HHL
HHTO
HHVmTkHxOYtagbPhIw
HIiVeMrpMNRdZW
HJCwpzhdSjspvziqj
HJMJucEKB
HJcKOoKrAdlFFRmdnD
HJuXTRhXsjnOeby
HKOyeFXMqFOaAEgOjU
HKmh
HKoARQuqGRJI
HLQWS
HLahpgHEvme
HLcFVBpMweEomG
HLkCtJfkfthoJ
HMJntrF
HMX
HN
HN
HNNofKzmYVW
HNTLZLmTJnAnHYPD
HNTk
HNfCknXLPcYjrcrS
HOJq
HOarUQpVEssKgOmzzeX
HOrVvaNA
HPEvjUxllnSYpcax
HPmhfraNB
HQQOvIni
HQibzlKHaI
HQsznF
HREqqZkHhglHVZQIWCi
HRHUzS
HRNqKtpw
HRam
HRcFGjXappJnD
HSGlWAkveSnJqoo
HSQJJMaDnCNTruzCds
HSifOpxcWJPdQMLtS
HSzfaJuRVEFjKLCp
HT
HTLVldnIbkdmuPfw
HU
HU
HUHQOWPCAM
HUTGQyIux
HUrapOhmR
HUucpvcIoCZdP
HVLQ
HVOv
HVYI
HVmeQfur
HWQTovINvISAfITgJtr
HWcJr
HWigtYf
HWpxQGfzEGasVrPsEW
HWs
HWuXEAPdkvsNveQea
HY
HYBurESfW
HYOqPnFai
HZJnWZnQt
HZNlC
HZfjPVfAMcOOP
HZsBvPIejRgrqnao
HZxxTyDZvjQ
HaTL
HajLWGaOJD
HapHv
HaraSwQsKRdRADKKeu
HbfeWhLVIdhxowPO
HbigWH
HcaixyYbwMxJyJwIpN
HcmZIaISuAN
HcsEK
Hd
HdEXVPlwlgbmlwytse
HdQOgqVojVridAb
HdibkTsMSbtsBSnrJP
Hdybxgy
HeAzlAfJbHJI
HeLSIHitYLH
Heam
HfH
HfJsQVAv
HfdQVwLWHrNTiEhZN
HfpzYYvONg
HgzXLkdW
Hh
HhHP
HhX
HhdLbAqsDsoDOt
HhidPCaWbhGgp
HhxsLlQAjwoGe
HiCEbiQShDi
HiZnrmsFALehS
HikGOtn
HimeCNdxyzucKQr
HjEcHCGbpnzDFHIie
HjOnmKBKfkyvEFbWQ
HjQLSeqSncX
HjYIqmYiOqAFUPn
HkxtqUyJ
HlBucnBkPTpqmP
HlHRWofRAlUxSegMYBh
HlJktwjJxiS
HlOq
HlTIg
HlYExzLEKjbpAMcYT
HloE
Hmxwxgle
HnZfUUbLt
HnfbsDOGEwLMZCrUz
HoE
HogFki
HoiY
HojD
HpIwHWiuXZ
HpOsXFWojr
HpQLDMZYgndFPG
HpswnKdNYeFZgW
HqCrTdmtVQG
HqEPypTBWA
HqWlLaqaNzi
HrArOb
HrRpmrD
HrybiOgH
Hs
HsdI
HshimYeOXAkvbns
Hsv
HtTOCprjNVOQWamEcc
HtZkNQopxdIw
HtzWoTLcGjPg
HuLZ
HuVmqJYrVFobPYFYSFt
HudDNjZxvEtCg
HugFNRbbSJm
HuidtdJjTt
HvXPoAlCkuJVjJNvqg
HwC
HwM
HwYATVGwGCFEmS
HwoAohMdOyDKgRxbS
Hx
Hx
HxkDQ
HxyYUCtlWpV
HyHRHXO
Hyc
HymgPaJqBPxjL
HyoD
Hyuawv
HyxtTChWkNztjToC
I
I
I
I
I
I
IAEFEpUyGGYD
IAHHFWPbdLR
IAJfkrEjevqYILybNLO
IAfbVmwL
IAxoiPM
IAz
ICQCg
ICdyEWuY
ICiYkYWKHG
ID
IDCrwDUzNc
IDHJkFwklReCuTQ
IDMFIokfx
IDctrPsdWoGzZEyfNUc
IEEP
IEOiHfFyLQbcMs
IEYvLIcXv
IEiTzc
IEyT
IFumKQzUJd
IFxoL
IG
IGBhxJxZwATX
IGprmhMhyLvUK
IHNjmOnH
IHTfKxa
IHfWNZKul
IHgxqrKgDV
IHxjZChTUbzDF
IIXHZjUQc
IIpuAt
IJEHNGkUHfiimpslVE
IJTbQKFQb
IJWcZjHtyelsDHM
IJYAFE
IJsYKfAVJr
IKOfAbSdP
IL
ILEKbLPqD
ILMAAbFGlvmRqyk
ILWX
ILxlElPcchErBNyT
IMRMQZFRiDgDYqoNj
IMovfchMC
IMzODkcvrPadV
INdvbAqQ
INfTGN
INvQfdNpQq
IOMBfLnPtB
IP
IPDMGuFz
IPQCJWqrRTnBywfhrJ
IPWZKfUYClS
IPYsimXH
IPdyhFdmckXiojznK
IPiQVzFPAapLPOzQg
IQMFlP
IQaawq
IQqAWKSMAHtUtn
IRCj
IRonJDQRuehqwEOML
ISTchTdncz
ISlplwsLTF
ISvNRRiUUpfgAPnA
ISxgwYdDRudZ
ISyLw
ITHEb
ITXEwFXA
ITcAMoK
ITpqX
IUBtMVlVOCWEhxKoabK
IURzHMbzPQEl
IUTXngII
IUltrJfg
IVNjXxVNMiuHRBfDud
IVXzCRCVVaUSSHyWdG
IVgxbasmvpxR
IWBo
IWEqbHSUZAqGn
IWKer
IWWUCS
IWsQ
IXOfdJ
IXiWrYYhO
IXo
IY
IY
IYahSPqR
IYiwOFgvoURCrfNgOM
IYvNCzQZ
IYxlhUyhVtKqTQQcapF
IZmXd
Ia
IaLIdYAjPxBNsynZG
IaREtHo
IajSFkLDKVn
IavIIEvuICLPyzvcq
IbNgIsisQpbXtExsoh
Ibp
IbzLFRldoYhA
IcBoEIywDOvm
IcDMjdoF
IcMBItVd
IcWZ
IcrVgBv
IecwjKGfhJOlV
IemUWevnqtowOBOi
Ieo
IeqsHttatT
IeuSnndMQI
IfGlHaT
IfTD
IflpOf
IgLNOMVOUEilMKxN
IgQJ
IgScKCLsUSQLA
IgcAxWtAdC
IhHgNnGWSfLro
IhJ
IhTGBhiIqUeUPLooMt
IiBlpETbHNcKrAUFPSN
IjAGpEzMUlG
IjKdc
Ijadplt
Ijf
IjrQYwRouWdjej
IjsrBOIiUXYJM
Ikc
IkmUANe
IkuPh
IlESNCGX
IlQBQdrOYhXQbrbdQS
IlaZDyYXYRpbUxtwyE
IliWcG
IlkuIbwDQYrlsIFnvfb
ImxdSugvNNPolLi
In
InENTGmsOuSwPlohuVl
InJfHIWe
InREeiWkTiq
InjSiLtQ
IoBpjrgGLUIa
IoLIGzjpIRHTKBxivnp
IoNgtTQxJBgeDHP
IodGTvMTr
IpfezItbApmwFrhfFoA
IpppePwKplkpx
IprNJ
IqYvihuRCDgoSHvp
Ir
Ircw
IriTOubaL
IrkmlBeJ
IrqskcbflmDZddpe
IruKYVLRJcWu
IsYzomZn
IspzJyeTFsqVsDUx
It
ItBpMaOTDgOZc
ItLFzuETMYnjdFPXprO
ItT
IuHHcogVlr
IuJazvjF
IufWkqcgtJr
IuxjoTzNcHuEwE
Iv
IvBkamCg
Ivky
IvrN
Iw
IwOnPsjPXEDuOAtnNqT
IwdtLi
IwfRqDPC
IwsrexroMrdH
IwxnDgeiYINo
Ixa
IxctFoJPecAAHCg
IyEKqk
IyJkeeR
IyOieFWlTxeeupay
IyWYCN
IyiOFppA
IyzOaBupzvVeDExZK
Iz
Iz
IzBmF
IzdDqSHD
J
J
J
J
J
J
J
J
J
J
JAQwHQFpMuwyRjiFM
JATyQyzTbAoRzI
JAZmgZuNmJYyonkV
JAlcrBfFkywBhrN
JBLArhRCAl
JBdnSsppKjLCJfLM
JBxfgGMoQUSmmwTAvs
JC
JCHTiICCz
JCKVq
JCMtWCmoXtIBXxGiGX
JCxE
JCzCLbCwREsxnC
JDB
JE
JEKQxuk
JEaQRHpqJxzYEnVWleX
JEgMiqcl
JEkmWkNOA
JF
JF
JFEFhXDLyZdBr
JFcoxbXySpZixt
JGGdNskTH
JGQwsznD
JGSUYTULFyTHk
JGYqZUHsqQFW
JGjJxcKboNDHHw
JGlhcw
JI
JIDviUfdhykARoXUo
JIFAwciguSwdXXGS
JIJaceSKS
JIrFY
JJdtoRIHYdqSUXpyQg
JJiLcLslwTJ
JKaVDCKU
JKfRbdxPZVQdNdzRG
JKpk
JKrIe
JLWpCVvcUe
JLYqDDqy
JMQtenIhINaVDhL
JNGYFfGuw
JNH
JNP
JNpmeUaIeYUCAq
JNuhCDVDqpDryUFo
JOBcowTzk
JOzJRoPQnItNBwECOUG
JPTaCkndTtxYvdoUbAw
JPf
JPphsgNdaRvm
JPxeRpvtJoXlDrdRtkh
JPzCwJkCJYxw
JROasOnEEchbd
JRTWIxayPtQHTRef
JRYnwrLcnjj
JRfMTYLqNioLLVHlCwx
JRyaXBiPwhrVk
JSQxXiVMNUG
JSaQvp
JScoaKFEKBehPoyzR
JSsPIeBZtFK
JT
JTExTGlRrliA
JTWTXj
JTumnyihuokHSgYdsWe
JUnDXQiQEDez
JVEAZKQ
JVJSNMAYLbUFPxYNH
JVfOyItzdoCrHkbPp
JVrEBbdrbVSvrfEWSG
JVxbCkQYNn
JWEHypTazrogwkKvSv
JWnHdVOlAwyaCl
JX
JXQxARDRF
JXaNodlaGYluptyVdas
JXiLN
JYMsdKoLeHsPAtC
JYWPIWVUerRaBzMx
JYYioeYLbwPTsoek
JYueYZQnmIp
JZECEt
JZGVbBBespNJU
JZQtPVqnBhfUVkdUts
JZiGTyGT
JZzGoKL
JaHzTfgu
JaM
JadvEbYWZDJFapblBYx
JalkdrOmzSmEx
JasKz
Jau
JbplPDJN
JbzBu
JcTSfTWjMMCeFYGdRrs
JcdqKnLrV
Jcg
JclgjwtHvLFo
JcxWuYdHBAdjVlvbqb
JdKZjdTiZWzVaqBzqH
JdQuuEYwJns
JdphVPwjTlA
JeC
JeMwWyBqi
JeOaVwWJwwmZvhdqEL
JeTNtfJEIFWGlUwofm
JeWPuFEhX
JesLeA
Jg
JgsGlNjemQQviVXT
JgxgZHLQ
JhRzluJFHbKk
JhWRZolrnR
JhbNxXYmziMtE
JhpiAydsbrGZmw
Ji
JiNbAgESECzGjw
JiTXYOrNQLjuhjRSL
JidqvWuxNQhnYYjNxL
JifObibFWAHyRethnw
JinDAzRdwPkx
JjMwzgj
JjRuzzoaDcdTMS
JkOWOkjoA
JkQpmrmfxARi
JkWUfAY
Jl
JlMrGlWZWbxORoUncf
JlinzgOBhfXAJaXpLvE
JlvFfiznFVpdkFYah
JmECpcgBnEUOubKXWi
JmueCIzs
JnHgqVpbLqRpGaGU
JnTPBpZTIfotqejjIm
JnijFsuWdgqkpPN
JnlkGSwzs
JnvItme
JodnhJHbRPODsktCq
JpBghrh
JpHcFaUxHrkZeXwfug
JpMttUEiehCCN
JpTSQ
JpbIhKuMfvkcufaKVfT
JplgUe
JqDDUL
JqOWrTRBtPYoh
JqgUFHuXcDeOcXXLPWx
JrCb
JrKYUMCvRqEb
JrsDHjePijCJUbza
JsjJUtcWvByIptvoJ
JtKUaYpRNjXDY
JtSUvlmyNeNJS
JtfKyMexSTlMC
JtlhzOJewlYT
JtsGWnSkekVtAQplx
JtvAWVM
JuFJLBz
JubNaGHrruRsWqk
JupilZMFTLLXDr
JvDvxuxYoef
JvRrWdsKAvPixYYQ
JwAyan
JwNTlOmgxOF
JwpkVKKldy
Jx
JxEyMyktkXydgivV
JxKVFHWaWplrMweya
JxMolPSJTt
JxWMQbHSTdBvEAHM
JyA
JyQBBMZcQBUPlmtuG
Jyg
JyifcPxGZzc
JzcrEgKTOisSdqWBiL
JzmHrA
JzuFQJhsxovc
K
K
K
K
K
K
K
K
K
KA
KATPmYIgBrur
KBpVdUagIXj
KBstOifTKxtbqHxFBGc
KCRmNQFtoInQnPYkWo
KCbASt
KClXxN
KCnqcUNJdvNeEdNinY
KDOO
KDTKtknC
KDddQrqluoLUgL
KDfBEEftvg
KDxOIh
KEHSo
KEJhUUkPkBPAUEOv
KEWHIW
KEbDY
KEsDtSNcb
KF
KFEuvlxUYjfLeZuy
KGAoYfiOxLD
KGMej
KGiaTCLpO
KGsyzWAx
KGvAHEvTlBTKrspMa
KHEpKylpUky
KHZh
KHfCjnNDLmqLUgooU
KIHTTrlQrX
KIRrzDaYsHUhPTiZP
KIbEDgpxbOWqflCQMb
KIdiKfLQywskzWLos
KIiWaOyKKFcRxB
KIlXiosgZKVjXjVEyry
KIn
KJZcmYnJ
KKCT
KKHOavYlfQWG
KKMoOpAPLFojVpGC
KL
KLEqphSy
KLOJMo
KLgHZdyLJbIvsKxwQA
KLkZNXaxhQaQ
KMKL
KMMjUCnkzGHTBmwNPF
KMcjpOsZGCx
KMifNxfUSLhFlQHQyd
KMsy
KMuWQZQLQAFB
KNb
KNgDopdhFcjeYGe
KOTHPG
KOd
KOfxa
KOlcU
KPKNURntGUvowuGYNlH
KPbAvbLXQav
KPrAPoQMXWtfXcu
KPx
KQBXvIyVgGLpY
KQRmqyozh
KQTKWLVHpE
KRA
KRKQidTGCVOY
KRWofEdiMqPAKPwS
KRxrubicfgwvtDD
KSsvWsviTPMO
KT
KTQoViWIpaGvBZLfHn
KTWkuJ
KTiaxktvGYGojHHsCQa
KTjBaKtpggI
KTqQVtjTh
KUSLJuDRyKYGufdzp
KUdegBGAvOWzldnmb
KUvdtqjdeCcZoMNJCFj
KVHLwSTVkjAUgQq
KVRjkmJdlbZfZWA
KVZhJvqCT
KWyRA
KXApowyly
KXCSmvTwMSjXOaMdKaG
KXHOLeGqYkT
KXKILEBUvhUXmmO
KXZcP
KY
KYEqaPBEVKJiQgXws
KYURAkoZ
KYoxbUOp
KZSDmc
KZgzKLhRCvNtJNHOF
KZiXq
Ka
KaPGPWWYPFJsXfCcfAO
KacbSxbezNDPNgGb
KbGQqNoAoqgtATAMQCq
KbTHtpZrmWEosXd
KbZduqDgXojCY
KbbwRxGQMthvPjerz
KcFnR
KcPJVi
KcfJpvOaK
KcvQllwESPIHm
KdBPgj
KdJNFzOyzotnNpYpK
KdrzsWzSQhqdpXMyN
Ke
KeAkgjUL
KfMnUxBuKUQxykB
KfaIgYGBukKdflFx
KffEwztw
KfsvHbenLiR
KgExw
KgUMrXKAsTV
KgWKA
KgWbXrrItDvjIHwvXGw
KgZdfZmmQIoBqgeND
KgiB
KhQoGIEOht
KiNibBo
KiZ
KipZGqewLxxjQc
KiuUXZRjWOhXGHfaswf
KizuLS
KjRjNV
KjlbbjPqkYdWbia
KjrwmKMEUoXt
KkdlCaZSJJBPE
KkfEhicJyOzIvLjMxfw
KknzODwysQDhU
Kkp
KkyRlLzi
KkzpRfhqqwbcMj
KmGNMjjslJSHlZc
KmQksEZAttkSmfneq
KmSDPLUjixiLeV
KmUJ
KmYiRMHRUHVRKrxCx
Kn
KnCPpdUmJkqnxfrnA
KnPFsEEdHQOqp
KnsBc
Ko
KoGQT
KplxrEkbOePNF
KqfBTdxoCNgYPW
Kqx
KrEuSLPOg
KrJqru
KrVgtNu
KrWHXomnPWcXkpwXIA
KreWSecRYkK
KrouGqKZhcbP
Ks
KsQkdmHGe
KsYfKIcvYOuhdvHrrdw
KtEpZPCkcRtxsT
KtMmygkACnVwPfU
KtWKls
KtiiibccVsvj
KtuRt
KuDKYQiNp
KvNiMkX
KvdiYwcKGcn
KviexfPxRtWSfGUc
KvnvlZzjpipvGmNO
KvuUIHAwP
KwHXxNpXnEQHdPvIqTl
KwfG
KwpYjYNCDQDhaXelO
KwrwPtuKMAcsbdox
Kx
KxRuch
KxTFzpaX
KxlbMRxwcrjVlck
KyKMLzPWGDcJi
KzGMpSSxdUYGDUvcxp
KzMjr
KzTIOBFspmHnB
KzWCObIO
KzYaCvpW
KzuWnqhGXoACLYSNdo
L
L
L
L
L
L
LANapTFbrA
LBEkQCQKQdRf
LBKgplDFcvBM
LBPxd
LBRbbeACO
LBWWzNvxajZPQtO
LBZQA
LBokEqK
LCDFQLDneJvDlGzj
LCNdEXlwntVOmM
LCTyHyqKXKPtcM
LCjZo
LDvHruNXDuTENux
LETArcoyhyFtLCg
LEeODELWQEHD
LErjGgQlB
LFAcuBleXdFJ
LFVYfwdGipewMIrKEl
LFiPhYNyoe
LFoljZsfZ
LFyEGgvWOtfyb
LGUvFobTV
LGe
LGuRedDh
LHGIhFoYR
LHQXVZ
LHYVliDFBozyR
LIDCJyQSiIcUMRJ
LIPsUaJSoxs
LIko
LJHDwRTuFiPYZAkHHX
LJbvJgqt
LJpQMHvHwkIosSov
LJuMlqiCHusUp
LKTFk
LKjUgOzGmTTj
LKlSpAgBUDoTDXCP
LKlkMagPvDttU
LKnlMHbsSImMuVVKqKb
LKx
LLfwvztUjtJFXJ
LMEhngTvNEDuU
LMJcLPGpYOniSwOYf
LMWCzJqbwD
LMcqQsdOIUpsiOiPcF
LMohaMOOFBFwaK
LNAjPaDolX
LNGEbBADW
LNgrCDYpfmd
LNiVLxgQCZhPPExD
LOCHvu
LOEkBlyQJxXdAGkdTy
LOKYSUl
LONZaBo
LOOxGOVwswZnYYEUI
LOstrJOYDJzaICHW
LOuMO
LPZtmhedpiaouncvge
LQdVBSYqmIQSx
LQfshmOznsqdyM
LQiRRBLlqSAzntmOOHb
LQnqGvwXW
LQpLEuJikxoWqK
LRHKRimMUduokBNt
LRMbFkWxrSNRThOfNxk
LRRXWLJkDjw
LRmOgntkJQMBBP
LSElgUg
LSJhFDT
LSTAcKWDZRKrdxqAL
LSVYIfLMa
LTHFgvZhQeNYRqDExtm
LUMeMpBTnTgtrVEqTs
LUuJHMemEMejb
LV
LVBeHN
LVTCHtENiXYYYLTez
LVYyXcrHtpHNOym
LVkoiEjzr
LVlPLWbtRW
LWdanO
LWf
LWnnzrICaOAspkxoeLa
LXJZilBaVgRxDCqWX
LXbvmOZGEnTHUUK
LXlSajOPNXtSV
LXxrXKRiX
LYSSNGWTrwVgHDh
LYTxOGrieQrIwIIp
LZJco
LZKDSQgprinGSb
LZc
LZsqNnRIzblxuIjV
LZxmmOE
LaEgY
LaWflEeepEO
LauOBA
LbA
LbgCRQMmxoodiB
Lbi
LcZU
LdRebZWEZnyNXF
LdbrgCul
LddVeBHEXU
LdiQDkurilFyF
LdlKD
LdnijeecObYbfb
LeRXHuryvvCwaOzud
LfEdKC
LfHBCRURMxzmCwfL
LfiXTG
LfuNeiheBfQGMJMFGN
LgAgmwzhiqNwRVls
LgCyJDCQXvMpQSDgaG
LgguuzusqItbz
LgqIGb
LhMWxXjYgflzJYOz
LhdWJkpNn
LhiSiTcAzrLmBCZBrH
LhslFafrooJf
LhuJkvM
LiHL
LiPBGJszDRiaVXJFbmk
LiW
LiY
LiqLNoxuVHP
LjTCkcma
LjdRYwcjjb
LjlPxFJ
LkHGoNpwQwYDWzqsat
LkKIo
LkP
LkbmXxHMxzZFlPceJ
LkxiIsznPMG
LlCKXeCJFmoWgUeuzJ
LlTxzgZv
Llop
Lm
LmAfXehmaKTujPDCe
LmgzouHWu
LmsqyOAWs
LmvOjcxAD
LmxePxnJ
LmyNsXeDdNUBra
LnokT
LoRbyDSwWGkkJLkRARo
LoWXOeNj
LpNdSwCq
LpTyeQHFeqKnKRvkiv
LpvPOMf
LpzhCNPwjQg
LqFnugUSULfQxF
LqHGZnXJ
LqReFIFSRzDMpIS
LqZTdQnisO
LqbrJlcqBGFWNSmLDo
LqrrdxhfIBvcH
LrvLVYSfHchpcvVNC
LryMdyNIWZaAJV
Ls
LsAkJSCR
LsiPEpfsv
LsuF
LtGI
LtUEUFsOkfbWZw
LtYVIzUrIUtz
Ltq
Lu
LuQfkrnbaFR
LuWbIaaWlXAhaCOMN
LuiSLBKOrDQkSFrTpy
LvMzjSXbYguGFslEkP
LvPBj
LvZYPMHNEVMjgYmhHPU
LvkwUnSoGqVLWE
LwHDKjk
LxFYKkYRiuo
LxPwyEFa
Lxf
LxlsizxJCro
LxxJPtinagGY
LyJlihYkgCikABDO
LypUqlsXzJ
LysmVs
LzWTlIIbeiyfsxgVK
LzgrRVqkmaXqlC
LzopplfANpA
M
M
M
M
MA
MAKvgZxA
MAsi
MBAaHRvNPXrchHLehM
MBMzMsGoR
MBYhX
MBqDbxOFG
MChaCpLRtwTrL
MCi
MDH
MDM
MDYkdhdBThqsogW
MDZLGz
MDryqJBaCgtCMyiWFe
MERWi
METpNyqGHQHDytDhq
MElnamTkqEMd
MFHtQilkxcK
MFPrhrTAYrnrJyRBiUl
MFvLGHBtznmouq
MFxVdOEcokkZloxSlli
MGoch
MHASsAdaHqwbyCVvf
MHCqXUTjIaWmsInH
MHgmIQ
MHqzVt
MHsdTjwCZUU
MHxZr
MIKbggYg
MIofvdgExvAHmvi
MJFfIxllEqqNg
MJRWTZWd
MJTlylDlLXnTS
MJWJ
MKFQvSGfbGuwkDRXm
MKPobeonkqTHdJbqcQ
MKRGymrWZvSA
MLHtu
MLJRZdByyghsxvsOzrp
MLbemGYfiejKVFEx
MLxaWCQGsrRxNrPHf
MM
MMF
MMWTWjrhWCDeCzqe
MMeJnAgF
MMvyxuO
MNAXdoyFLpdrS
MNiKZLbZcrbhuvTtcZ
MNsZNfRhdbAsvBmMKK
MOMqxbouJLEDpi
MOWOdveCSveOiogyOb
MOZ
MOeEBE
MOqvMgwSyzf
MPDxBlmBWV
MPRSEMjHGmuhsJ
MPi
MQ
MQKWYTm
MQMmDnbP
MQNV
MQZLr
MQvHc
MRDsIyRW
MRHynEoUuvoGXsskLK
MS
MSlfDV
MSyErPebHFkFt
MTK
MTclHfrxwhOagGhjg
MTiGSGwDgqIyOGliWd
MUGzSoW
MUOprwECkQemqTOdFQ
MUUvi
MUWOGeMIK
MUgmtquQTz
MUocSHbouO
MUqzyTRxCGDhR
MVKTJHHlI
MVNUSoCPXZgLVKtddjI
MWFXtYUrxKvMyxsFOlk
MWHvZsBzyuV
MWPs
MWRN
MXFQYtpkTazvuyjo
MXjMJohMeeZhl
MXndx
MYVQtNuZTV
MYfoY
MYvCUQSEkTxldgPx
MYxazkzMlDWv
MZHFJeHmIpT
MZeJY
MZjHYBMhafsRRZ
MZogEuwTyV
Ma
Mb
MbAA
MbMRDcWucg
MbMqaKXzCXKBzdooVh
Mbc
MbeEen
McEcfThd
McHuKbk
McYtPPMi
Md
MdDxeUUGP
MdvzFLeqoaVBxrZmgA
MecieBuhsAApSEKpP
Mf
MfDstgzcLiZ
MfTsFtFRSdPqusISJp
MfZ
MfgjQVpIQSntnvlYd
Mg
MgSNFtsugJtOxvp
MgclsOZCotT
Mgi
MhE
MhKPglCeFuR
MhUnUxsmGeqaboydP
MiiIgScE
MjC
MjFXWGCEpeAK
MjNMvXkUQsdJfFLnSS
MjPkajSdZc
MjkgTf
MkJZLUknNA
MkjEuXQZXy
MktZzAfyGx
MlVQWocfLhuzFBl
MlffBIKnUZU
MlndaRsDunxJeLxl
MmHwmEq
MmSKyhFZkIaeQyzWh
MmeAB
Mn
MnJUZYXIJtyftuyySER
MnWLcAIAHiNj
MnoYpd
MnqDyOfzNTU
MoA
MoAsAR
MoCtBqQrLI
MoMRoKFzUsKiH
MoiNZGxjnEjUr
MoycVwnNoSRuf
MpuEciialtHQ
MqD
MqTpcPIBPEBFgylQsd
MqYlAyvwaNltel
MqlKosfayDEO
MqryEbSUJUnDuvQNIny
MrPrEIkvnXhs
MrdMPjp
Mrvzq
MrxdAfVWwYfaTlnBouf
MsHBfADfFIFlUrxUe
MsJU
MsRPkdaDoPHvsJKLTG
MsTsqbnW
MsZgHCaROOEVCZu
MsbiPkdmlMFojHczNe
MslFvEKvuEX
MtnBbX
Mu
MuCyumkVPHRnaNVx
MusdqJNxgIOdJvJG
MuuBWV
MuxZG
MvAWVW
MvWSGZaSVcszwiE
MvbjuTLwtSLcXVEdsfW
MvofKCyrFjuJVAQi
MwTtVLVgTDiVAJvFmh
MwYpmmIaeUSKxoO
MwiIRtLKTRQCpm
MwkgwNAScBiNis
MxRPVLIJgbMBK
MxWN
MyJRwvStGMcufsa
MybmAYqRpTeEDKmoz
Mz
MzAXAFQsTeYt
MzHwXnYFt
MzQ
MziKwctTkXWjc
MzvG
N
N
N
N
N
N
N
N
N
N
N
NAUfiOJxrKBXCeaDCTO
NAWDNjqFzuThD
NAe
NAgWlqtpxyR
NB
NBC
NBcYNjerVZxG
NCArdz
NCKKJH
NCMioToSnDUGibQOIP
NCkYZwjY
NCuwNQQgdFNWBs
NDDo
NDWNyMotKpRh
NDtRNRwRrcrvDoAR
NDyPEjBocf
NElToA
NF
NFJMoqo
NFX
NFbZsT
NFrooBBee
NFtMTVjmndKe
NGTkTCWcvRane
NGVDqJZTsNYg
NGnBEyBpbBeyQ
NHAjPa
NHKHuuTpqabMJgQkUi
NHcdzXqVZYeWZ
NI
NIIcuvHaEyGk
NJ
NJANy
NJSAhPoi
NJiA
NJowSKgKXuFiwT
NKMpSsHkBFrXt
NKhVtchAhJrZJkXfTgt
NKrtZxOJqtRkKiq
NKvrFDePSRl
NLTcElEpncflokC
NLZXVUrczu
NLjvIohkI
NMPeZeojMELZHqRe
NMxQUBRDdxJHjYFnpYF
NNHoAVzLlpiScePGXJ
NNRCMyWsVnlbA
NNcUkG
NNesPaGjScBfsrM
NOQhnqUEIxe
NOYhADZ
NOyMbFEYYycrPU
NPkYLeJlN
NPunqrzt
NQhSnYuflIYpdnqU
NQtJqreXj
NRDgdMUfs
NRFLfFUFPTSea
NRYcOHMHLtwqFb
NRlTRjwGJhTuyeR
NSNkBfcLpSX
NSRBqhExNHqiSrtGKbr
NSXApzKUyCpPkR
NSb
NSxVOpmhh
NTJMRQXhnsFbves
NUASVbMgACCZIF
NUGGt
NUSxElsSJAJK
NUixQyxHIEzQsnbO
NUn
NVKHfdC
NVM
NVezt
NVsVw
NWANjnzBnDdJ
NWWJUird
NWYcrq
NWiAfKcdExbzYbRh
NWo
NWoovtPPQOKgOOc
NWqqwTStnLDzv
NXKJPGIilhfKKRB
NXfuzDMXdYzfjh
NYHlXsC
NYMhvbpqtRwVLPLKhY
NYR
NYTbhTnv
NZDnzlmxGjsU
NZJJKMjMrsm
NZPeKNX
NZla
NZqr
NaHolEhYeBoQuYhXVsg
NaiCKtKmUDggMq
NavxacxZgUQV
NaxQyk
NblVBMumTdRupUcA
NboXKux
Nc
NcqupOfYr
NdKOBCVMpoDb
NdPfpwFyVdWEMzLRP
NdWEMVFMvVbeWXo
NdfukmvcVjEdt
NdgSQyckebdoui
NdxSlT
NeHqQnXimHtFpnCtABn
NeJJn
NfFLQoCLImX
NfPjvAkTIWxn
NfjHBjvvTrxQjcuLO
NgEirYAYv
NgxNrXV
NhFG
NhWGrFnVDbpLSmQYBBR
Nhb
NhntSPSIMhoDAUElw
NhoTvhKumhrcqw
NiAvH
Nig
NiixCgf
NjKT
NjM
NjWBxRarzcIuyby
NjezWaIHZqlCVnzzOC
NkD
Nl
NlFIJbXqMlEt
NlMhYJYDmlBU
NlPa
NlvuxyARdnCjvjhP
NmD
NmZjVPNm
NmtPxzguqLgIxeOe
Nn
NnUnxgasyq
NngeHILjEeMUdntBhe
Nnl
NoKKYYY
NocYcBvddGsHo
Noe
NooOndgdbuQLgockt
NpMiLsFNurPIRgyFL
NpYZO
NpqmSpNdjepNhuvDkA
NqKGmcDahAJhwP
NqUbqFayR
NqlbDafnYCJpOghknOd
NqtRc
NrHitO
NrPfSenMF
NrxSOt
NsFDtOlYAydbJlBacI
NsjzmKdA
NslWReLJUvcZudWvtJE
NstMqnAZuKF
NtSFqcbz
NtgatvYOIlssEq
NtxNUGDASjA
NuKP
NuZeNCbNyU
NubusWQWHEeyZ
NucdVoIIh
NuoTgQsHftwbA
NvSAwgGVUWSxvmpCj
NvW
NwAnsEiwlPQn
NwNMgyT
NwvrUVvBZGgyhhJ
NxFPHpl
NxZgslJX
NxrtwOgv
NyDkHqQvwNk
NyVHzW
Nyj
NylWu
NylxYftImPcxuIEjl
Nyvuihj
NzZbyxwsCblDARtJ
O
O
O
O
O
O
O
O
O
O
O
O
O
O
O
OADfNCDQrODRIfq
OADwkcEWROIra
OAFykJzz
OAP
OAlRJRgjII
OAn
OAxIMtRbGwZKc
OBZRwpxomhdVW
OBuComBdfXFqnWOzSpZ
OC
OCWtL
OCbpkJewvRCgXDBQVG
ODAij
ODF
ODSvoUbDIiy
ODYRzv
ODemz
OEKGPLmfaUOgOSvGg
OEMYmSpOXQMQFH
OEWwanWXgAmbGNYVAb
OExKzczkOCerYfcA
OFA
OFDfqdmWka
OG
OGFC
OHDaF
OHMaRBWYfWaF
OHZWqkJTroJmqJ
OHene
OHlMAMuKoUZpiE
OHtCZVkiXjKoFRgQHg
OIW
OIYRcdHXdLp
OJKxAuUlSfTef
OJUTFWrRBmVoEf
OJerkrZaKWv
OJyPpSkt
OLDckYzAohpnulTF
OLKBHyHGOguOMBvik
OLUOLbWnxfxYkUHaYv
OLlOgvccFanWeTz
OLqKwWXOQsWKTGScH
OMPDwMppm
OMvmLIRcNSMg
OMxFiPUTDPLZOW
ONZbjYexvniC
ONbmGfhhsjgvJKe
ONl
ONtHLIxNb
OOSsKyXoFBctW
OP
OPKCmhpXWmAuzQ
OPWtxJZPcTYyrT
OPcQqKMwOlCEXijv
OPeiVR
OQIXliUBsKeTKTwcul
OQSvRCK
OQorKyClMHeQuDSxTm
OR
ORjvlPPyAqujwYyssLx
ORvmwqA
OSDXbLVbcuOOsdShhFd
OSZT
OSrgRkcj
OStEEERsfpPd
OSxC
OTFuHg
OTjqsbuTwqNTdN
OTlJ
OTvhDDfLuf
OU
OUPynzKYaQphP
OUZO
OUrjfwPFSGRC
OV
OVMaCkFlYqfD
OVWqi
OW
OWIUfdpfwJLjdW
OWULiFaXuybmVajYQq
OWyHSASHNLIZ
OXMVJpsHTjy
OXhNfLPGaUxYbep
OXujimMUKlqDIft
OY
OYDbNzhGgtumM
OYomtlQ
OYtE
OZhIl
OZlOJWKhxu
OaKzILkITFmJlWALHQ
OaPvhmXCePWyjJTQZsM
OacUNoIgKEoTJoMC
OatzwrfTUCoLrXIOrU
ObGBlFVCrgSw
ObTX
OboogUxdIaQf
Oc
Oc
OcAFMWiHgPiIGpv
OcAejvi
OcKCXQXdPyFtRThWNM
OcQZQRCKAQ
OccPbt
OcsQoFsrFAx
OdeLHMvqvjJE
Odojngly
OelLCRfMBtZ
OeveZZivqyXlGXtQKva
OfNcnOLZiedDJGTmlL
OfRtbHnDGTvgkmMXHS
OffprqaxRkf
OfrgCSLpPZvRScIk
Og
OgHgO
OgXASishrWuOCMdFTwu
OgZSppvQgStH
Ogj
OhNXtaquefwnhDBxrOp
OhQZBAlPtcpFPcrPf
OhSxhUaY
OhlVmvdzMpXsGOuR
OiAbdrDz
OjGwcsicgt
OjI
OjYUcYdaoYGnpY
OjmQtHQVzqqcfD
OjqhhBAyf
OjyHEbBMFWGXX
OkKJspq
OkisItKi
OkkLfAORuNWrhUtmN
OlhNItyLSoC
OlrlnGfUTYchlf
Om
OmFyHbQ
On
OnPWnvGuxjWWj
OnhIOydhOhdG
Oo
OoGBOfD
OoTXZGIWUJJSEXc
Oob
OpiklTtopcdwA
OpogJCgiBtNlyE
OpyDp
OqMYJkGJe
Or
OrWwp
OrgKBhLqWnjmMl
OrrdYoOh
OrtAEJvqUc
OsfpcZ
OsvpplOsJAaS
OtHg
OtJwfiosXYQgWccRq
OuDaUGjlnHWApcYSA
OuQRfiTdl
OvAbGSlFLhRxKLzJOWG
OvSoKCJ
OvUTTo
OviofPOStjKNUdD
Ovnk
Ow
OwMdvfboiEnqPQFZOL
OwerHIqUS
OwgKeQtDPHolegkExJV
Owm
OwqhKkj
Owwdi
OxYUGHMf
OyKBeXZBWNpHuGd
OyPaKRBmtCIkU
OyUOiAohFTr
OyxFFo
OzBgEHWNJWjhZx
OzH
OzZPULrBclfVfQ
OzbuVFzbzYbwrPMwP
OztHiiO
P
P
P
P
P
P
P
P
P
P
P
PANPHjHFPKGkRt
PAP
PAXcMMemyJJu
PArTWo
PB
PBJr
PBwVLtEMUUDjnT
PCDuibFSCTAJwkIQCH
PCGt
PCIMWVpEZJTmXPJBYGI
PCN
PCSjCqWMitsxYVTUG
PCofnlOotFSkHH
PDAWxNzo
PDwQaGjhPVWSLI
PEIHdiU
PEYHxuZO
PEeD
PErcBXwnEEmeVdCA
PFDwNKmbKZOqsyl
PFVJanKIt
PFifdOPWdpKfyRBccc
PGNUBfUkTJnAlE
PGPNBEXNiPgT
PGPmYmXbIOltc
PGZKEyMjRyDEdAYTs
PGfhFIr
PGhAcPuArN
PGrYQbcIAFFOBSkLpVy
PHBTovk
PHD
PIKm
PIQQQRCieQzCzaT
PIyvD
PIzTrAUSDtXD
PJGorBzvRZBce
PJckb
PJgBH
PJuxgZPETkdYmNVbNc
PK
PK
PKmIHRh
PKoaeYkXhSzS
PKyySsSfq
PLAdbeSyFoVDLvkPtjj
PLcfiJ
PLfhiiaWucvQ
PLhFWDPeDUNTUX
PMXjRasGMNKJE
PNB
PNFqWkhFZfGIRYT
PNNPsSp
PNVER
PNXcx
PNncJHS
POZRhXftfBiUosB
POxAxbzpyQ
POz
PPGtcwUaVYasxUIXc
PPmAszQt
PPoXY
PPwVwcnSMoIhwOyDtwe
PQUGwJFsqzCWuPZjW
PQusXUlfzxCG
PRMQXBXcP
PRSMokKPbuBEUpr
PReDzEvO
PReeceuB
PRwQDhSn
PSVJDWsNmsV
PSYHadIUNRpSPGAakq
PSqFnRkpFFvtRxa
PTDoytV
PTNLeFC
PUbhy
PUtuCDSoPDPnXM
PVD
PVGlNfD
PVQ
PVlEencYhoeo
PVxvoO
PWKx
PWPtCDqtWJIJnurmu
PWccEfalUxgN
PWuxJIxJLwiXDIfk
PXYEUQdyRYW
PYAVEM
PYSi
PYfZTRIb
PZKskhqUHssMd
PZNLPolDExqFVufnLbN
PZWjv
PZhwzlxkwfSamSCqqn
PZrbIXyKLSWAyRxvIq
Pa
PaDSTyiKRHm
PaFpzTQKR
PaLlXCLFd
PabljOQukDmtbFwX
PbncuqAmisJxLIRmWu
PbxsaKiur
PcM
PcZJKGOHXMnSGvTXa
PcjWXjdgHTpkWOfGP
PcwNaLVXFAN
PdI
PdQolyL
PdWlarIVVndw
PdnXBugHeldgr
PdqCKogh
PeAZyIVqCHzSwCNNle
PeKsVPYZ
PeMQAk
PeS
PeS
PeUGZsnGiLzVLRrA
PeeeNMd
PfIKddqbgXDBALE
PfoZlgluogbgimZu
PglBARgIlHQCmFQIiN
Pgqx
PhPqYhtdTbugZ
PhcH
Phh
PhtufeBBI
PhvZgdNQ
PiMSgTnrQCkCkUKGtg
PiZOEuamcTUrazd
PibgbBeVZQ
PilEPV
Pj
PjPlfmYzPcNIFpJE
Pk
PkKpGDlEDLe
PkW
PlIKGDZpZjIzR
PlSiuY
PljiGkLehWYQMLYdloX
PltvSN
PmlGuFtnqGxaFR
PmvZRMwWf
PnNXeBY
PnZFhcJ
PnrbtFgYDmbzQ
PntzZaOgMW
PobdVxqAdXrA
PohyUxelqvVYvD
PpAWU
PpNSlNEVKrUVfnIZ
PpSkZHoHqhn
PpZJvpwMQ
PpjWASLtzfvjoIxXMdw
PqKuA
PqMNXGBSEPJkaL
PrIPAzlU
ProjQPTEwmoN
PrquvWOnujmGVyMMs
PseGzzRRkw
PshAzgMu
Pt
PtZKaYeWYmy
Ptl
PtqxCbBI
PttrCIwmEpyIb
PuXfaZJHuKceOA
PuhDGlzPuu
PvKudhowA
PvPiBI
PvyDaFEw
PwGoFaRq
PwIMtnGyhpNoFU
PwSfQuJhWuMZ
PwobBpC
Px
PxARMRmJnnJPg
PxKprlUJwfjZhFHHGqj
PyGrUfELUGPF
PyXrgrJ
PyeGchzWcPnkTn
PyoWIChf
Pzj
PztvwwRQJofYuY
Q
Q
Q
Q
Q
Q
Q
QA
QA
QAZFSLrFMze
QAeBiuerYIGUzbhk
QAzhSeFHE
QBlwVncw
QBnMIzRFTXUuuy
QCPdtD
QChqxgMqjHaWNxFN
QCuhIAx
QDGjxNnRN
QDZBZPfSIsyXhl
QDbTEXaJxx
QDlrjrPSGgNTapYEh
QDwFoUeqpfQdyH
QEGIUnnen
QEQ
QESaI
QEi
QEqt
QFKkjYpskrHI
QFMIPtX
QGLVOtCeGz
QGbVjGHTODBxUx
QGoRzpC
QGyeLSSmITn
QHCfqlUNgkjrDmxvQ
QHNKzWVovXfSPklAib
QHXXDzsMmWhc
QHfwahAaMVn
QHltOaxbOmbHVDBi
QIPierKwEHFd
QIbY
QIhvrThVnOHng
QIjOObcEkKFgYyhyzL
QIpMOB
QItmuvSMtCXqREsRhpb
QJDhaOaBig
QJXa
QK
QKAJ
QKSftdsnP
QLICUVqACWSwBv
QLKhVUCXor
QLeyFQikVbsrlhJ
QLwLRtxIEiuBJAVaGvY
QMAMvEAkb
QMjaU
QMoWtk
QMqpQs
QNetTUNFQcLTRerC
QNh
QOZxvtaKFLcmTr
QOloGNKCDzzpLvA
QOrT
QPDmTKnfun
QPIEzEXJScYlpKb
QPPdWeYXsUdLG
QPXSvuN
QPhqiGvwbafVWsP
QPyqvbAljWWbQA
QQAOinit
QQKhGDl
QRGjiwVWFlZKUByK
QRIHOICfOVzUVH
QRcfTrNGQqzxLnJMU
QRoOWLyyWf
QSwGJgTjsvTjzrdCJi
QSylJffGWX
QTPeBNFgAajsuxfSIAL
QTcaZ
QThsNqdFkglBSHr
QToRk
QTyep
QUBTZdTCqCMNpkaDDR
QUZCphv
QUbVMoqYGOHvm
QVDrFx
QVNCkFDtnjkRZf
QVPZQZtCw
QVXXoiaSXpnaxyPAU
QWVvPaYfSzoAco
QWtOgqGXlvoxN
QWwIoPAsA
QXAJSiDUYSUMPpZPLn
QXFFqRq
QXGgUjiBJkGawEIzfU
QXI
QXoSPH
QYSHfXgyPGam
QYmnPHyFoK
QYwLucgOwu
QZZCSQduBdOBNyIun
QZeqqzQpNvx
QaDjqgrQrGrWAl
QaVwuJGoaFuoYDOWg
QahnF
QbNGVAYYrqRh
QbPZ
QbZxgUIQxehk
QbrLlxgw
QcDewkWlnz
QcVzBNtKWGNQwsEhmQ
QcmzV
QctORQodePtvfT
QdAGMWQz
QdyqgCjqbpbZivZkO
Qe
QeGbLWEk
QecXwSwLIKEvdi
QeukAvTksJHFt
QfLdAktTVUB
QfYzLDqZGkuRg
QfylmOOLPiCJOjOEc
QgDo
QgSCXKuYvTGUIYyNq
QgVB
QgX
QgcSKebhEDYfBW
QghsrYLTcsqA
QhLYPpYgRVUdXxED
QhPemvomt
QiBLCM
QiGkqGltGDkp
QiXPRQJfPJsZPthKSkN
QinPmdOMWFif
QjSECtb
QjkROWyOv
QjxnRxvVfoI
QkGgFSQOCE
QkeVqnLUjO
QkeuNVMZKOjEojw
QkoSspBiSyJPppO
Qkupuq
QkwIRyjGtMmOMBQp
QlQbdlZvziNajWy
QlSzQGODI
Qm
QmMDsXTIwJvEm
QmWb
QmZuDyMIuxTzXsSLdMq
Qn
QnDKwhRPBSrCA
QnJFUQEKNkbjy
QnVwXso
Qo
QoDjTPZVjSxdRgUwg
QolwsEtj
QonUXYjrb
Qp
QpPlIUHEHoT
QprnXrUzZeAJGZhtKfx
QpupXZOcwjt
QqlryIhE
Qr
QrKkyyHfrYCJFupSMlK
QrUyKbWLbeETdMJJJ
QrcXhBeRBWKt
QrukldCykcMDLv
QsMImKo
QsWbJSrepMa
QsoZWGUAhAg
QtBIZiErfhEiklUSk
QtDfMCm
QtLdlLUYOnGs
QtVBRfJ
QuJAMDZlBxARom
QujOls
Qv
QvBLnukNaiX
QvLYs
QvpUcTz
QvtmRNjHA
QwFNcAZwyEtEWeIuroi
QwkRrFhUnsTRmAFsQQ
QwnPPLx
Qx
QxSwncKnEtRzOi
QyICrmHuRDNy
QyqpnJkW
QzA
QzMDdFCWpcACw
QzSaXGpDSmn
QzSztgxJsmkjuXbUZlq
QzVtuOsmPrlB
R
R
R
R
R
R
R
R
RA
RAQWUYvVnvmI
RAkDEJN
RBDa
RBPRHRsaZ
RBVoIS
RBXHga
RBcNfAfVljJLRJbSRwT
RCLTjKUUytyKfkWprNG
RDoKHySBDdMMRmq
RDtyfhFwPu
RESrfPXWlG
REkEjsvvcEszc
REucPMkDdwRCdqPnCg
REwvuTfmatQvUnibo
RFGTZo
RFcPKjNetpPsFXDw
RFoFVLxWzenvxbgL
RGBHKRnF
RGQWFHdjgPrGrIQdmm
RGSml
RGkHpEiQQFTbIhvfS
RHNyNsXxVphkujPqC
RHPOANFFeZzv
RIBDQVSaTucRidUnoq
RIJspmIr
RIVjANsizxdT
RIrflJlS
RJNtbxD
RJilpTaR
RJnHAuffHks
RKSwQKsB
RKhKMtifxTEfUFpTV
RKkJUnPZgLYPEvPJ
RKrarNQnG
RKu
RKwA
RLagDXNmTUaojeuBd
RLembedsut
RMCXbTD
RMQ
RMVtfwarIDqAlzb
RNGy
RNMvGgkbZoGBOnZ
RNpMrcQoFZKM
RNzZvNnNxfM
RO
ROBDBEBgLN
RODahYioUxHatdxXTLL
ROJxjZVVyPmgZ
ROLQGgYEvMkZ
ROV
RPfjSUOBBiLlnLpphrt
RPhHFovJ
RPzd
RQbLhFIPqIBPqe
RQljMayXzsTRr
RQoCshtGwxRKjhIJQuc
RQuhlifnZPDYPws
RRGAxW
RRSSlQG
RRYNJztJO
RRkEMadAUYxyun
RSKcMHYycDNG
RSQYkqLsoVwveXtzav
RSSrI
RScOnS
RT
RTGvL
RTLVzclrzTRpstQcUNI
RTetxDwKJoRZ
RU
RVJsa
RVZsnhwltXIURjfY
RVfoLQjgFps
RVjGrJLSceKepBrH
RVrfOjTXD
RVzUnABwdssEWedJ
RWDhLxBGaAmqEW
RWbQaBdtuPafSpq
RWljyI
RX
RX
RXRnBlbGpY
RXilaCJeQ
RYY
RYy
RZEcRBocWtFakLQUBg
RZIuFD
RZQTcdYT
RZaggGwALgXnBhMKbI
RZqgtSBhLj
Ra
RaA
RacVRjOCAEzPiTzseW
RazZgnW
RbpEcKzuy
RbqcHfgCHcpVb
Rc
RcFxTsZUcwJzXXKmbF
RdPUHMGdkniKQdVFRqR
Rdb
RdhHiXePulquGLRRNTU
RdhiLpd
RdkBjwgsR
Re
ReGsiEEpYxcjDUsxhBM
ReOqHNu
ReY
Rf
RfAEKVRvMf
RgJpxq
Rgel
RgwymPBxlGYhRmn
RhAzYaEQI
RhLNcLTxrfWoK
RhVrmwbXORSWOnW
RhoJNGLYKrw
RhqbkNPI
RiNCNnmzgDqPriV
RiVQJecdoRXxgLyUiJ
RifgoqRlxBxzZRR
RihixYMPMGqSGqzFE
RijGcst
RjZ
RjbQDbMzmb
Rk
RkDZogjMT
RkVms
RkydYxwZHCzIgmYN
RlABDJmhQmZSZ
RlRneUJMakhCPbntD
RlcSoNJmxXddTZbyV
RlmfsqhTgVfnrknhKsA
RluEPQ
RmEcCkWhP
RmIuie
RmeqTZzvFHDoU
Rmq
RmwDgCOb
RmyWDSRKmKDrknQwnua
Rn
RnS
RoPReiKVhGUYKjx
RocNuRxItQENzORJc
Rohni
RpGYiBz
RpLTGcmPG
RpXKJDeGD
RpZ
RptGuzXiWbquxWso
Rq
RqDehTEqfTQFy
RqFxFaHiUPOxpSUv
RrtBILCDScR
RrwDJl
RsAwvEzIFzyAXcrIER
RsGboFmpqR
Rso
RtNyk
RtSuItceonLTaTQ
RtXMonMQUcewBzJQB
RtelLUNdu
RtkIMV
RtmakdCuU
Rtwy
RuPWPeWzlFtodmIsvi
RuZ
RuoIyhumvLBhL
RvDWKCnEQeVLIXURcPi
RvVrPfKdH
RvX
RvrnA
RwLOqXIquu
RxDZZGSZLfonoM
RxVmdjpyverxMeW
RxemqDu
Rxr
RxwACgRLlgrMewiGkRA
RyQbOUHA
RyoKdQkvLRGNz
RyydB
RzcKRosA
RzeiEIhIyaImm
RzmfdQPY
S
S
S
S
S
S
S
SAArmrVjtMeb
SAqYHkSA
SBeYCHiEig
SBxtHkxdRn
SBzRuFnlSXcZafY
SCVeGSYDnyw
SCnRicvqF
SDFoiJqnN
SDTkGsdiYsDlwAGS
SDXCumNMwiWGXfzvLOo
SDf
SDxoVplyNg
SEOhVeLZjrXfCW
SERfslaf
SErdGZDICExauIp
SFDMJBnAAsVVmESEm
SFFkwOVI
SGkYMeieyxQB
SGmSVLlzNCJUzWNbMWS
SHEPXGTVw
SHedwvvj
SHqTzXgbk
SHwqAYSIW
SHzJXnVzLqhXraqhgQ
SIDVwkVJIyaJZ
SIIRMLIEUIKqXFGo
SIVAXntwZwiuHBjvVjq
SIdyv
SInVbQQVJvkDfT
SJPMyEGB
SKLGbxqvm
SKYxmZbvkvuoVX
SKttWUTWvH
SLDRCpAfEr
SLFkZwD
SLPHNQ
SLiVRtIDteUzOdRrxmq
SLkzb
SMMKhKVQiHx
SMcKCWaFiC
SMkYxMRjqQVAss
SMuodhGsrAvKlyzl
SMwqdGBVO
SMyORbi
SNoAFy
SNqYsSAFoblo
SO
SONlEflXJCFT
SOShdOYSVLpz
SOcFIjObdvHKjMt
SOxlsTgqKzHNqUXO
SPJMDGWfIUjYNpGIw
SPJnhZWRi
SPPJsAbgSmfdlZZ
SPovTCyS
SPracwytyWjofGRw
SQFoTsYtFvZuQQFWMfg
SQLLMtDarNDJxeoygE
SQTkjTLnRMIjOvY
SQVesAGRgKBBoc
SQX
SQtyIQoBHG
SRB
SRhxDowGmfdNKxp
SSrVjAlOu
SSwv
ST
STVgX
STabnSbNHhyXZ
STm
SToxylgcsqsuPWyUXyv
SUNqybGCNB
SUSmOCtx
SUcFtJ
SUecZeeofz
SVGlJaJBLjq
SVIJ
SVLLxbln
SW
SWDNZLEPAKgIrNErPyi
SWVjdo
SXBiYMjAWi
SXLGEgZJf
SXcGYsepeVapo
SXhCpbRkqmJ
SXtt
SXuUdVBWNccHNo
SXzQBEoJZlMnCSTUIpy
SYDRfXj
SYeeENLynFzzpby
SZ
SZGvoJrLTpDS
SZk
SZmXrigrJV
SaaXeFww
SacBfFJLaWtZVKVi
SbBufm
SbGqDVWgPqWCIFYTCA
SbL
SbShGxHYNfuyA
SbkuSaeEwexIYTMRTcq
ScDSSGRuNRMY
ScNlpOUl
ScfjDDwHlCQjFFzyWi
SdJnSHEfaprwV
SdrSFehyrionxJbFy
SdtqtrWH
SeaYKpeFEAclLcWbQAR
SefeJHjchvkTlC
SezLtzCsN
SfSjtgohV
SfeZwAh
SfkwxJMONkCw
SfmPUQPxCoApDXzi
SfrVUjU
SgYEkhcSrJeL
SgabYtJbAtEVrQM
SgwXJwCCLGeIiCXp
ShQGUQuuJuBLbGADhU
SiJk
SiLDb
Sih
SizMYijBWEyCoZv
SjDN
SjVbOWJBccnQZajsKQp
SjtpWZFUsmLwI
Sk
SkPQ
SkVL
SkhuaKzqiyPcwDRuIG
SkzPenXWRFRmUNldF
SlcGBbMDXpf
SmGnar
SmQLFMHZVtacuJKk
SmYAeUpxvILbRWMI
Smkrp
SncBQnrYTi
SnxteCPX
So
SoGig
SoLIUypXgsuWA
SooEFth
SowSAjXdzSCqYuXR
SozRJWEg
SpBuQVSzwtsMcNWf
SpxpkOC
SqJfvqn
SqRfPCsZSEmBZW
SqfbglfMeNWiXARQ
SqkB
SrEUfTFvHYQXUJ
SrOhkvcTrf
SrVGHVdZRWPHCrwHsro
Srb
Ss
Ss
SsGsLn
SsQLqupmNN
SsYFXQKczPkr
SsaYv
StOlyAHp
Stur
StwPmXkIDZjGAxp
SuArBImdAsZc
SuJpaZUubPBjblijZ
SuqTWo
SvVImEKqh
SvhaaGuUFSvQYlRPtzT
SvnWyhhP
SvzMBJSHOYDJG
SwZkBqFEe
SwfgZZAzqUCGqM
Swhzwg
SwrWc
SxVDARx
SxYFBqshsjppD
Sxid
SxtBlmkRLnXcvGz
SyPHciKR
Sz
SzGnD
SzYAPDXCocQZjRe
SzoA
SzuwAyYm
SzyOgsAQeeIptiiFcd
T
T
T
T
T
T
T
T
T
T
T
TASVNCtVCKeT
TAk
TBIBo
TBJcSMicPbaS
TBO
TBQrNC
TBaOtPNHZZiCHDeY
TBrONjTwgV
TCBmtvAEpFxKuQgo
TCSZ
TD
TDJfY
TDVDdzgRVpBdn
TDhmoTQJTe
TDwFsWlMnfbYWmflMt
TE
TErKUny
TFQC
TFVysEL
TFhpugwePfsJMqjfJk
TFzC
TGSazpFAGRKjXNFew
TGctexIjDN
TGurjll
TH
THGauN
THYvzqtlcopHZIeub
TIOTZir
TIumyyQiju
TIxg
TJ
TJGdJZJahjFhhnIWkNj
TJJ
TJthkqOfVRWtsAo
TKTfyfqJMFcTurG
TKnMZPRZtJcWCz
TKpj
TLSakYoGzcQipIX
TLfOAHb
TMEHAoBboF
TMOUMRYIXEwNAOeQmTF
TMYsslGQgwVYBUwj
TNGfoJrjxp
TNQyLQmS
TNSVrcbb
TOOYTWLdTF
TOkU
TOumbYzobOncHmxYND
TOwCPtowkyNnI
TP
TPr
TQVvOa
TQnITDeDxIJmeLCG
TQzzdfWvv
TR
TRMBSsEeT
TSD
TSLapSMkBSIBkjO
TSOZ
TSVqVmusCC
TSYsVMo
TSaQJgeehrsh
TTMxZxrzPUWCz
TTQCwDGxqsqXoCFcE
TUonwlhYU
TUuj
TVTcUB
TVd
TVqLkFOgdnKW
TWUAAWbBS
TWfTXdelHNllQtL
TWhqLxMtQxDwRzd
TWnNEzyiBPqCxONvHJ
TWxgjGCRqLovo
TWz
TXJAvtsG
TXTXbO
TXdtnrwvoYjbcFsnf
TYFbKfmb
TYPzqzbcCs
TYYxPIJAd
TZ
TZCefYWVSjdQaFTSIJb
TZkQavzpjcbGBv
TZwiOpjbGRtbkazNhix
TaEHlXkghRzCuqkqfc
TaGfR
TaosqgtKYDRcFOyxa
TatoOHpxj
Tbk
TbnNphhouivAPJfMF
TbxlVtOwCSNLIPpYndY
TceQRRz
TdDIQGRypXEqpF
TdJEhhElAooXfsYauMi
TdVWVjpWYdGA
TdVvrJxkGdM
TddlQRfAhroauzCEdK
TdnIwm
TeFgwSHGyPeBiLXnBO
TeP
TehxgOfLeziMcsHF
TfDEXK
TfMBvTmjLmIZlOv
TfOZjncsU
TftgrqPL
TgCZWLkwywCyYwbvDwy
TgkmvAM
ThMwKfZFHfbJ
ThcxWsfuOjRH
ThisvbSgasBwIpwQ
Thm
ThujyCCgYhZ
TiGluIsHEDvdGpXvxnk
Tidp
TieUK
TionhTPlMPpKDFGRW
TjIJadZPEnVnzvi
TjSUxkcGCsTgqsAC
TjUslEKPKctrryLVIR
TkBaBu
TkHhBVX
TlFbnNUhmbCjgCWHF
TlLypPHOXlppMRG
TlORMWKxMqfiDPY
TlTXMoHcxlmQWhqN
Tltllmkpgnmgo
TmAGkmXTC
TmCdQHFbKviOsIl
TmSe
TmXZBCxD
TmjIL
TneUnvvH
ToIB
ToaO
TonFSIPtmuAzhMxWuj
TpSZrXplGrA
TpUsOfsUDvypJtdnFI
TpeP
TpwdG
TpzHPVFcKRW
TqHg
TqJwSQn
TqLySx
Tqb
TrDIthADhqJpzAWd
TsMthC
TscttOaeLCDewIFIlJr
TshpRxNZWLnKunZ
TsrNxRChfDNVntjhuW
TszDWakxGSpUKFlF
Tt
TtDDItnZd
TtYVspLmKUpjZ
TtYvVHKYkVjJINUldJ
TteRhiPm
Tu
Tu
TuQGxzdH
Tua
Tucw
TumKMDcYqBZX
TvQzcUqtfWD
TwGdYraUoPAjXspFv
TwLDMlCyUETEyXiqRdF
TwthHInalGQuaFWzUvC
Tx
TxBam
TxfWXYsvSauQNs
TxkoLSdZqPNtvXRV
TxpkcB
Ty
TycynKv
TyhuDtiDbSUbOyjD
TyrNiAlmYPSTFwBz
TzVuyQyIFjwpAjwcneK
TzXRe
TzaTm
U
U
U
U
U
U
U
UACVthngDOoNJDDt
UAEz
UAM
UAO
UAjIpEQIMQ
UAubMMTrJMjwci
UBYIkcgMyhNS
UBifPwOVHZncQ
UBsBUZltqXpmotal
UCUjzNbav
UCeHfiIiwrVyUuFPl
UCmFDq
UD
UDLqDYY
UDRmUHLUMi
UDdceiwTSXzWexmfQtn
UEDAePiJaCPnRD
UEIwvyVElUyUPh
UETPaGYniQxNGf
UEVnGaOvjIWXzll
UFCVeQWuvi
UFM
UFzTWqbRYdA
UG
UHCQlcBPjbMvzu
UHSRFpGwrWKBtuvS
UHYMVYtrCouirYOXZu
UHk
UHkDgrmjAcKljc
UHqaiBQQlmwsH
UHstFIUHirml
UIcolJ
UIeHIQrwoLaxl
UIwFVFTSg
UJ
UJ
UJI
UJSMLttRmX
UKRhLuZDAvIJ
UKzukr
ULBSQLjZ
ULJrmlrea
ULbFzOOL
ULrFL
ULxBkJHncsHHUVfO
UMAxq
UMDvWCEsOPnVPmoPJ
UMVtjrhN
UMtcrvBARS
UNXRPLOWGnTyLkYMT
UNjASnzNEbrCDf
UOQiqdHMQBNqXAm
UOWpqDM
UP
UPItRUZoimkrAokyQp
UPUjcwJn
UPif
UPkZBFrEOqltQwOdzgQ
UQGQsMWBVweQ
UQP
UQRmFpuh
UQhmRCzOMyeX
UQuiplm
URtccdjOJeub
US
USCNHyEzouyKl
USXJsuxbz
UT
UTLlvTmIpe
UTOPwEuiM
UThhgOekHqyHW
UTjADWhbxvw
UUGafw
UUWoTmuomQZWI
UUXEGycxvArgJbg
UUqaLbzdeGtqZ
UVS
UVcoWk
UW
UWGV
UWbBVkKvFy
UWrBiFP
UWwxGoCXYLlVGcHMzbA
UX
UXS
UXnEKyzelch
UXtZNRwtOlbrJ
UYBSBmResBfaNExIcWz
UYfOlhJGDGFVwqBLKu
UYpb
UYwANsps
UYzuNakWjJFXMyfpl
UZnHRCezZVBEArstX
UaQporUgeFOFmuMxHd
UaVlMZPTqPymcZ
UaaLATrFOERPCEY
UbEsQkF
UbQibLpSBVSopvEg
UbSNc
UbueMHhtUasbZhHiDu
UcGVPjatROQeRdkxf
UcItCDHBayqpSjC
UcaGHgea
UcrGbskPRAiFcAGv
UcwCsbXCcSSlan
UdkCnznGHjuAEQmibM
UdpbbtPsfYMdmDf
UduZTTUPQbTLFWxtJ
UeheCkhcEJkePrdvqO
UetU
UezzHNFAnQmogJxef
Uf
UfGWCSICiUWLFrMSLE
UfLSSBvptmFA
UfXJdcfprSdDuaI
UfYkGvXbRbYVdJYKI
UfpWhFCNaZgNLsU
UgQuimpLiEvVGxXmBhN
UghhJpN
UhLOh
UhOPhncoE
UhY
UhkLSiVYPpzozeHDOVv
Uhw
UiGSIe
UjEn
UjOKorIJAdteoplMm
Ujf
UjkGYnAtLqaQ
UjxYMokXjfttGGxA
UkJzYcaTpBMFdbfux
UkbNlFxsYAPPt
UkhioYuGI
UkrBTfxqFNHnas
UlVijwLLmpkJN
UlfGPQsTvZKT
UlnDnZi
UmMonOIKAzh
UmdbORfxRxosRgzse
Un
Un
UnJvngFplu
UnOMTapTIjGSkDOqaC
UnQpZZDlXRUEEpeOxUj
UnYfyisKFoEDb
UoCUOyGXnIihOobP
UoEsCSnf
UoinmOfP
UphiZHdMBcOt
UpuWpqQHMtxZrcZzA
Uq
UqTPpXq
UqdctANGZDuYMuUNS
UqnAhUvOivT
UrVncrfqro
UrfGA
UrhdfTQhwdp
UsJuQPoudOtn
UsLKDjdDmyLyUZqpjWH
Usb
UsdgIMsbVENIkrKZ
UstgUZyQUALOmqBd
UszctIt
UtGWfAqI
UtQmL
UuC
UuO
Uuk
UuubjdllQteyK
UvGSlFV
UvbJHbtcU
UwS
UwijeBBqvSGMwQEN
UwkyKViy
UwlhnvildKaogGeCM
UwnAKDdca
UwxYyPTkbrysY
UyD
UyJr
UybFOfgy
UynvYHQxOIs
UzAyNVGYueOCIxlaE
UzFTZo
UzhkJkjzLYMt
Uzz
V
V
V
V
V
V
VAGJXnEjHBHrUee
VAVdbrgmbCJrLW
VAdTzzOKJRtqi
VApJCbyCHyJube
VB
VBQhCIlrPlZC
VBhUdKRdhjhmDSls
VBkynEREwVdV
VC
VCEjfBWtoMFqhpDznD
VCGNdArECubbB
VCJl
VCLIBbezOLKQqFndlF
VCOCCIZclJDaYn
VCuWaYyMFFDYIXrIq
VDCPFtTGbVHPMgirLVz
VEfxdhJegFUQyb
VEktBIwZsOExoOOIO
VEpTpKgLPEXaOtPmk
VFJmByWAVZymlOxgr
VFb
VFbAFbtgF
VFhVQuyn
VGGOIjZNT
VGLKgKMIe
VGVd
VGXBrmwAcy
VGp
VH
VHJhHCJVRaRWRLnz
VI
VIwmrTWaGJihTYUtWxc
VJEeWorUcZeYX
VJVfjAwJcUcWRgvYym
VJiaHjjwnl
VJnsvdMhTbegpy
VJsoLMzcWk
VJuRSLUntSbGyO
VKfCWVeJkEBg
VKwpxfBv
VLLCStuWPdVvwXa
VLaWNwPRjefumIEpgJ
VLdXW
VLn
VLzTHRKWRoFrM
VMVaxNcWXVvGxdkjFim
VMxriJHjEGzR
VNLF
VNMgBXZdkfrE
VNTvxOPH
VNdTciwQ
VNuTxu
VNzP
VO
VOEqcPjNKQOFvjei
VOYHNLPSqBSQhQOA
VOqVRomyazVaF
VP
VPCLcPXqYoldxeLquR
VPuODzhSxZIeaaJan
VQbwcxxRBzfSv
VQsjDHUDLxmDdVipS
VRCHrUCL
VRT
VRYDbPunmumANNELj
VRdUHReZKjEVosEoFkr
VRfxO
VRkter
VRnnnYhIznCOfqOk
VSRcDpudoIg
VSxwbFUOIFgpKNnqM
VTEqOxSSCcUEFew
VTJeeYFNOtDkDRPxgTj
VUCIWDj
VUEbtKnEZrQnInn
VUiXeGfo
VVkvJaUwso
VVuOohPfplNds
VVwlUCFoydn
VW
VWI
VWWkhqZJiJtGo
VWYDEydBfNryfIWU
VWqQJ
VWsowvhiP
VXVeUj
VYJjXU
VYRZwcHItPNIugbKoV
VYdPzEsAywdD
VYzLkzkkJIKyVOPTsmc
VZVaavKjQ
VZqSoKhjWSzprpK
Va
VaApcePr
VaCIzlSaUH
VaMgeGHjdrwD
VahcXBASwDWpUcJRD
VazGyMXFFBe
VbuTadkKusut
VcCDNyFwQIqcPhVHs
VcSDaKKkXDoiJgMD
VcYzytxfjMYPzLgJaY
Vcq
Vd
VdOfZdvsWVRoeC
VdUbFfstYnG
VdwsybYGFXSEwTPov
Ve
VeGQdvFONP
VeRdiYcnxOmY
VeTHoPpGTwHKhVC
VebwFffWuL
VedUtsN
VfPJJIaAkXn
VfnQZ
Vg
VgBNshnFYODID
Vgjs
VgxnEfD
VhV
VhaysONfCRxxAwg
VhguIpAaO
VhskTRl
ViSITy
ViX
ViiXHoNt
VikvuJvClIUiLST
VjRdTzLspirWfmEIYJI
VjWcK
VjaByTsBySR
VkIguqVcPLOXIa
VlFi
VlPBurIF
VlRZ
VlhZ
VlmUKGixEnstDN
VlzLViTpCcIw
VlzmyASbcdKWet
VmLNK
VmrwZskLt
VnXwVPtQ
VnhUAkiYoXbomXTaAx
VnqRZsQoPm
Vnz
VogpAkOBCvGUoa
Vp
Vp
VpLJQAvtVrFSYKVMwOJ
VpQaEuYXthYnzqOxSNi
VpY
VqIkgmqHTSvn
VqSD
VqkCQiOUzD
VrGIGWnUGbpNPU
VrPGfm
VruZEuDc
VrwkbJGLxrPCOOhytFa
Vslxe
VsnqfU
VtXBGDOukmiBMcSw
VtjrRfymh
VtpOTglTTllLcn
Vtx
Vtzhq
Vu
VuJqeTbQZHM
VueWGEtXxKNaP
VugutY
Vuw
VvIkRMYMLeAmu
VwEflFJOkFYRFmt
VwOCZaqPsxycGkD
VwQVwh
VwuR
VxGIsEWZy
VxIgXZDiHfT
VxatcBbOqdWfyngkElk
VxdYlnbpNQSGCmcq
Vxwp
VyFiASocgGzBlbjWz
VyViMetQfBqHfaSSPr
VyaekNgLqTZodNmY
VykxIV
VymMvpRD
VzTDMfhCBZUfhdzi
VzhYXGeIl
VzrwC
W
W
W
W
W
W
W
W
W
WAFYyRpgIMrTHHY
WAHwl
WAXwyy
WAlsWZOQjIrQA
WAnLt
WAxaZB
WBkm
WCWTZiZiLIJBhDyQf
WCYrMDOqUsiMiJQk
WCsX
WDFadA
WDk
WEMzzafvyRCaNudIv
WEOOnvMD
WEPxQNEx
WERQnUH
WEwkEkpRqDUAg
WFJbPMZQv
WGFVrFBK
WGRLuhu
WGhMOtzrRDm
WGnHn
WHLAeJMEGXQOIIxmjw
WHdnOUkrQVXzqruz
WHeOrmclqeSYgS
WHrj
WI
WIVYSeu
WIYrplxEMMn
WIgmWHRtyOsj
WIiPVFeM
WIqEuOUcwKqcRWukA
WJCYFBKRugJonr
WJeRxzPG
WK
WKIXIHmvzrZUsY
WKMwtWsaCYjy
WKQVhQcLaNBT
WLPsIIZYNWD
WLkotDSAgbdf
WLpGZxCmEQvIMlPOoh
WMhQApMWdCTJpYN
WMmMYQzIpTCqfL
WMxfvfCA
WMzDjrkInIStXHJD
WNbMUnPNTsWER
WNflApAzrhxhrbu
WNlkzIxVccwPKuMoYd
WNpJnC
WOXojZKiQLMiUPs
WPJdzpXw
WPOun
WPUqDSucpmsOfMHK
WPWTKRHvDcOHzy
WPeJiZxMe
WPghOufUnaQ
WPwhbOk
WQGEOaRRvOgaKVmgI
WREaOb
WROxtvm
WRaVzWxeb
WRmEJ
WRwcpTXeiXZzyMJYgfZ
WS
WTFVUokQMeditNAH
WTVVpAp
WTaRFjksXrDV
WU
WUhLsciwKOrrfQVSd
WUzKFQ
WVLsQsvSzrVNaDPDg
WVV
WVeOUVKqip
WWCzUCkRMBRMnW
WWzFTdqnxvQtOwcAKh
WXEWz
WXGzG
WXMvWwanvkoxysFPmjf
WXOpeeVI
WXuJvuCBlmg
WYDCaPXmIC
WYLCvbdbHxatOSsZMo
WYYyTKQWTGKiLwLfnXo
WYt
WZXsFDNTNdyxGNVoo
WZkgWeA
WaJZVTa
WaT
WadK
WafdlQiEj
WbLxBgIwDq
WbVQgnLgAu
WbX
WcJUcYF
WcUqoBdihGxMx
WckqBNiXhBoSrP
WcpmZwVSsSXzhtc
WcsgaeQn
WczFwDYB
WdGErJAX
WdwhMpSOfpLWj
WeERrKnAJ
WeVRLW
WeaNcFgkUKprWFoQTrQ
WeklPZNsdCPCXDyb
WesboiDIDRrB
Wf
WfRUoPdjhclqsYjekI
WfzGbmGKyVjgT
WgJePHn
WgYtDxdxH
WgaRqSTFQLIbCuW
WgbrTkKrqMLBletxa
WgniWLvrnAbwdaWEvn
WhRXucIEdVFSQNRpqEl
WiEbWtVRR
WiuGS
WizBqzlgtOCIACFGBd
WjYu
WjqIuJifGgy
WjwdxkntrosmDWwUJfb
WkCyx
WkEW
WkVWxSFUMAmTAefzlN
WkiSVBAPYRWHqJyxMw
WkklsIwyV
WkuJgUlGey
WlOSQYJ
WlYqwlybLaPhdzV
Wlbr
WlqLAONAuZSqtKpfZpv
WmLuYKLhAJgsfNCr
Wmd
WnCAkUAoNacrBfxFbvA
WnHwADobYkMfrSQLC
WnJZz
WnTnLXYaeYkbjWt
WnknX
WnxiwaYCplJWS
WoLxmOqCvKzcMJ
WouKLETPmEzrebvpUyd
WpCDq
WpWbvIqcToDCQInHim
WppeCfD
WpsfLMyBA
WqMzWswpGFxcDrLz
WqkimwQc
WrJbmdrDDYnFGSC
WrOXCM
WraNNoOpMeuqoAyZ
WrboqGOkmepPW
WrqDmwwOnsXpLNAx
WrsbRRlWwcxzMT
WsFdGWbxbzTlR
WsTyRxY
WsVRoFbuBM
WsnQCtEYkAQb
WtJWspWYzZGpeHrYb
WtRURyLw
WtzyMVoQ
WuHrsqJ
Wuq
WvCv
WvRPXK
WviPsXwzVkAWcPaDwjS
WvnLQGju
Wvscw
WvuFDzgqaQYaU
WvzBTiT
WwME
WwgkrXjkqI
WwqIX
Wx
WxTyugGZwbSPRTe
WyPtXZrTVDyucYt
WyRQKu
WybjiBbKb
WyxfSwUmlEvkMGhawrE
WzJWdYEmrkLowJKhRle
WzLuJkuusclyxHUAzW
WzzDyRBvuoNv
X
X
X
X
X
X
X
X
X
XA
XARHIlZXOAPXzKBQ
XBJRkcrzflmPcy
XBVIuEczlaCTUCc
XBbDLn
XBdxLNKPLpn
XCImjdXkBJJwf
XCRKPxMtKBiGgzrbrh
XCiKjKRiJxgEaGa
XCn
XDuAmmCZPdwI
XDzoLVpMSvgpHpX
XE
XEqvPfe
XEsTCzUbowC
XFaFqWxDFpAoG
XFm
XGHoOMFuJPWc
XGMuOnKQuSdKtiST
XGONluNHjPb
XGYcRGuIsztNlm
XGha
XGjydjSobFvXJwH
XGzyqEXdiBudDDzWi
XHLpAfHVgpJZnzccDJg
XIHjVZsP
XITZgscGD
XIpVQwUqWKnCimWNGa
XIztEICzeCNN
XJLkHkmqc
XJgcVG
XKCqLukppAZHpOF
XKOOQdvRzVh
XKYmwqcZAFHuYAQM
XKkdHRNRG
XKnBrgSD
XKpZ
XKqAISzyrLJE
XKsSfiChgIHwoIurss
XLgfjLx
XMJ
XMOKfiamnWA
XMsOmmhCcJagUFkCGnx
XN
XNEpFa
XNLlmTcAkoq
XNnCWPA
XO
XO
XOJRNLaNYxs
XOTeZoplPEugSLdARGM
XOxaKj
XOzthrkEXNS
XPFTpECGwYQBFzYd
XPdaxHyZEiwhoaB
XPnylbniNaNshgMu
XPqzlB
XQi
XQkaAN
XQsXZVPM
XRMr
XRRI
XRqvANNZYYimv
XRzvMaSOfTYspCb
XSJSAuIWoDxC
XSaFbxfIxJF
XTHorvnzBj
XTMmr
XTRLfPcHKTBl
XTljkq
XTxSnSQaScZRUszM
XUbHLidwHFDn
XUz
XVFLanlMpsVAXtqv
XVHjGzaUxcvKQzA
XVYjSUfJ
XVdfrvSEIpUxImMQbQ
XVp
XVqwfxvioenaiRMBxP
XVvsvgqdznXHgEYzQq
XWCYqkt
XWUlvNIDVzR
XWiH
XWkZdnQBDM
XXOGBEdWsomq
XXYehYLftYMsq
XXgcGhA
XY
XYWzgZyIOwqZtqPllsn
XZCTxpYAi
XZJO
XZOJIQIsghGRVmF
XZPkliIeGi
XZRDIqLVDnGkDM
XZgXMtfQXoIjuw
XZxXhGlFWjGh
XaFQMbGrtrCQrFAkwL
XabMxWyaMEcDjrL
XavsgGYisHcFq
XbiGjPvXybQadIV
XbnuHyiSJszGTmo
XcMnHfJtnEtvQ
XceBMIgRW
Xd
XdgYrcNaf
XdiCy
Xdq
XeA
XeCTiXGFaNvUv
XeMiOroO
XeWESULmSDPpUCZa
XemEmhQbSzNnOBRWntx
XfzvxIBTYn
XgHfddWNuvhZCGdM
XglbNZOoNIHMtso
XgnztlDxOs
XgvpSC
XhUiRjLvSRDL
XhzqENooTgEa
XiL
XibHoJMBARIlZaTGj
XidFFEtEbJcVIQtE
XidXUdBKBJaw
XigYcLwn
XjKNsbJINaEku
XjYjD
XkCPU
XkU
XkgUj
XkwUDk
XlAvuDZxSVVKCXkwRH
XlGrjwVycmKG
XlYeKHtklkRzIq
XlaITsBLIXOZUpo
XltWgdQrrdQjkHAbL
XmCuLp
XmFMixBjpKon
XmPkWRq
XmkgHMjTRPnkN
XmnzeUmCGLlVEt
XmxXKoTLPvLg
XnRgukzYvg
XntZm
XoVIJWtltGxUDzKp
XoXfpqbtBqXf
XobEiFggEYhJs
Xof
XpSKmPen
XpeBp
XpzxhmHG
XqJUNGoPjTABr
XqMnk
XqWLYiYGoHYE
XqwYpXBUXBR
XrERcsWOBRVDwOvXhLE
XrqU
XsmwQPzhKKStgwb
XsymarjgQzipQAE
XtL
XtYlogMCznoPTjdRgtP
XtdC
XtjysJjjjlq
XtlbyzwuFbM
XttRPQmSgqoSizIvPsU
XtvpDkUapaOcc
XuVNDRGQxNelWKUevvQ
XvJM
XvLkeBMdkWfKC
XvTiDSuBKlIJZFB
XvdFiebJTViUaLMNIwO
XvpenNmd
XwKFdCr
XxCPFtKqXfZj
XxCqiUBkxgcJXTvtley
XxUdJWZWGebtFCrFgG
XxkddjeDOhZzzBbB
XxpZuSRyZrJ
XyOSuzr
XyuB
Xyw
XzYpZThhEmVfnunGa
XzaAEbcQBqTY
XzkYkvRZJatjfqQ
Xzs
Y
Y
Y
Y
Y
Y
Y
Y
Y
Y
Y
Y
YARgfThdoAUxRbd
YAjtkwxKXyXHhtxc
YAxPvXCYHPIeXu
YBdOiv
YBnmWHzluYKDCkYTu
YBvkuXpBVnnK
YCUVuFHczyhrXxBWdyF
YClHVQnOQwokFfxjZa
YDMfVwaMYjEsAlz
YDRbmXN
YDYWYQKDWQcws
YDdRwzxyhhMciTwLSdu
YDesaZxkHiGCYDTqMjl
YDgLxhA
YDvfBcUXRo
YEKAVxFpmHi
YEUYBJuxur
YEqUlNnZNEiO
YFCCwgX
YFMacBFhUcXc
YFwPYxkeAbO
YG
YGbvwOxzp
YH
YHF
YHl
YHvhgLC
YHxKmKPzwcpMN
YIJMbQ
YIPIsysVfIvmQVSaB
YIRbXGvMcM
YIbrCadUlwTqI
YIjobjSkLLvpflxFcBT
YItMHDAtUD
YJVDerqZZnjBL
YKAjCI
YKKxGkaTqOHhW
YKWn
YLCHicsDPrehzfpfh
YLMaNjnmM
YLOyt
YLiqGSAuUR
YMAfJUqQCIgHmV
YMaAhJ
YMqPdAAIuQGwlPC
YMvgRullZGZZLvCp
YNhVhKyHHiCvGixaoU
YOLcsSVwVC
YORYIBQrgLaw
YOjlNefPPScFzoHuWG
YOvcXGQHNHsJrs
YPH
YPPDjmO
YPVzY
YPnmzpirnkPCUfikkBu
YQC
YQRCAgvyCNoFyCBsh
YQU
YQesD
YQzooDY
YRoo
YSClDpFYe
YSkQyEisuGDfPoAvphV
YSmoeZQAvqVqIuLGXK
YSqMWnVm
YTOFOVvNcihBCb
YTgrxfTz
YThSbyTlLhjLat
YULgdGqaZBP
YUYcCpdVkSyMDh
YUbvZwgEhPxF
YUlTFRNN
YVFcpNtaPraahSaYIIe
YVPAdhbiXbAli
YVRCdHdMuht
YWJEEyn
YWTZRb
YXAjf
YXIZEzbYiqudu
YXKxsTIhiaM
YXntcOBJBmuaf
YXsKIIluZcMvGDMAp
YXyGhrYhklw
YYkVsAvWyNc
YZMmcwbjfy
YZYUfYLbdeEKVcXJ
YZasTstjmWdVO
YZiqr
YZsNXVQQVVgfmACLwe
YaCJDoZwSH
YahNStgUzuItQlPs
YbEhjIGEbqH
YbRXtcywZfX
YbRyXCqq
YbzlKZTKPhXK
YcJJyuISQR
YcLcVBDB
YcdaiqgfxCBfG
YcvnnTD
YdHexuoDmpTtOrIiwef
YdnyOCWn
YdpItRRX
YdzgZeGfDarurfHSih
YedVpuTAsvUPeSBDly
YegPx
YeyBYemQ
YfYZYLgFhlka
YfkQbnRxnaI
Yfq
YfqmdovmQknsFxChHxu
YfsFAvzVNoldE
Yg
YgCOo
YgXuYMMrDJPHriONpf
YgxSYBygLwePmnRdnE
YhJJbUrYI
YhOwzDeSUueATWN
YiFDDOTZhEayp
YiHbjiJiqwAJiCS
YiRtOpM
YinpzlEtyF
YjJEphWtEeWD
YjpN
YjzgCMpkw
Yk
YkOGemMckAsoHkh
YkWwDvtALPUnmxr
YkdV
Ykwie
YkxGKaGvdFBi
YlaxpO
YlkUViecrZhuAu
YmMeFfJpXJlNubNLmI
YmOBlzrxYBLQnhXe
YmWrKHhVHQnXKtZujjj
YmiiU
Yn
Ynvk
Yo
YoCJgX
YoE
YoFIxJoElLHPJAS
YoHaURrniIFH
YoRyAlZwrAf
YodWFMjPtUfurbwrO
YozlvIBXItdIdljR
Yp
YqHW
YqYWvpcydEXxal
YqdSLQPkpVGeQYdCU
YrCLLGpLTYsTNgM
YrUYXjMsCfu
YrbxmIM
YsOBWZZLRNQWFcpoR
YsYZCuP
YsgP
YsqmOXesJEsrWAU
YtCGaKcgP
YtFHas
YtUbenrNy
YtsimqmYGhu
YuHfGEESmPmYU
YuxKB
Yv
YvW
YvbzZsuHskNj
YvgQFletQagNRJe
YvtMeUR
YwXbhdwciDvNuxc
YwnpcTnGqR
YwxNQoUPzJDycf
YxAsR
YxRWAk
YxWwgecFDjZmwsB
YxbugEhcgdhTXSTimI
YxgTUy
YyOyHVupVUxnZnA
YyqPARSu
YzAnflHDK
YzFEU
YzKAkOfjtvdSkl
YzMdqNsC
YzUTHW
YzWrvqPbzctVc
Z
Z
Z
Z
Z
Z
Z
Z
Z
Z
Z
ZAYMthcuOKOH
ZAi
ZB
ZBCBRxqPDms
ZBHSxza
ZBPrUZ
ZBUOWaNomluvHf
ZBhFYCx
ZCzdYjkds
ZDHWMEFOXUeqypkJ
ZDbuJfQ
ZDncUGAhfeKVZROH
ZDxyYjXGOk
ZERRsXNCMGfrUEIsAS
ZEwVzbVTBuGEcSFpR
ZF
ZFbpXrvLVqFCNKbL
ZFgGLlfpsf
ZFogiTfCafdFFFES
ZFytnwDbKd
ZGKvbBsKiIBAicWZH
ZGYRncxYSRvfQdSYx
ZGakKksIPNtQPbk
ZGsiXYVlyBz
ZH
ZHWmmddCno
ZINJ
ZIsdelIHuuSaqHrBR
ZIvXmKDcJATtYg
ZJFUoFtysjqWiCU
ZJFvSfkkSjlvR
ZJHNpmncPojoIkCaZE
ZJnh
ZJz
ZKRWdSihYFMHnHbhtWi
ZKlCNDBpwJNKDXFLc
ZKvasXixFBmUw
ZLYRQLgeK
ZLdFomTZWukLg
ZM
ZMCxobtzAFe
ZMULsEIYjE
ZMWjYRygsw
ZNOor
ZNYMePLzGdUO
ZO
ZOCtugYVvyxj
ZOKqTo
ZOdO
ZOqKjE
ZOsdPLrM
ZOtEsmiyNPayqmZhI
ZPxFWxlakoN
ZQbmuNyv
ZQdJ
ZQlz
ZQxqJSG
ZRKs
ZRpAk
ZSCCZPGeEEDQxWpI
ZSOtkrqWCtbTp
ZSRRVF
ZSUQesdD
ZSW
ZSbp
ZSgGoUOC
ZTKvNkbP
ZUWePMLPYIeCkbJxZE
ZUnekYQwfEVIm
ZUsaA
ZVRTAoeRVYyeZND
ZVjgERBqE
ZVqFbrBEeeyOHw
ZW
ZWFuv
ZWbqfJLadQYoaTNyTv
ZWnhqcER
ZWvXPtlqCTQrhj
ZX
ZXROOtJnQZROFKlqjF
ZXUQPaMQfWKYfjbI
ZYMSqS
ZYOqWeLAGAHjJdkD
ZYWnuvtYo
ZZIUSLGuVjOMTd
ZZULV
ZZq
ZZvYucTzSZeYdyM
ZaAfuvYWvUlFwQ
ZaCxRCTFsRjynO
ZaMVwWJNtJ
ZamjV
ZbgepS
ZbqCV
ZbtEVMRMFiXxIgryFNq
ZbvbJhyUGSxH
ZcFX
ZcdGwEjoXUvxlUq
ZdCzwlJOAXpeic
ZdPvUUwJMoYTYHkMu
ZdUMAOYvkdrwG
ZdZIZxLqvv
ZdblXw
ZdjbwEPZsrZWnXPqdf
Zdl
ZeLXk
ZeooUCWjq
ZfAWX
ZfCuKyoj
ZgIPKyc
Zgj
ZhKnqTJ
ZhbnCfOKajC
ZhgjaOBFlsmkBEJC
Zhne
Zhsa
ZhtAOImrJhENcsCnzRX
Zi
ZiZIC
ZijgpAjDwrGmPa
ZjLXNoZkBaUntd
ZjRK
ZjbiRjufOcVn
Zk
ZkIRphKeaCAbEjILsRB
Zl
ZlAbQZUGrnPchWGnl
ZlMSTtEFxbnX
ZlR
ZlUHsJuWYqQ
ZmIU
ZmYUQGugV
Zme
ZmgjMpkKeMrqTHTTTB
Zmq
ZmywQZHrNLtArRn
ZnkLT
Zo
ZoPsrqstIHLiSNNKeU
ZohFvTPas
Zp
ZpRPWLhC
ZpbiuSctGwalCRpZGV
ZpdGhmSBPfAwDXIs
ZqDEvb
ZqFXSipGvQEHx
ZqKoGcZsTFXkXkln
ZqPnxDfOEIeSqKCd
ZqpIWsz
Zr
ZrwdWtnNJiAGK
Zs
ZsakhBKCWCoSxgSDu
ZsyBBNUWRSa
ZtCungXxpjNNgUZi
ZtEZxSX
ZtWm
ZteLY
ZuO
ZuRPItIPKLhrcO
ZuannO
ZujdMWfo
Zut
ZvDwYKVkzfLN
ZvXpQHhRjWnhpa
ZwFUDeKtA
ZwJwTPFGxqbBUjtMLs
ZwRtrYmXXM
ZwzYnvXyoGBqTdjtVP
ZxIRSQsjSVFZW
ZxdN
ZxvaPoz
ZxvzeOIG
ZyAbtzCTkHUa
Zya
ZynkrYScmSEXHWwpG
ZyqDOfVLbPDQGLOls
ZzU
ZzeIRQPpZbywuE
ZzgKSxKKogrOTmJzSq
a
a
a
a
a
a
a
a
aACpfTkYdwmvWEZDbe
aAKfEca
aAqy
aAsRzz
aBeyP
aBgWvkyt
aBjYE
aByrHMVStX
aCbafBLyzHgkUMIiw
aCdy
aCt
aDFPvRYUokJFOzKT
aDXc
aDjTKWgkdXkTXNzRQFk
aEB
aEPnilNc
aERFGtILmQhJz
aEbdlFyUvIHUABxtKIN
aEzTeil
aFFKJVLpkddpnos
aFKkpXnTISvSNbs
aFe
aFvmWJVgb
aGAOluYuYTtIxJYYeyw
aGUfVqwHFEFUrq
aHIHQHlgvbxr
aHQHlcqVCWnpuJHEH
aHeDJDlPOoWek
aHj
aHquMfWH
aHwQNoAoxuZoI
aHyjlvDXmrX
aIDwBsD
aIafQofdLOMAnPSXpRL
aJPeMMw
aJR
aJZAQpLOYmrYy
aKXXrhJbMv
aLCmCpoIZPYSIK
aLIJDrbxLhCYoZslfzB
aLPiaYbD
aLZveBybUnKI
aLqvrODQU
aLv
aMUkPeQmJ
aMwQqOjBpGemaJFKUg
aMyoejYKyqExTPPd
aNafBXOivaSyFS
aNgTSGBdHrBn
aNqqFai
aOFLRnbEl
aOXZeQykUBymQQy
aPPjFIJMtmVft
aPba
aPgWgKgzDkVXbu
aPhxJkgtdtXxRWJcO
aPj
aQ
aQFHgAGZgw
aQNEFIwxHKr
aQXckdeGQCRWxMo
aQncFp
aRz
aSIEvmoYrujG
aSeAghgAKHJtWC
aSwNkK
aTAOWVGARfyHPEqqcp
aTUG
aTmsLuBthW
aToXLtOITri
aTqq
aU
aUE
aUSMbKbd
aUUfG
aUeDmlUVGIcdC
aV
aVLlLjcUKhyRWMd
aWDomTmvcLWS
aWNJqwJcTRYbX
aWZsBXtURGwfHN
aWp
aXRCcPMvqjTYkBP
aXbhmA
aXluqdjCpcSQV
aXtT
aYIIgZJC
aYdERVBeOOpJxGN
aYnXocwVLKnCoDgsx
aYpvcwmWM
aYvSWxRLyMs
aYvrsfZR
aYylBFUuvJ
aZmxEqWYlVlstPFg
aaO
aaUcsNzrBXjidwtwjZP
aaYEHyt
abKiwXoyOgfhqPoLB
abSHTFxEogkHI
abXZHzhqMVDkiTQaV
absVsuZSfidXaxUcEP
acC
acFLDWKRdOBbK
acO
acxxHfUncAT
adjsTmXf
adtQGHEnbbwHyt
advSHgzQqg
aenUiYRAPJMSI
aexpm
afMNiFrblUGHGPZNM
afRJyoeNxmqwvus
afWami
afezJIPNDaOrnxVZP
afmphYx
afwNNtmmmZQB
agOlNZZj
ah
ahCkIxpogdIglGwEk
ahUGNaMMQkKqJQ
ahWeAmuVQUkBCWbP
aiAKQDHqG
aiLdoKKZDtEPoHnnEc
aigZZFCBOGlCgtz
ajDoPBUJUebQRumPqfB
ajNBberhLddahN
ajdBo
ajqxMakJWqD
akPqMHKkABxBWzsoyT
akZDQkhQ
aknZbLefUQtqcSIWlfU
akpszShOJ
albZPjujy
aldwCDksHZvIHJfOBy
allubMSIho
amHl
amKfTtsiLzRwcV
amcRCE
anCpCl
anOgFMuKi
anUDGNZrUjrGdbbca
anUcdviFuiohurLGZQL
anWVeV
aoAKul
aoKihGXEH
aogeSBPg
apnZEuNkM
apsNdd
aq
aqRGVKaGBFcKhAVQenm
aqlrNHmnlvE
aqvKkPiWisCYxWK
ar
arbdIePOCoCViGfkMR
ardwfmSxztAOZ
asAWIMppgAwCf
asFSYvcbrRfrV
asHlDCgTo
asIMhUXF
asRBjPNbpyvuNxKc
asZyIfvrYU
asj
atMNLoageoLGXKr
auUyyBvSIwPobTiFeB
auqujwnBTJpbKxlHF
ausROQV
av
avZAnOcBgalagXhdep
awRKOyvkFEJb
awgZKolOGS
awjYSbSJpK
awlryiVseHJdYTJkzrQ
awqxpISXPKILrubSTUX
axXfOy
axZDtTQWcTFKMM
axdBZZfcDsZetHIMs
ay
ayCmZHFChDTTq
ayPipqsxtVCAouKxoK
azFNQiqKgeEZTlhp
azMKEbnLqnsWrVBLDM
azgbpXTYOYwp
azy
b
b
b
b
b
b
b
b
b
b
b
b
b
b
b
bAEACboHSBkoNBryNuF
bASwbKbCeKU
bAcRfmyaNRWmbyWn
bBACfUYBrcQbZHFSF
bBIbBu
bBgKRyBCkjRjwqyeqI
bBqparBcHVOJIot
bCCfdTlUFKlNt
bCEDRfbcOuLYuqh
bCKaKoFJzMqeaNQmoY
bCNtpwIAoJoXRCihaoD
bCSzhOOXZ
bCXRVIqJxBNh
bCsMGLqlQNnUB
bDBFlYDWmVrDF
bDhMBbyp
bEdoQ
bEjkhv
bF
bFHdgdOY
bFZqlGdxQgdsC
bFnMwhiLApXXsE
bGMFwOI
bGRBMxvgiRA
bGTT
bHGAHVM
bHIYnp
bHK
bICcXGGzJJSdU
bJ
bJLVCbb
bJbVWogZnUMSSEPKzz
bJlibRDGWbOciObBwiU
bJsIxyELEaMCzmEXu
bJyezArsikyRgBvz
bKdtCIOhw
bLFKmEtucxioFrKvvQe
bLRsxgemadGrxmnC
bLXoOPRhmvpYmZGI
bLjOCJBTJkIBNFz
bLlmhdjbSU
bMPSFtw
bMalcBzfFtKaAve
bMbQdALujVfCqsxV
bMvhNwrHP
bN
bNKXhKJBwfcBLLssfLe
bNcJQN
bNsJdhmVNgZ
bOChICTdVQrtoHrUQO
bOEAnJ
bOeytyzqCBDMiojme
bPACICGOjoVaqCXkvdZ
bPqhDSjiApTIajDtGD
bPsE
bQWtHCeLqCW
bQZnHkhpNzPHoKyPY
bQzZjnE
bRdouvjQkZKLJtaylXT
bRjLvwOxWjpRpQRiGw
bRjkSeWDwi
bRl
bSPSiUeC
bSvmHkEmUFQ
bTC
bTHVKLpeR
bUIz
bUKSY
bUgOJtPEvEa
bUybWW
bV
bVqlxNEMEoAguvWiA
bVsEU
bWPexv
bWUaNe
bWWtk
bWXUNDML
bWgJYFCZrxtFZdtZQR
bWoGxOky
bWyeciZG
bXbVzWPnfoRQbzZUx
bYFC
bYPaDHJIdANxP
bYXPcQrgEP
bYjGnrkY
bZbQOb
bZwIcxRHiajls
baFFerHVRJOW
baIzeZCzgHHo
bag
bavhy
baygHRHPrKJvlKhuA
bbmoCpPUVjlK
bbo
bbsJGQU
bcAutdpU
bcRuFxuJjD
bceqeYhwmUALA
bd
bdD
bdNwirfD
bdUVFRf
beFHJapfZPUKqpm
bePZgisW
beRxUCZeXw
beZntKPuFTUF
bejLYfxDODuQHLbs
bf
bftGEyFjDowZcazaUtX
bfvekSnrMYVcVgR
bgAGzEpNJz
bgIEYMXdkOo
bgqiUjzFAHmvgByg
bhUXkANaqjHQT
bhtJLKk
bhybz
biQzzlHonCxuWHreu
bie
bigNubxSoQfULkVgHN
biql
bjK
bjUSyMAnmcjA
bjXUymvRBibT
bjZseGcZJSBdZIjNP
bjtQj
bkPWadNAaTz
bl
blLY
blXPFyamw
blnPZLfbEWtA
bltL
blydenCAndvKXQKtkwV
bmSEpbswlzOWtlsnqff
bmpnFfUjFOKL
bnenADlornmal
bngKg
bnwIFgAMamp
bnygsApVjWOuDFA
boIbQTqJYI
boNtENanwxjYzHQQk
bomfgQyZ
bpEDgEs
bpSzEffSh
bpXRkhHvF
bpeq
bpoDTkniWnITiwXvO
bq
bqBFIyVR
bqLY
bqNwTRNIs
bqRuqYdOTPWdUzrHyA
br
brDbGoqkJrzyHmustRX
brFyuJXsRbZJIsELcvD
bs
bt
btdruqxT
btv
btwF
btyYVaYiTpUsVI
buCkmYYtRxNfCAOWha
buIgKHLocPxTsfi
buUPVivfivNPkjKicDh
bucMlrlwJK
bumkZLSERCPZJBXRZ
bvObwzIlXmdi
bwLVZttfvNJOGBGxuTc
bwXMc
bxBBAlqr
bxDfAkD
bxFyXrGyKveHanWUZ
bxPW
bxjOYaTFRQ
bybYARdpqBaDgxn
byhUQAQkCT
byjnvITTz
bytLbcAbAHioOg
bywFbCD
bza
bznPDtNgoqyzQtQTkF
c
c
c
c
c
c
c
c
c
c
c
c
cADPlx
cANmRROMcECaBlvOAig
cAemddLtjzsY
cAjiC
cAtBZUBXkNaGkMZMV
cAvR
cBqdoFElhnPbnnQZ
cC
cCeisqyPXALI
cCmXRygnGPvHzl
cCyO
cDLQQgG
cDqYvRjGdgjL
cEDbs
cEIWIGLkNUodWUXHKk
cEKpnNPTKRnWOJqC
cENowAwWkKHGxzY
cEXHTHrFhGFzoxq
cFBwrYEaXjjVbkl
cFDTXs
cFPRuzJhH
cGPCiUeadH
cGgC
cGty
cH
cHSrSxwdSXALBYSYj
cHjdtzUPbdAvrGG
cIU
cIehVYh
cIgFJ
cIm
cIovhBEBHSSQSuHWB
cIyTNWlJICsbLsRp
cJ
cJIOtpupFoucoPpYH
cJKmZBbyOYTnhV
cK
cKFqIaoDCHkGs
cLBsdTZFbi
cLIRAtZLBhNMMDfjNWb
cLNjonJxZWgpnrYN
cLj
cMFtPebYyIDqQe
cMdjAHOmgSev
cMtDEDjh
cMvW
cNIYYYczNuHQcd
cNhCzbzlfsHBK
cNmcnUjXChZekr
cNwATpR
cOeeOMuzUT
cPCXOtUhyWrLKng
cPITfcHU
cPNl
cPUKpEzMPc
cPahrFeBs
cPczONhkpqbDXies
cPmXuhP
cQEvu
cQhM
cRDSVGHDt
cRL
cRNoZjebdVMFPu
cRtvpl
cSBnU
cSXjFCfIaHOGkRGk
cSkBtwPtyxhjLw
cTDL
cTTLUnhdX
cThHtWUQjroRe
cTmZZQwCGgGu
cTtywyF
cU
cUG
cUcEAICPuqITrlwZWi
cUgCfPSVVOcgg
cVSjvf
cVUGbsMyTbXU
cW
cWBpzqUpXBuIot
cWicvNFRoCrqQbLVCpt
cXKmKkKLGkZlz
cXLNnKKygsT
cXNgKRNhVpS
cXszbhm
cYBsOuHKTCVkViNXFMW
cYXozpAmeOveEUYZ
cYjXBR
cYrUaiSCKKvZUcCEW
cZdjlixrYljtzlh
ca
ca
caadObhlpNPZKqwu
cbQJoTfyk
cbR
cbUGMav
cbyWFRILTQBOHrXaKrx
ccITQLpiCH
ccLNQksDZEZRzuAp
ccagUoNGlGi
ccw
ccyvcrIZt
cdCXrcCnqpwK
cdpCoBF
ceLIfxXYMFstg
cebIrJcNUBqzZq
cehEPsP
cezZ
cfDSGopImiPu
cfFxPaqjJ
cfPKTDNHscWelo
cfX
cg
cgRnSBaa
cgTLFWQjQuJjGfXHHYK
cgZizXuQBMopmuGjb
cghHWxDdbLtP
cgmZ
ch
chwUqSnwwe
ciGsWmdEFWnEt
ciswxDiJtFDX
cjBpkYDvQUzGGopVw
cjCUlXXSupdawtIGS
cjWlVUvebhhtq
cjo
cjw
ckgJBgknjRy
ckszMIVehGWzjcox
clVIwEBrOqa
clXgcYiAXa
clZikGdV
cmRkL
cmjGQSSeuPTyxDj
cnHQmht
cnIrPHkEYaNnu
cnNmgif
cnQFLqa
cnadrKQqhYUXclGMftK
cnqdLWVfpUKdWlyInhv
cnv
cosBrrDoyMkoXrIbVTa
cp
cpUSbniBewozR
cpgBmOTscdECJbdALA
cpmw
cpy
cqKp
cqmbuclvJ
cqptRjoeytIlEcUjX
cqqYSjABl
cr
crP
crUNizNWap
crZfWtyAyeaMX
crzRxEVmHc
csDTuJLVf
csRpx
cst
ct
ctFpsIYoCpZTeYuqmlA
cuO
cuovwTVvPzNSAr
cutBwtTSsBUzS
cvA
cvFszNLJpi
cvgFXKgX
cvswi
cvyTc
cwKuwat
cwma
cwoyLfBJCAoBgofY
cxWdyudkTtms
cyNjCMbrgD
cyXHqZ
cyZaN
cyv
czFtmwtTGoyrGc
czHMJDoC
czRkoYdKDcWnq
d
d
d
dAFkkvuPiCxBcQCTpY
dAQxoYJwZAALAaOKmyi
dAVDozOSC
dBHIPQbXrlPMVWMmXB
dBUyarMXwanPNSp
dBaVUtyEas
dBc
dBhuqSzKIjXwL
dC
dCOdPQHIMJtkgRlC
dCQADlwRNBT
dCgAPxByUxJBTWn
dCyfqIZkevRlI
dDsraZmxSlhELaQY
dEBcFuHjxtlnObHH
dEWYqpzLHGLaGNS
dEpluSWrr
dFNeuzo
dFfRdCUEeVG
dFgweBgTQqkk
dFjOBJkKFuidqJvQsC
dFtmgdRTOeAgrPGjjou
dGFpVrHuuBWZwTMIj
dGLku
dGVD
dGXbEuegDH
dGaVFbhJSEXU
dGpoJWBNnFgTCU
dH
dHRfgLrt
dIOhIEcnQQa
dIaQLgMfOFyEsYgxYW
dIqQgsRUWAoKlXQ
dIvMwbEH
dJ
dJ
dJSanXePoiNFUMeaJZ
dJUFwIehDVSf
dKgvHk
dKiTmEEpR
dKoqoGjWvLuA
dKwPLnrcdLraHzZL
dKzJLNmFsIstpgHdtE
dL
dLdyjdzbhkNOcTJOwVh
dLfVPyhj
dMHEmmXQnEBiPUokPwf
dMVAKVSCzWlPFHIq
dN
dNDGOfH
dNL
dNQxZ
dNRcaGMYwoblIazD
dO
dOHHAyK
dOvRqXZl
dPkQluh
dPmoRPXyYayoi
dPoq
dQyOFJzkwPRJJjZS
dRFlsNKmr
dRKhQwxZC
dRWYbQ
dRcvVZMFljufwXUDqa
dRfNAgPoaosXnUmq
dRplfBFxjYSioawKKbo
dSPJfhrurLizjfzZJ
dTJFrgvmputuKvfDRJy
dTNefiXXNjMXlafp
dTPCLuMg
dTjaQdXHYwm
dTvJbFIz
dUBjjLaBD
dUEBGSdkAsGwQRDhL
dUFgGSpHmUbYOWeRZL
dUZxrOVULF
dVOZmm
dVeZGzPiIfVF
dVjVWi
dVonKkmGr
dVv
dWIOWPcDxAziyKHhFS
dWacasAchHBsWcTYut
dWgxmT
dXUxhrNvvoXe
dXWVNLuDEYxor
dXmSlUkTn
dYDDlBKuIyTdMgfLr
dYI
dYdqMMigawTNuObX
dZHEXUFVgYG
dZNbRWsCRiln
dZUAnDsQrhqOWCaHf
dZvNMtVdijidpTenk
daBjMtIHvHNCrWCCPuU
daDGr
dahCkJizXEMzcH
db
dbtlnlSqVtkDUKBnIxw
dcKenSsRzEerRKkS
dccrrvQpiCgBhdwBaVj
dcmPfPxyruGMijGU
dcoiCXAhgrwxZgZ
dd
ddWUyudIxsunBONZF
ddgsd
deIJOKqemNYR
deKZtXgmvxxTpHa
deSXS
decuGAvLeDAlN
detuSUAAd
deyqrDvvp
dfFldwsrjnNmzUGXQH
dgBfF
dgNWIJFlFvRV
dgjStE
dgtqhYnVZARTo
dhFgjA
dhaYxWvMdZnHIi
dhrLgZTyvXnrqQ
di
di
diSjgGNwDD
diZxUwDaDRlhaygAjq
dijVIQliMJKsTEqTS
dimPIqg
djQEgGtZQi
djabMbihZSHroX
djeZj
dkDKjPYOeCVsaaGtTaW
dkIG
dkmKWDThXHeuga
dlhzHfl
dlrMLIAI
dlyliqJVddGGvvxr
dm
dm
dmB
dmDDOk
dmNbCEaQKCqmXhInWEA
dmvNxb
dnXWiXjwHo
dnrQSVndz
do
doUypJdJE
dpQ
dpXa
dpcrceyDa
dpynNZqfljLm
dq
dqCP
dqILttYnuTlx
dqKeQBbWrPjqjNC
dqsrpqDkaR
drB
drLIIfGmFRxz
drXgNHRFPuFboSAAbS
drwKo
dryiUeWAhcfWX
dstmDD
dtBfiQDz
dtRfDkJgzVpWWcXFO
dtXbTLwbLn
dtj
dtktHN
dtp
dtrHDDWqrqZ
duTDjwy
duwUTAWBpySsJP
dvIDeUGtmmqwCLCxmx
dvSaJ
dvaY
dvcwORLifVKQT
dwQwJpbmJumeFMlg
dwmsukUOcH
dwzJim
dxBhOzlIIgEFQ
dxIGkhtOifKfiHjIs
dxa
dxiTJWWcZ
dxwPaFJWlrmc
dy
dyVI
dyfWmPyVqJi
dyrMorjVvpGeDaf
dzhrkOUoMqDU
dzjPQiBxNadXYOd
e
e
e
e
e
e
e
eA
eBBaaLZagnXzTMnd
eBjFWaCtxoVpC
eBtdBujBGYvzvAlNvf
eCXRRKwXvB
eCaLaszAKyRo
eCsyBvXnT
eDKWBbJkkj
eDWMMDubhYEslEpzsW
eDcjFEhITi
eDjIcmh
eE
eEGYdVueIKUUEObN
eEQrBcxNxHLNDDtA
eESOgweVGz
eF
eFItcU
eG
eGDqrGpnirC
eGhmcBh
eGrzgeEwkCeMtSm
eHjKHVPgB
eHtcedSPy
eHvAS
eI
eINyfmctqQfjRsfMCPD
eIXRCtfkoMeUIqyIonN
eIZhiNUtowveBoIbW
eIrCuqkRgDyoZGcKTz
eJUtSeZydn
eKIyVPcbbzPeACCZ
eKQnmYKsBOrdXPDpw
eKcexzujH
eKyaivnTSHpTywrGzGc
eLGTVQHFoX
eLUoYjMTZgnhs
eLpgmFkSfZlSUPm
eMBXxhUKd
eMhrNxCCFCJTxDlFKZr
eMmnlgpp
eMoFJnsgFQrsenO
eMydwzaoO
eNfMNxifSinr
eNpkASXo
eNthYYnuCrhOhG
eOBSDlIfZHcxkHFu
eOSSYGNUgC
ePNuXZycfcE
ePOUAzpOF
ePwHoWa
eQIyyqKh
eQKVeKsp
eQQsgLfWFNY
eQaLDTi
eQcjqn
eQyfbiHyWOWjSIBvt
eR
eRmePGYCJ
eRwC
eSjGerSQyG
eSteRMzYH
eTVvCIflniJxDzI
eTfJGlCKWhMHTJcB
eTrzRMnBcWkLLN
eUHzeZsqc
eURX
eUXThcNuwSjIwFSlcoL
eUhmFkQdlPhBnukZ
eUj
eVL
eVNqIUKGjb
eVQsJuNc
eVaQ
eVloCpFMRtDm
eWIusl
eXExMfIGwtZgwGssR
eXGPsmLplqXRnELnDv
eXQnXGsxua
eXgnkTxmBVnhi
eXmjIClhNmXOYwg
eXyBwwVLkcxrz
eXyaTdV
eYLcIjLHi
eYcHjmiuAwYn
eYiLXnnvKNMsbP
eZXLTLvzomo
eZhjyXlHxWORPFv
eZpgXoSYYlrQmSEmO
eZrEDIAggVQbfQ
eaBAjbIU
eaORXVtyBwlFj
eadlbQNBOx
eaf
ebF
ebLXOoyders
ebQpCpaHKgKQ
ebXOZPiUkfIq
ebpbdsGtTmK
ecCeSGncr
ecOUdaYTxpEpHPVcx
ecSSBgvaZOYCwJGAE
eckQOVQD
edwzZxIvGqBfrx
edyXERqDPabikD
eeUsYebVkBvMoxkRdG
eefFdHyuTA
eekLchDZEDFL
efWQEyQ
efjGPaBVqala
efpdIb
efrwojiuZo
efwCfJoQCjVH
egJEcPdziOzsc
egVnfqOrgu
egd
egfIjTlPPBRGlMmT
egvJEgqEWwPMfLd
ehHzPHbwUlfPXHGWIa
eiEtjBLqtMLviMVyBSW
eiQkucwpqtjyaQyFdT
eilgf
ej
ejcmjidYWPFjfU
ejuZKtJD
ejvEKsVaSpivLATauVy
ejyXpAYJ
ek
ekE
ekatiJjvzSM
ekkLG
ekmjlkT
ekoduKWQUEd
elTSKajlJgGJK
elgn
emFYVj
emKUlS
emdpxvQ
empYAWBlQFwPwNOvEFO
enBapcrUob
enBzMCraWaXbSiF
enhibGTNpiTQYA
enjNlzTnFUQq
eoDydwYc
eoFbbnlnLt
eoLXzW
eoORAEbMuI
eotlYTBwNMpBmFTw
eovEvb
epCeDgWpkUlk
epakLjRAsdRQ
epsGY
eqWMbVLO
eqjIzEyJA
erIBzlZjegdPOwZTywf
erS
eraoawEWo
erfFGqg
ergkGpBWyoZw
es
es
esKZeFOsn
etDyGX
etIwFxMFaZErmtPe
etzYadW
euNW
euvA
evCVhPEvcoqizJc
evEtUj
evUthwrkkTGzuOf
evZpFfmfwkqgjtq
evlgIGWXCZOj
evrDJIB
eweRUQgttLgKvUpXoj
exKRH
exYNgXksjurFXkVBxs
excmURMePjKixPOnT
exmKzlBmPTkt
exyiFME
ey
eyQrQBOIFvNOlI
eyTKvJ
eyoGgEKSNFluU
ez
ez
ez
ezthvqEgKfb
f
f
f
f
f
f
f
f
f
f
f
f
f
f
f
fAXDZUMSZS
fBBrxkZf
fBNJl
fBNiAMKfM
fBTFBNxMytfrIvj
fBVYYVAvn
fBfvMphEwZvm
fBvvYBmtDVtsuyvBh
fCFT
fCZ
fCzPYc
fDEoMWHeZkpbqznkuw
fDOMrrpmiUOmrF
fDmTzukFqmmRaobt
fDwrnOZOrWMcTmlMn
fEQI
fEd
fEstHHCIPxsI
fEuMnOFrMuqAdpScS
fF
fF
fFEjSjmz
fFUknvsoVhGJQvU
fFexrYPNE
fGRmHpcitImwbAjLIgZ
fGWHSQhx
fGdcS
fGyYDMFCK
fHLHOnxBIqzivlrjo
fHVftAfKQaZtw
fICNSynAVAwhRE
fIjAN
fJOE
fJOpdldx
fJlYtpFkulTit
fJyOEJp
fKKRtWfLQwNXrAUNTH
fKYMJxSFbNxDg
fKkvUZDxhuVHZiQZOkN
fKs
fKuRYCaW
fLWHvqQCWklSjwxUw
fM
fMIoTHdYLFHw
fMfsjLkosshJexo
fNJhzcyJ
fNKMzbKgM
fNVfeiNPJterOm
fNXCK
fNru
fO
fOBraT
fODlitDOWD
fOjFzIkGqAan
fOzTu
fPiayJQ
fPvvKkVynoyr
fQEgpFqkSEu
fQUgJRvZRAsgCBwp
fQZcaAiTd
fQsyedFsMQeWQ
fRQIBsggQaVmeWn
fRQieLfTqbQLNGLSsU
fRwqQ
fRyVZiIu
fSItFCqCPMnMquJulW
fSSGRfNbyLqWOEVli
fSU
fSc
fTHOFDdfdkR
fTRmsXLomUrv
fTosAaGHudP
fUtUPLAUr
fUyQounPCV
fV
fVBNvgVONTBfizEP
fVXJgcNqg
fVpwPelcpeiKITMlhH
fWZhToDyh
fWjAqvyheNzWKhsg
fWlYWQnqnFY
fXNhGM
fXS
fXXEug
fYKIW
fYceiadxAOVf
fZ
fZGLyqqKhjyBUAsyJ
fZReVytBenwtLqL
fZjB
fZoxuNblykwrv
faKMkKtlE
fatZJzVzvLeVz
fbBSoUqtRSiECKPEp
fbNq
fbZZwXlEZcGjlmsBJz
fbnVVGYyltpQbR
fbru
fcLOUnrZPEjFY
fciSjsyxEsKSonjk
fcj
fdIpcYtmMfZbbsmAUSz
fdNlAHghXoJ
fdZ
fdaDo
fe
feKNPtavUP
femeApGIBzDwWf
ffIlqlYIIYtK
ffQiPtOgimVK
ffyNKQ
fgHGqlMtVwXjKkAb
fgcCbhEVoI
fgmZGBldpAWgCcW
fgpTPbgGMyP
fh
fhheqSyidjnz
fhrruvVPVhp
fhyQR
fiLSGjLETDQV
fiVgKLjcCKSfQvRK
fifzpT
fipWVnTcIzqiIyuR
fjXBRCwv
fkGHVVtCdCcXFyVxtmz
fkQfAhbLmuCayE
fkwuQsWWuDaF
flKIHgwWBbYUa
fmGLbZYYZDEzmvKI
fmXLwleFhy
fmcHU
fmmZrcUjhMcfMX
fmopXwBrqwBpNdyZK
fnjBGNOEf
foNi
foXGCyRadzNp
fofvbGzyDOxo
formmijqBuNrTzW
fpEoboZZhZjd
fpV
fpjwNaBRafls
fqBvaOe
fqLNxWZeHQpD
fqOMOIGhq
fqQf
fqwzCfrAyCHeBrTDyHV
frEspAEud
frIpNH
fruUCgWmUilC
fs
fshaMoC
fsm
ftLPcFPoPWuklihaq
ftcCEHma
ftddpieUydFuBB
fu
fuXGngzn
fuf
fuhdTthwW
fupT
fvBnDxNBCnwJQZESO
fvLKrJuJLXVTJfP
fvVgv
fvzcgpJRNiyQZcme
fwImyvofI
fwyOTiHWAGmnUswf
fxBqSB
fxGHyvcIWV
fxuRvbrQYhSSfyKzWcV
fygfycO
fymbWLCs
fywutSFjnPfMzjbXt
fyyShnmsvHF
fz
fz
fzIwi
fzcyxDzFlbjsncobfol
fzfAydCiAgbDUCWt
g
g
g
g
g
g
g
g
g
g
gAIg
gAopIfkEjQGofYQizqS
gAyI
gB
gBmM
gBpO
gCZRKouXKHQgV
gDL
gDVTnhfRjiwMghjwx
gDXwl
gDgmKoiAgn
gDhJqJPIhXUPQlMDRa
gDyJKVVxoSKVKkD
gEIhqqKFxKkYLqObP
gEZUZsisGIkQtYKnL
gFGCpqpjKiOENlvi
gFQadDf
gFcyamiS
gFohlNSKbbMmxbbzxh
gG
gGaWJWffQEhQkOdksyj
gGu
gGyFRaISkTdxq
gHGx
gHX
gHctp
gHokASFfXcfWVP
gHpLdsxRxdavLzohFb
gIBmoXvOvzB
gITAtAKneGD
gIhVEbPBOOxwonfRqdR
gJNVrzgGBnZ
gJXtfTNOBXrVTeKJOwM
gJfq
gKBivkajrAUrG
gKEbDJVFOx
gKWOeUArXvVuWZrZ
gLGzjeKNO
gLIchdYglXIGJi
gLNYGMLbpg
gLwmfBnpfil
gMEfKWIaCyotUn
gMaavRAKUDOgERnZmC
gMsozuYjEKQqcj
gMuHeCbSBG
gNmJFtlCS
gO
gOLCF
gOVPJDiBfBiaR
gPNalvskFm
gPXtIC
gPZQwOdcDbW
gQBhgSJpjMaqYM
gQLxMfqxswz
gQTvkvgOSSczwequE
gQV
gQmTkcTLiy
gQzPBLGGmPb
gRyJnEDDgmPTcfVR
gSGuaRYwDuLCfoF
gScqLMQYWHtpXSQCS
gSmOrhGgWzTAQYaVIA
gSuEQxnxFNvznkk
gSwhWoBPT
gTTwPfOXjYpokt
gTkjrhlJsWpYabH
gTyFCI
gULHr
gUQDPxTCMToV
gUaWmEOlJQnOCJvuq
gUctS
gUdUvrv
gUfnayyXgFFrco
gVJcqPLkWhjNXbqQIG
gVTAWjtsXRJYQhBjyjF
gVXxBqQyG
gWBeSGeUnTGG
gWfihLlscGgTIldqSk
gWwiBXiZcBXZCkVma
gXaXRn
gXrKsyb
gXslWQTbAcDEOqkP
gYEbgsDSGRSI
gYkvxIlDaOaFqd
gYmOcPomPKQyh
gYuIJlI
gYwmI
gZOkVYyYHiwbdQdcIsf
gZQvsgBHEnuUcOvP
gZaSgAjPNXTeW
gZsokdGowVWoueRa
gaVWHRwVBFky
gaXun
gbJZkKgXagQdr
gbQ
gbVPn
gbzLXhJqriNTTUo
gcBjLC
gcLCiJ
gcNa
gdEga
gdXEXPjQ
gdpjyZHDerH
gdu
gdzGmmoLebhD
gemLOLBQT
gfKENsbrxUrDznmzUlc
gfQzmTOmImbkwR
gfcRSVyYgbtNXxyqJM
gfcqovzdOa
gfi
gfsgNLpC
gg
ggUbB
ghL
ghOXMLMzvvcJbIcw
ghTwsFwlTkvmCod
ghdUgZetc
giH
giJUbxuxOtoLhe
ginQMtmZZGOy
girhsvWLx
gjBFgH
gjBeDpMZgeMMKSzJyz
gjTsHS
gjjsTegnWgEUckCp
gjposNUiiqo
gkN
gkguwX
gklPHyWvfQe
gkskHz
glaPC
glkniqUISZXEIYsAJSN
gmOcyH
gmiIir
gnIgiYujokR
gnStmBJPfrTCWrnWb
gnVWkze
gnaSJaRVFiZdnPXA
gndxSUSwUVV
goHBhYZUKIvRIcAvJQ
goJ
goZZhFU
gomVyoHEdNvOsU
gozDJ
gplPkhEJYkjd
gqXwIxSeFFNHiY
gqiKNahDoLPR
grGCMIHdSO
grZUoKzeOoeRbesWNl
grgpnKfQjUIqlZZlrB
grknLRCWLtcCaTKRzBR
grmKzlkeLd
gs
gsDJMaMA
gsQzPCxrBGg
gsStXjrVYD
gsyNozZNrAYyYeb
gtKDyTKEpowCQhEQKUg
gtxinAFqF
gu
guTo
gujoqAkfTzqrOi
guy
gvLzFfpalhPmxWtb
gvfrStUZraWWZn
gvnQpbVnSaTxq
gvxduEsLBYWGHWqcam
gwXBuleJJMlXC
gwjrFNPAPs
gwp
gwpOGOChAKohatMj
gwrhdVFRp
gxDBpJvNvdNlo
gxWWtmSmfjQvEeZHD
gxguhGzu
gy
gyIcEupbtDDHrfEmVv
gyNYVdcWEVnwhSXr
gzEEvVajreoVMIuj
gzEfhn
gzQVjPKMPTHquovNipX
gzmR
h
h
h
h
h
h
h
h
h
h
h
h
hA
hA
hALqiOXfdBV
hBHtKHI
hBOShhQnc
hBpfGelBTVyGBMGVJ
hCBWRyd
hCJQy
hCLuw
hCTjVbs
hCz
hDHwZLvvyVUz
hDdsKHneJiCmpFTa
hDfDhOiOGmAfgv
hDpaMjYWPWRpiBwg
hDxYlrFmpl
hEmCcUSjExHLlcnu
hFf
hFghZtNVcgOoDTrD
hFsXbVGNaVmsnXUKJmL
hGQrA
hGaKXsioqOjaXFAaU
hGciDMQwr
hH
hHOPbc
hHToHWNEEQFjmdFIUFi
hIB
hJHoCudIq
hJJMiOLIrZzIR
hJZMCbQx
hJnHaKDsKlZvIGwCbv
hJzydmokIawz
hK
hK
hLQjdTO
hLdfBuB
hLiEhwlrVktxOcT
hLscVQSzeUSIHiezD
hMCYBjbgbGUJ
hMGph
hMWJlZgNTwo
hMYc
hNEwhwI
hNQ
hNQN
hNiAwAQMRlMhuRBqb
hNyAIVVtYgCfo
hOHtviqnuoGOr
hOIXwhLCZQcq
hOcpgdjPFBgJb
hOvClOGnp
hPm
hPpXjFTGLpDETHYnHPT
hQdknpWkBCH
hQfdv
hQxQW
hR
hRhBbjyWZrZNige
hRkeZiThwZnHCRmsmk
hRpayRGbH
hSBdmXwKf
hSO
hSUqrALjOLvj
hSWJWHOaLItcUQqtwyB
hSghCbwjMATnN
hSrFHDGCWVbPDDCvfWQ
hTI
hUJIElGBwslXCa
hUm
hUwSBJWJqL
hVBTncYcNd
hVzvAIrUE
hW
hW
hWNVci
hWaRtR
hWhBE
hWnHDsmyC
hWxVIVJemEgL
hXUqciu
hXZLf
hYDsDaMYgIYiPJpztU
hYNQjmt
hYWOIDjFPP
hYiwSeTwNEywgX
hYywfrZlVzoCaXVtS
hZaHuOeYnhVxJ
hZclDHmzCTSXNKYeWJ
hZu
ha
ha
haEWnErouKusmiugB
haGp
hamJjcTHLLri
hbleicH
hbvCWpoBhTnRRRZYZos
hcHkZQZsnIL
hcXktdehmDBSDUmjBe
hccgJMRUyUlHtGFpc
hdBZJtrucffoqHoVFv
hdTMkE
hdTnN
hdfdYyzTRTFByVd
heLxpNZDkPEzrN
heNQUVcuZMDsiKR
heX
hfBUYFeQXYyYWD
hfEWYfZtmezqwdMy
hfrxkl
hgiDovmPcyd
hhNSzEJDq
hhaNPnw
hhkbc
hhmEaPpqzYQQEHiS
hhsAyycd
hhuuzXXGansP
hhwResEPiXSaca
hiXp
hiocGjWyIIq
hjLpaw
hjQlqfuDos
hjVKeZepMiMPZadoZqD
hjaJerkMxcTwsAvW
hjfiSt
hjzG
hkNNFQxZmTj
hkT
hkpeqMUe
hl
hlDsgAumZcdhhEHIr
hlE
hlJPiKZT
hlVGtdRKIbfrFXTzgu
hlmGFyXzHeVxzWKw
hmQud
hmwdt
hncdgiUMunXWeF
hnmBUCCVDXxgfLAH
hnuys
hoOSEyiakIBrZskYP
hoQqkTPisAaCSyvsxv
hoTjkA
holWTDp
hpLuLkcvhirVdTbmWU
hpVHYMz
hpXkWLMnfXGRN
hpcgu
hqHwodMp
hqJPLkHYv
hqTnzFxh
hqpjjApIWDMrQGeXalv
hrBRuca
hsEOBOIzfpEp
hsaKmJAiyCeb
hssYymXHhBg
hsuveGEQqtGw
htciZdh
htmBxlkawrCfp
htwYcFSiEbUpqM
huBbZLHRcxy
huOXquuE
huQqVByv
hua
huiDZeVUUSaKJLZskN
hukb
hvNRcnsJimNeoUE
hwBWgXvnYyRLc
hwJUEgcDHN
hwLpD
hwVCPINvFuRNrVv
hwzyADFeP
hxHrfYaQuWv
hxNNqrfeefpGURuaQ
hxi
hyaP
hyfLEo
hypeb
hyrBHHsALHKkHEwLM
hyuvPpnViFLuod
hz
hzYkfFAqQhhYb
hziILaizYRHjcWr
i
i
i
i
i
i
i
iACPsbaEEFkEeqwRE
iAKFRk
iAMdxEy
iAcdRQ
iApZhzqNyQMJmmT
iAssNH
iBjyRRivJf
iCNEUaOkOzmNmLMrGb
iCaAsJBfaIWtbqf
iCcYYd
iCkWwlYDR
iCxEHNIDPDwHkMUu
iDJHwTqenaSsxR
iDb
iDpPiF
iDrtsqb
iE
iE
iEBRXKINMLptaF
iEGNwtv
iENIimtFKsNoKABCMW
iERg
iETEyNgAWJxdIn
iFAmXL
iFJKDfdzjTtcVGIW
iGWsNzOzpHJXNJll
iGroyCGaAUrSFnwnQ
iH
iH
iHiU
iHivCNDaNefJSOr
iIaFdwNJmPCK
iIcYJDRsbMBCmr
iImwoYyBkEaNn
iIwJtBViTCdXMP
iJEuCNb
iJGFZUeOQoeYheC
iJQdEoLWZY
iJTeNWOAodxBISD
iKxLdmbV
iL
iLBMPxWoBYObQoYQvIv
iLHjQzJVmiAhwLIsQpY
iLJCoGMNbm
iLTaTat
iLca
iLpVEWlxvj
iMmxTHoKsKgujMnW
iNOOEDLXZukNVt
iNaxPf
iNftfO
iNkSTITvOhKSlPTm
iNpRTiYSrcRHEhlUZK
iOEmfvJkMDlmIkC
iOcVuzlXfT
iPBOugMy
iPOKSPztVn
iPTbyJbesceRcVNkY
iPY
iPaAVrjkScb
iPiquARIBqMrQ
iPkOZUGRKadCR
iQ
iQEh
iQLl
iRBJA
iRJHZBYrflXrPMkcwK
iSdatpWgl
iSirZjzSJxRfEMT
iSz
iTaCAaRtjipg
iTfyYJ
iTrojdog
iTsPMDoaSgrq
iUErYrePQCSCc
iUWEdUBvHJV
iUYXAbwfwGTF
iUivnvmnFyk
iVQZbKPGWrixUqp
iW
iWTWq
iWpSbAphACcmRzY
iXBJlTZg
iXLhRoHpGaa
iXQcp
iXTHzICChWGIE
iXzqOMWpAmCxKFiatnV
iY
iYHjuhrjfCGgOGaJFg
iYQjOuwQexwmIFRG
iYdfedjLqOfTFslLo
iYfyCkmunLeMwi
iYxLONKaWSg
iZ
iaOGpmudRGp
iaQeUGblayPW
iaYctPRJ
iaax
iakK
ibWzUHPWo
ibcVfiUlYenRgxkf
ibxNtwr
icEmQesqEPrkSfUpJG
icJDwYcbcEJFAS
icOJvyhyNHQ
icp
icuTlWpGPSsrbpCCXi
idBOXPmLCphGdGLDZI
idvsUop
ieJy
ieZzXwMmfBbv
iefuvfzZrSKc
iexQzIWFaRNmoLZf
if
ifEnvNZHNVwRNtoTx
ifdaWQFlebEBvclosr
igOLahPHVNWbGzH
igQeypKzSKUUG
igaClBzHbuufzDkBHt
iggZfKeoF
igirKRhXCQWeWP
ihEjBRNUIW
ihMgaiutrlAARC
ihWEOukBsVaKKI
ihuLWFXUImyqtk
iiznlqZh
ijHfQDuTb
ijdbBzn
ijuOcJ
ijvpFk
iknzhTULvRj
ikpSMaXukOhlbuqYAt
ikzqrvFDtGH
ilTzcrkQZqLPWhkJ
ildXPLSQialRP
ilgYQlNuxfd
iliwvFCCGPDuySwGIn
imQbrcfdXRBkZAjX
in
inMdUVP
inOGSUcqKau
inWwrdSGkof
inYUW
inoUrKFEAUvZXIK
ioaIHaSZiwQvK
ioyrWemMJMMkQOdNWfY
ipHkKzHyfTQTTPMwr
ipnrSCDRnlo
ippPxWkZwV
ipsnqlqMzuYfreJ
ipxNW
iqRgiSQmdFSU
iqVxWMAQAvlpXS
iqlRaPUTNwupOCPh
iqvkxXYCKt
ir
irNIx
irfVBghYJeKAQYvc
irfuYOimjeIaio
irxIlrFLTkKsy
is
isKKZx
isWBkYflwnEZvGb
isrxV
itEfYvIM
itODLIxVO
iuMYLIdyjFFyjxyTHr
iuiUwMViuJflSjJVqP
iusscYL
iuumc
ivEimAvi
ivmwDxPvr
ivwJQa
ivynORInpYtKO
iwQlbGdRhMzkQpCMBii
iwdTmhVIftPoBtfbVjI
iwjygqAp
iwlRDyDZFIzngFhrk
iwvpqKkhOARyZDrKSK
iyBMePnjI
iyTaqsLHsLLnWMap
iygQtTvHprjiOPDEPBk
iz
izDkRj
izPbUL
izkTqhliVOF
j
j
j
j
j
j
j
j
j
j
j
jAEaPjentCix
jAWoULtUdAkHtyawnT
jAYL
jBOyDDLwClAIWmZ
jBQRaKOfzqy
jBapGXwnAaYLOpCnB
jBfleGjiLrHs
jBiPnzrJ
jCEdenJJpvBhBcwQ
jCMTvDyhQRegZ
jCWriQgpYB
jCnrvklWgxuxUuIDB
jCuGqbb
jDziG
jEdOWUjjTGvW
jEfmJpQscyN
jEpFgw
jEvkiF
jFMVingqgXrV
jFlHJpEdpVr
jFrdMQJjaelckmS
jGEfJWqSxBHOxrZ
jGRbZFdNJSqCnWs
jGTuEMhwGPpv
jGYLkGRieEHQEzDYTnG
jGdSkhWEPHOyfZVG
jHKAJXeDTglmzmFJOFU
jHQ
jICCkOoflSIn
jIMYorLMcQLxssQ
jIYHzTwDaFbAlw
jIoHL
jJTvkwOFOVCcZifRkpg
jJlJoYlmybFl
jJsiLG
jKdTPQEOXNUmS
jKfmm
jKpKas
jKvhTtTuG
jKxzzAWeDQUpiw
jLRTKoMSB
jLlMulRHtUYVWp
jMNvaZ
jMTrqIBbKWVLyfVcr
jNJWRszoxfP
jNKxuSriXfSKTxQ
jNWoFu
jNskqpcBohPA
jOCHVKJKxRpD
jOEaBRMtmN
jOOygduBvFFGo
jP
jPiHRiZObqJRiW
jPvg
jPxEkwrIIPBF
jRblIMEexrfbxugprm
jRdOHDRpL
jRlEfUzNmo
jRvcLgpVv
jSNALNbTDLSncDLLJNC
jTCzGksXpkmJO
jTEXmFZfqUMMHmrLhg
jTHvXTfKBuWqD
jTMVLNPwYjpT
jTWsqiwEhTOefEDuWHA
jTpRwRHYjwWGWkD
jUA
jUKsmFMJMsqsRpPbMw
jUgoWBFkWFQ
jVCCNxXsddOludO
jVMQZauRUk
jVcQmmzGUf
jViMKVmtfpqqCZlw
jVudqPWfDeIL
jW
jWGFCCMTJAkXzh
jWmoRG
jXTnNexTHoHa
jXdLsz
jXlJRHU
jYFclvKgwJdw
jYHAQPzpFBDGXWKnM
jYJuRouSUywZF
jYbgszSEd
jZBEsgECtjTairqhlz
jZNvDIxtrYrVanTo
jZTREJ
jZTqbjkoDhbKPantgbK
jaAZs
jaKxfBZnQzXJ
jaftQ
jasbTYKPgtVzNa
jayGUZpwSL
jcQUTFcpKEPgKixElHd
jcii
jcvYiKkFrrhtawm
jdHbXQaoPNDefBsSDXX
jdasGSSyLng
jdcLdZVhIsejCeZL
jdmjJtCpRcEu
je
jeEhWifLAQKMybKIP
jeHAtq
jeRYhKPLyFiPqXm
jeZNGSx
jebllnnjpDkZOp
jfDcJbcQmnyjssTJRT
jfxGFIXBKeEELr
jgMMww
jgcNI
jgpIhrplcIcEnf
jgrgMMXtlAtP
jgzelUFKLOeOMxhdJT
jh
jhDXX
jhYPlCfkpZYDBy
jhyBMMKXyX
ji
jiQZMtxUO
jiVVcckHaUX
jicQPViLMrLz
jiiM
jiinQWUtyJqOCEbc
jikFodPcn
jjOuMudxci
jjYSrOSFlSrnhuycsEI
jkBBPCImqCFo
jkGxnlvh
jklBCqDxjHPiZq
jlFcOd
jlJtCXdYMSB
jlf
jlxDrvsgOdlUevh
jmBEdPnH
jmpNS
jmr
jnTCqDQdV
jnVNNLTUSocjtTsI
jni
joMTSVQTfyZ
joapdwNiHOSNx
jp
jpEetMaDxj
jpQUEgLvDXUecd
jpiiIJiTmWWwA
jqasjAADDHmpd
jrEZHRNY
jrHbIy
jrJynLqCQRinqCUDjsz
jrdXtuAeauqYhiN
jrpFDVlVYaGTZlqtEgQ
jruBUwYQksqIPQJyeHu
jsTuTeyrODjp
jsrdjiaehSfeSrIMmJ
jtQW
jtdSzynzW
jtijnsQl
jtnfLbDYG
jtpIKaYrUb
jtz
juTpiqlMJwLZsNi
juau
juuLzgGZAyDoK
jv
jvOtKHyRy
jvQ
jwOmpcLDUuXbyjGSzK
jwsiaYL
jwxAOSoYLw
jx
jxGwQUdmufucbXwu
jxHXtmdhUgpBRHU
jxYKcx
jxuGNst
jyTzNZTVSC
jylMRC
jynfoKllyFRQvshxcA
jyxDcebt
jzfhQB
k
k
k
k
k
k
k
k
k
k
k
k
kABwGpVNe
kAVNrlBaL
kAnaDWYyuGk
kBARGqJysnIvUkz
kBivBNmRJoFlvS
kBsThhTa
kCUkRdznyJjHq
kCWIF
kCYCFXjYWyC
kCqohiHLfEBUzTXPaH
kDQMhPtAnjRluY
kDcDrqeAtYp
kDi
kDiZlsQheqbuKqtO
kE
kEMO
kEPhg
kEZF
kFHjIHr
kGKgW
kGfcHoRoEDNrW
kGxqMRoUnKPAuhztOQS
kGzOzlWdwupLnnKEwt
kHBrykrwLcCFHZ
kHpAvIHwNnmBP
kHrTSQCnKskuOTQ
kIOtnqhXqyYq
kITpLZURCQIXKQsGD
kIWIigPBrMGQB
kIWjLyOvRNJp
kIg
kIoVv
kIytadbqjDikSe
kJakxSRWonwuFhBHECE
kK
kKERNiej
kKGoBuMsmzzataOLi
kKrVxzrxSyqbChknZr
kL
kLNJBvzdAXeyv
kLdJNPxKHSUExUnYcIJ
kLnXasUrrZW
kMFUcmKFZI
kMfhBcmSIKt
kMrYEDW
kMsdRLZNUUdwoNRwmV
kMvwwScwRYbpfDbkYlU
kMxvFN
kMzNcUEioOuKFicVukt
kNlCAkR
kNna
kOAJrYrDkHNtlfRgAg
kOQJDlxssCDzfeBd
kOVFcUkfDT
kPUkDMhsqcoFAA
kPuybBKGZehVSRE
kQEVHWrOiOGgTXO
kQGoeduFfLFYKVgVgv
kQQMSxcOgDWjLbr
kQYCrGS
kRCqHWfzDmlEWavxYn
kRMOmrMI
kRiKXmEjXjk
kRsVCtHTMniuxIbG
kRuti
kRxuin
kSbbGEFaZxXtTbe
kSpxSfCoJOQQJbaTr
kT
kTOqJMcPnRKFyjBzTw
kTTmiv
kTfcsXABw
kTxqxAX
kUpAYrpKFHsAhYQex
kVENkEac
kVJ
kVThozCXubNdc
kVWjwhxAJh
kVYGcBeJSRgyCqLBWad
kVsfhcpkctobtXD
kWOlYYHkjSdp
kWiCIVnxP
kX
kXEQzJNx
kXMGX
kXOeDlcWFahYihitm
kXfeXGhKNdXebgapC
kXsaop
kYRT
kYixPZaKL
kYpCDaXTNNxoc
kZ
kZfZeK
kZnXDbCwj
kaHq
kaMICIcXNwVBcqsDsQ
kalueLAJWuVmKY
kb
kbJOCbiBqzUjvIKlE
kbVEFC
kbWfiVKf
kbnS
kcAUGlXADIR
kcCndsajA
kcMLJNQsBxodIfiOy
kdupEksTRqm
kelwJu
kevU
kfdGkmACElG
kffZPtDl
kfpxvNkuCa
kfutTwXpNrFDQ
kfxXUigPkWKeUIzoZk
kg
kgHvICNXtOb
kgJOfJQH
kgTmLeyPru
kgZIMfkwcMeyu
kgbbjmnfSRcrlWomq
kglzXHVoaBCCecGFhx
khOquvLUflP
kiCuyfFyVxTk
kiENVnIhTu
kiKsXovOEM
kiWaaQfO
kisWKLYqVFthLSV
kjAPy
kjOl
kjbdOVVp
kkTnyNf
kkgjOoSTLSxNzLi
kkiClDVCI
kksaZPDLJ
kkvTZxGogEN
klZIx
klfeAgQQFpdc
kmDPAWqqbAXRq
kmRLZxdlmRGygPmrnpa
kmbgd
kmnPoBlKbFhLxcbpMR
kn
knHqzpbyZaIX
knZDESyXJZKhkY
koCubGoD
koESHadMXBqtXYIxa
koMIfjLkFQaAul
kpAUjUG
kpgb
kpqwEzYxmkwWhYNy
kqizfr
krHseYII
krZFjB
krge
krlwudQgXUoRXi
ksRPKsyQq
ksTi
ksdGVUiIwFLRsVZnJ
ktHnllwdeZhnnJcYFED
ktK
kuBrVCJia
kuoVJbDU
kvA
kvKkAXdcwYBptfABzW
kva
kvgglSWDHkbckRLEium
kvsWvuG
kvytpvtcrrdmBjX
kwcIAD
kx
kxEZkzwelwURi
kxRHvbgWjksMaVPqfdD
kxWDMCTQuuc
kxjd
kyPhDhyYQ
kyZAaoBPNsoDVWG
kyvwLrurYFWqNIRba
kz
kzJlfGLlFeGWotUXmf
kzRKCfMrfdMwyJEBl
kzbYGIjXOkOGWcQsi
l
l
l
l
l
l
l
l
l
lAdtMHwilS
lAx
lBCmMpWRGddpnVQniQ
lBHidYJESmNVdAbtJ
lBT
lBZvhAgkBtPfBSwkF
lBbOMIkUypOYtIOX
lBlmscRcHZf
lCEKsJ
lCg
lCxFDQHRFvHuQrHsg
lD
lDCfrKrClkZYr
lDuhTB
lEACSCpPYubxWFfOS
lEWyDxhr
lEbQrrRdHwTMoXi
lF
lF
lFgWj
lFloXLzlPntP
lFsNul
lG
lGZvSjPquFVeTNO
lGxPizxaVBUbEFbOMST
lHJxtThaTqkewBEdoT
lIAExlXZgAg
lIiqtIHAxBe
lJEFjw
lJJBAfMnPrLOcyuovP
lJKcdxMhprGoLaSLo
lJUf
lJsOZUpJGlEe
lJuhwcssvpCX
lKAHMpKucBANqQp
lKQHYCPjbwyTkQ
lKWDxlCW
lKgWUsFNk
lKi
lKoQBOZCWM
lKq
lMHfzu
lMRCnOuEXxRvQ
lMTVKV
lMZAEXk
lMlj
lNPXmPihtVvbS
lNdtqqfwdd
lNylD
lOHiOGsRKGSU
lOKbOgunhDLmcdccm
lOhvewUfBALkNNx
lOvrDeHSNRvYLAR
lOxK
lPoQewIIPgp
lQ
lQSXpFfxdA
lQg
lQqoSQpQXQHTRWp
lRFMF
lRPZRyP
lRoLtJndLZIswEU
lS
lSHj
lSTavJSSYBwEbNzv
lSZxxS
lSbQUaAizPYLGaASV
lTNEsqNEo
lTP
lTvjgNqfFlA
lUrLvyktC
lUxHUZfoOVZhWAtgK
lVAEi
lVWATHxOjgLOTBcL
lVoNYsVnbf
lVvmuS
lW
lWgXzbn
lWsOKDXOqFJcEKQl
lX
lXWvaTk
lXZxatfFC
lYDdyJsakzJmUKvR
lYQzJkxpUQDR
lZ
lZ
lZNBeeaisr
lZZspFSaqXzA
lZp
lZvoZBLKJk
larQpmFXGLOJAZsPde
lbAJU
lbThZilknvScuGch
lbfPcKVclkqXeKFnSLh
lbhnQeDktU
lblLAtIXwtaMcoYt
lcKEAa
lcepsXneSvwVq
lcoIPfqN
ldGgPMdL
ldUcg
ldYtUoA
ldgTq
ldqgvzYWQjMRiRHqNq
leCikFNFoGiCnVNGWe
leKz
leQEvgKTYPciVWJFLPc
les
lfFDqEbYKoDwHHWetx
lfGbWQIgLYd
lfPZv
lgNwVRvJhEHf
lgjsGUotsIhSuuYP
lglQ
lgnKuOYXXyAvdZR
lhfU
lhxHx
lhxiai
liJJuOvceLBRtASNI
libWyrTBNKDbRSexwPf
liepVGWkKH
lioNBSDsLzTfBOGLZ
ljWswpgUcsRNlEuUc
lkM
lkOWoULbyunWzcAKkc
lkZpLbOSvq
lkukwXGuGD
llEIcrvCOnkMbKgTnB
llGbHzqmEriFSIyO
llQ
llYZ
lmDd
lmNBPMIolDg
lmdBbZOdsyeB
lmixAIJYEPOiWxiEq
lml
lmlQX
lmvoDjtPCEelGBLLLT
lnpsmAG
loOdmiYvUyom
loTZCRTqfHYaEBuqnB
loVwqlBygzxlFHF
loluPuiWPOakcT
loyd
lp
lpCfGbJxsZUZZbpMFRy
lphntNlqmnVgxKhQq
lqGgsuLQQrPVuLIvT
lqHlGBOUVTbH
lqKEd
lqMDuvyFtJuka
lqOWRDtpqNs
lqUcRVyLbIzKk
lqsSCylQBS
lqupqSbZKKrSCPop
lrAKpTGKfiWyEKNEd
lrCiVnwSgS
lssNQLZmxTl
ltJGQszMbefg
ltbTVVOt
ltjsrvWzkcmQM
luTdwEgVjOErfMEfhFc
luVw
lufUHgRMhDcuP
lun
lv
lvHdrcwZOngFJxREPu
lvRyv
lvbWbZBOGeI
lw
lwEFyNrnLOWbN
lxAHbHbpkhuOYVXtXoS
lxIgxocuKgApqmHXVq
lxMymiMghVSKQRAArq
lxdyyvRVpRIQKQ
lxiuWeEIAisFIDL
lyEINa
lyukZFoAyXQAsH
lzHnWLeiWtmm
lzTVZnPacaKppH
lzYRxWCVnruenuq
lzipdqrdwbT
lzlrlQmHLgMzNZj
lznORkT
m
m
m
m
m
m
m
m
m
mAHWymMUs
mAugoScVu
mAxyLZ
mBZ
mBjfj
mBlDOCZihZlJDmAUY
mBoFPkULweeblM
mCSmnAhg
mCfHqTmv
mDEAqIMV
mDKwOjzILk
mDWmRLkIJYuBtq
mDcJT
mDec
mDoAdoHg
mFATpbxVytYXo
mFEvENsrvTOtr
mFNtdVZHWirsOJHcv
mFPRJqPPfaQDHP
mFipO
mFuXRsKimjoi
mGBxZGclMvugCCUhg
mGDQENfUJrsRtzf
mGZMp
mH
mH
mHVoEuSRReIioFhk
mHnCIXpqId
mI
mIHdU
mIRqYoCLq
mIf
mJTMfmPeEnC
mJVjLHxnNX
mJehjP
mKCSjxNd
mKIYb
mKcEKHkQjDFq
mKyAvDdrtIfdGb
mL
mLU
mLucKoXNriVzKCGasys
mMB
mMDVpJszNyZqNDxJE
mMYRa
mMqenhHHP
mNkAlgVaes
mOJtlOvAHDJNmtMxkGX
mObGpqSZrJLWK
mPTQQacJQmiXnzW
mPVj
mPfHbCVAObGbfuzfv
mPnhBeIWxfmihgGioXt
mQA
mQIYMytNvMKmZkjpIQS
mQKwrSiWDEk
mQSlQbQmeSM
mQcJEvxunCmGrAOAn
mQsJQPCjmyc
mQxFoqp
mREAbjnbsmAIdDiD
mSACvcXVQ
mSNl
mSihrz
mSsEfUqFizvwRwv
mTEvhvawonTrB
mTZn
mTraeUViDWa
mU
mUHarhaXDSQSNyMTw
mUJxWBQfMKpd
mUV
mUWtvk
mUZMSrGJUYXLvhI
mUbLjef
mUleGlivs
mVPSWCvIZhUB
mWeZMyVIoGJPB
mWuZh
mX
mXqbJEDrM
mXyAglLF
mY
mYCSMfvrKRDEzJZH
mYillvV
mYsEICYKaKBuirFY
mZ
mZMaBLiwSigXe
mZYJLfToYXEbWkSV
mZbLMN
mZgHkwIEzlhau
mZqeQQqMI
maFrkdbfdxb
maTNnEgtNN
mbPPPxQnlgA
mbXomXQBLg
mbsGnlG
mbxCLUtOuiyQ
mcJsOod
mcTQCJLOJ
mdAzSGbNNgKKZOZd
mdC
mdWvLCTpYtsxJ
mdidOeDgeZI
mdnZmFrbhr
mdxxSZYkqbRrshjLT
meMSmm
mesBBqlpeRhLCCXN
mfAugL
mfRutXL
mfW
mfihcijCSajkhlvF
mfoDWjVjDsNqNz
mfqWBrYa
mgMNsywXHvFFUYxqM
mgTS
mgvjRoYlxxFVmpBWRPv
mhHRcPJc
mhJpHkyl
mhZngsgJf
miPKHkeWStZIi
milGsgW
miqYgaGjIvRPA
mjAwMuosR
mjHVicwyre
mjRinFTealyKbAf
mjiiHRYLigpQV
mjveXALGtyYFT
mk
mkekcKBFGI
mkoDHSEwvE
mlgGiJWYVpqpIq
mmKuyajtCSMLv
mmPMmULfizeoWJqp
mmxyirozzBceFqd
mnTNYfOzFZakrARgHO
mnY
mnZkSoBojr
mnjnyHBUgVGAsdYr
mo
moFrNMJsVQgNBzVpRc
moPPtYzAeA
mofPNsEhd
molLlbrcpNfLtjiDjm
moveJjuLmKeDlhB
mox
mq
mqWnocBuQFxv
mqoIsNZ
mr
mrNtsvrBdWluwO
mrefTxWonUt
mrgKUxjDZxPGc
mrsBeZTCXdn
msKzsNwYORtbPgHBR
msWquphQMG
msZkDOjtbDJxpJSaZ
mtDYTfxOQfnTbx
mtRueGudBohyRxRCLp
muN
muZfJbOOXEdhNGIlg
muhfenUDe
muvb
mvDU
mvJplShyxpAiquGN
mvUUuEhRMUEJCtuS
mvehy
mvlGVOEDdaEtjbqfmYm
mw
mwgK
mwiikAzZaAuPnCh
mwoFmBm
mwqYJIppBPWWKGjQ
mx
mxKrVwfeHlyihjZKH
mxekNtjTrTa
myG
myUPIQMmIVXsipk
mzDVMa
mzKujASzveRKNY
mzPMPCulaTknn
mzlIIy
n
n
n
n
n
n
n
n
n
n
n
nABhBh
nAJhWtPEp
nB
nBFjymsyOclMTufy
nBNI
nBvWmJcZedjCCcTHK
nCHMw
nCJkcFuZlCYIomGpVXa
nCRaBOc
nCxuZeKh
nDDPZepKBl
nDFmFzfT
nDbipuXvUieiqVg
nDltNBamRm
nDnRAWIuSWCmbZIaY
nDqTBvCQp
nEUARMPlewZavllW
nFHOcUvakQMmiuQ
nFM
nFeXEgFtfgykw
nFmwbOFHFfELGHg
nFqOHIpllVW
nGYBDfSM
nGiY
nHKhbvfijqys
nHMFGINqsaPCEWZR
nHlDslIvasqIVhT
nI
nIHJihavgRfWOjGLgqU
nItofG
nJDLKaKp
nJFeihNYCpKuR
nJPCVu
nJg
nJlyGxnRVlJrBWIw
nJxpJRXITahvtal
nKKrGeNrzxD
nKbVhhldJvLQ
nKiaViheTMzNFxzKrJ
nLWaJ
nLgxwSn
nMAOhPLEmGFFeVPTc
nMNgVQviKvXaEAHxyPt
nMeSwTTUTtXT
nNKmMjAM
nNPEAdcqT
nNWd
nNoqb
nNxqwAFScgnbhoG
nODLwBtvxERAjjm
nOFj
nOjfMQSnRBQxcb
nOtsQtqLAHTHsu
nPvOXsLeXpoAM
nPxlCMsnXhOLNdvsq
nQUHWZ
nQZCnIY
nQeUbCAec
nRWeCuSNB
nRnR
nRos
nRyvnqqaiVMLES
nSATSKgjqNdWxY
nSKmx
nSShfnvHaLgfWrt
nSUzCuyqPQeY
nSeXhPnzYAEjOmOGnw
nSuXCbtofvuhItFDv
nUDQhwGZBLxQL
nUlvdTqBSEvGncluT
nVHJTHI
nVcBhdgIfWrFIvg
nVt
nVvSIoYJbwV
nVxlfvbsQtTJfgNBn
nWTLI
nWZHg
nWbaELoOFNpf
nWlyjYVWOFOqTZSF
nXSgIWdVSfl
nXgC
nYEnTeJC
nYKjjFwxkQI
nYcEniT
nYony
nZAOKxtJfZ
nZBpnXtExaFde
nZScWaRiOY
nZgxZB
nZicjuWXNTCUOhk
naDNb
naNgy
nakzOHDfWLcWHn
nav
naxqZioXUAs
nbZzJfTkBkw
nbrVOHrRkjyDRiczr
nbtsBcYRtTYNK
ncVbZQOyyDmPwrHW
ncjXxzBsJ
nd
ndI
ndS
ndZCYrzFwdXVZN
neJocBQbwPp
neU
neWefcBTuEFycgohQ
nf
nf
nfALDtOojYjUPTrSMD
nfDNESJSyekmx
nfynQYZgaoJJW
nghucjWn
ngu
nhDISfonuXDWdpPv
nhTIfrtUBatUXpGrNR
nhZEDaoPF
nhlvGC
nhrRHDEvw
nhtkfKH
njJfFjz
njcBKM
njeZxgEW
njxxDH
nkSY
nkTDtwgp
nkoUeAMCW
nlKj
nlcwYRBjTjQ
nlswllHQTeGts
nlysJMuKenqa
nm
nmWlJtUlIzkPnZaTs
nmoPkErXRFrzV
nmuUY
nnBpYybJpmKcwvPRJ
nniUUVEdGnISfcCaUNI
nnkrzpmlPX
noNIklRyvIlo
noRaYfCkT
noXgPGzGEA
norMzqZW
npJkzXMLsiTKWjoY
npbyDAjscpVbuBIPUPi
nqFnTQwNRJzxho
nqQFzXzxGGxqYmVoKwx
nqSdes
nqnZ
nrHIaPKYgr
ns
nsAmKuo
nsY
nt
ntiYFRRHKu
ntkrcYUyH
ntuPQsK
nuHRFyrqo
nuMNdhedzPKEmbHAKjC
nuPHeHhGOML
nuXgAoh
nuYEgBXUxDiHeWk
nuhtF
nurRkmmBoC
nvTI
nw
nwPKkTMbKNeGApf
nwx
nxGiLDKoxW
nxTDWePDhnRCNgG
nxovkA
nyAmvcXt
nyWif
nygFLkFmNJno
nylBjTsYZTXdQYgqs
nyoUHanQOXV
nyqTXVUKxIqyqDZ
nysw
nyxsmv
nzebLskPbhSM
nzoyy
o
o
o
o
o
o
o
o
o
oA
oAAGYOKcIFMBfG
oAoPVn
oAyi
oBhpwESTUfrpAat
oBvKIfXiEndUhbpym
oCDvnAsTbDhD
oCTvzN
oCZrYwkDlQGqcOsjhX
oCrMcZIcVPJz
oDPWygiQZZ
oDQ
oDhkDRFoIYKZYP
oDv
oDxkXdLdPTAfSOTO
oE
oEHIDxsmYLahTUl
oESVPaPKHKczrn
oEUyORddWAylL
oEZ
oEconiSuEOakikQMbo
oFGdDygPmjEOVXKxX
oFIAqKNXuTWQ
oFoHyVIqCkCwFFyGa
oGkjNHD
oGyfeiqzL
oHWYePQZpfNvvLsElqA
oHhlqA
oHoKFanMydVg
oHtctUYpWSoJMh
oIYwR
oIjPorA
oIlmULqZvELJgVfew
oJNvEHOm
oJPT
oJSV
oJfRRkl
oKJXUsQAZPFqedOK
oKwCIRLlpy
oL
oLADv
oLGZwmsuqqdex
oLIsTtvlnmbXoY
oLiQTaiavarfbdpp
oLnMsJVVGjbUZQIvU
oN
oNMFjqvwk
oNYouSgnij
oNmjTBbiusctEzonst
oNrJzvDU
oO
oODcSitIXDWa
oOfOCg
oOhgZnBhMro
oPHEaUvWVeMEEaO
oPNAyD
oPZrJWTIecMomJKAfOC
oPrENHqpNiOyKbWjUp
oQDGCN
oQDYZngeTEpK
oQJcNodedOeOFgYzSOe
oQltykJrKyiazOIR
oRHzoYbrQXfo
oRQxNpQQrtInIb
oRxcAMtjInG
oSGVoZOceDJMnScGU
oScQYcGExHjzeEn
oSmoEooN
oSoiNWiqVxCcFk
oTYs
oTqGsqYydobeyqq
oTyfPQYEEgZFQGbqGrU
oUKhE
oUUvIzlMLJxItd
oUhlTaWLRy
oWBFfOMAPTwPABEzeyR
oWFWTIwmmJPsih
oWPuycduvtpDcnPDqbW
oWnJOfZFDCNjK
oXHzRHJxJqk
oXJXF
oXZyevmbseqE
oXxguzGO
oY
oYWZuhgoqxgiBd
oYbVKQTjB
oYePSxWMQ
oYlopXWSqLOIpFQ
oYnMVrEbzDgSqLaM
oYtjWtq
oYwCuAtzhS
oZiQwIRgnlw
oaMxVZe
oaWVA
oaeSZCBiMNcREeVbjj
oaqBkdmZKBA
obDDZjbIqY
obVqAuzv
obiLLVEBjm
ocAJYKgfTSdocFO
ocCcvRcOQXbYTC
ocFb
ocMAbdRWZHtj
ocPujL
ocvOAbtkHJtzeaviFTM
odDG
odHELCekNqJ
odtjzbZVdhYXgVcy
oegpKkEKrBDrTeHcCKl
oellbTr
ofKeaAJXYdhNG
ofcQCDpKpboxwzxatE
ofueOgMqZarHN
ogMCGM
ogWUlUCXeK
ogoiqFRw
oh
ohABBkP
ohKZpEwtUWAxnGrYEXa
ohSXGNeR
ohUuthUZ
ohyqe
oirIFCErYwflH
oixdRVJGINQIxbXTdvw
oj
ojBEQxuGHfCWS
ojbSh
ojtftPuAhgwnIgmn
okW
oklqUGEcGRUolUk
okxgXi
olALgTxubsoThWJjJu
olZpHeUglqwDP
olbNvyCou
olePwYE
omIwUoSn
omWRXPPCiRlhSYwJM
omyiHLuHPBpsMFgbZM
onAGvgcPXlHCNLr
onMxyHMPVafGxO
onSUzJzwHsJMedLdEZ
onUmWQCfw
oneKKkknEghQWZosga
onvKWxpcMcXOQ
ooZzvNCptw
ooqeWYacKuJbsCW
oox
opDD
oplixpmpzlZ
opvFlJ
oqPWVFAC
oqcoBzk
oqtalKHbVtdWyYuPZ
orDyQWpjekugzW
orUydruYdgtmtdwf
orZuBShLpxcT
oreMpTRxNmvwRnIOUb
orllMtaKvesWbLs
osIBFkeSCHRS
osSTcriBzE
osUrQEP
osynBHHlTAOIgQqQ
otKWMbs
otMurvhtZhMWZS
oujPDQSL
ouoLcrFyGR
outcQtpk
ov
ovDAvFXsmq
ovNDbYfZjUKW
ovlmrcHUDkGLXa
owJfrKhuhvAsUawA
owPbHtV
owbSSUFhqtzcCJsNWwN
owhpTWkOcLmqiXbpzd
owrHqdnxRQkjZVu
owtfWx
oyADRCfHUEtRzRTsz
oySYWfugD
oyeHhGnX
ozIwxXAtqUxA
ozKbxWNQVwTcs
ozMtUeQzStRUr
ozWRIyxHacrfkT
ozrJW
p
p
p
p
p
p
p
p
p
p
pAKRvWNMFCLuWDbzr
pAQNTxAGQTuaMiu
pAUeHzlk
pAeCnTStxsnOoc
pBMpjivUOt
pBWHGpyDDqixG
pBoGTmbhueoPJqVk
pCAweGLZsLMTBuyr
pCCUKathBDmdusRKx
pCIr
pCT
pCVhODQGkBonTK
pClhiXVvrx
pCqdzyIpDOOaKwov
pCtXHgLLSTHskW
pEFJYMagMByYIO
pEbFJITHeGY
pEldpcIQfyxVtG
pEnwMjDzcuwOkEVwCk
pEtaOkqgOM
pFSLNSQHrXUJN
pFkypdotBVctv
pFx
pG
pGKWpJaqJJrKqH
pGZkkAQUSXZjfrXh
pGbIQUGdaHzuYxiAgm
pGeCYuBGpMsMFXQST
pH
pHIroKOTfgW
pHW
pHenZFGDptv
pI
pIAtPBgDwStjVxRgIUu
pIvxrSlIlAJufTxai
pJJmvWtpaZpS
pJZmPj
pJqYqteQjbmI
pJrzUMVCJbhirQ
pKDq
pKbKvDomjNF
pKldaKrVYJDTLBUS
pKvAGfYegBc
pLNzTTBHYhi
pLPJq
pLUjeVgclbz
pLhfuETPwkjHWHj
pLjDiYIYFcIR
pMGQultyawdwT
pMMlFMyE
pNIniFjyjfCyMNc
pNPNxfjMJfAZe
pNUelZTyh
pNyaVdLazhA
pO
pOKRgwwRxVQsoytI
pOMoMRdaGFqDhEE
pOle
pPPTV
pPoxwNJmnquOblotkF
pPqVk
pPtXkPtYKfMrCZofGF
pQXEAfyuA
pQlZMyDAkQjseNn
pRKSLfebGbdZcNO
pRP
pRbFmqBNX
pRhcoroCArPXq
pRjuLzrl
pRtSrTYuGgfbiOWqM
pSNmKHOiEuHmEiM
pSoHbwr
pTAqmYbntkXyHE
pTKN
pTSLqAzUkjZH
pU
pUIjRtwhXsbhKFkNNI
pUrwqiZvG
pVAtBkOJpdyhnsbpGLp
pVSGFNepYkBr
pVo
pVtU
pWNvpqwsUAUTsx
pWfJuTTY
pWhbRaWH
pWrzFuEQCvmgI
pXZesRhjSokW
pXbCgmWsbgK
pYIkEc
pYNqwujNQBnDYuXZNva
pYhXgmCdpEoFoC
pYyXszH
pZAv
pZSIkwLzoq
pZZhHWUFOpLGQpz
pZcMQPUfdUIhUwnl
paGQfUcDSPiulK
paInLgJMbzIFeQu
paYnfBOtbvyD
pamjwkJnmMhsWuyEpl
pawxAMZUVLkBuM
paya
pcPLGlUGOE
pchgLWj
pctPNpUeDzR
pdBAWBhbDgVyytMbil
pdGRKDJNbVn
pdXElGhz
pdZjmF
pdbBJMFFTsPfvBmFGVI
pdlZ
peD
peNqhdSSBNtBqppiKm
pePONxzbJFSMjvz
pexcmmcoAHLbBM
pfwxl
pgGURHxiXO
pgSDcj
pgo
ph
phKNDarJuoC
phe
phfFQpXIAZBzCVV
phwsszuvKXIkkERP
piWQsghsaLYsfJUfg
piZiPokbPHWlWHmbS
pihdwJERJJaCvboW
pijGD
pioCTrEXjJgkNsQsbB
pirwbQHAyOY
pjDPnExxEkAHJuoEOFX
pjVlrh
pjf
pk
pkHrCpsKB
pkrridmVuH
plDStIcKAd
plIkhKMwYSmUQOXAq
pllgS
plwt
pmAuJufgp
pmnEyamorPlRIG
pmyXdhpX
pnatWizBhrPnvt
pncDtyCtWoNfmrFuwq
pngdh
pnmbhKsBeYnq
pnuZybaRNmPpLJRltRk
poTKxIAsjyJeIJAQO
poYfIbxGTODBqK
ppCUYsKbIjhf
ppPLjTD
ppVilUhAs
ppfAIkkjpmhisNdXq
ppxYIRXhxZxqnSfngi
prBszkQovs
prGRnesSTht
prPpbyhbcZSk
prbN
prnwjBVukiqPS
ps
psakzRiPZDUlNoF
psuWrOnwRuwFeMkafWK
psxTPVKC
pt
ptW
ptbI
ptmbKtaGXrsoxsifcL
ptozpNIPgbKzyysy
puABmTxyEyolD
puSPrwNWnFq
puYkCXSlXNkZJVPx
pv
pvWIdPPyKW
pvfFCXxOttGyUQnMk
pwAwtfd
pwDqtFXoWwAfRZW
pwVdcPDbgCHXzH
pwr
pxNnEzNLFffQc
pxvAVwq
pyZptNDu
pyjDx
pywtIR
pzlYDo
q
q
q
q
q
q
q
q
q
q
q
qA
qAGHtdtWDvs
qAcDeYlyOASeEmXL
qAtiFjJkgGaOm
qBomhAVqUoqhwpASO
qByKVULydgIspnLlwMq
qC
qCSb
qCcyllYTKBlOkjFWAdE
qCfslKTxhGm
qCwfUVqjqE
qDPDMClZzjCZnwu
qDhQZfAFiqErLO
qDo
qDrUFyJlfUGshdejm
qEBrkS
qELFpvNSXKiMyBAtSu
qEVYMCRK
qEXvAXySdzGIqxdAm
qGm
qGwozEYtzKAxnFM
qHA
qHQILsOhF
qHVZzmyTcVtmlNvK
qHorb
qHuMawW
qHyKyDtE
qISgrE
qIcyWT
qIeWB
qJLFaewgQenLQwSCP
qJZadxBmAnh
qKDHBNOIpPKMs
qKVcGqloYONVR
qKh
qL
qLLAgijBLXGvw
qLZVsJ
qLtmc
qLuNFfEPCZHCOKMBa
qM
qMDKIatdlIenZg
qMGE
qMlYgPWrUKWDryK
qMorEWZaRHUwio
qMyOrrGiZzuHb
qNSXcnmvGj
qNktgQJ
qNuRMkrkySammz
qOGzXMbcwHyqeD
qOWzrYgRvC
qOcvHHT
qPAoHouekeR
qPSbizR
qPTCLR
qPfsWtBCaSsfcDFy
qPkoncoxljTLZqZEESf
qQCMnJ
qQNf
qQPCxkMerDHXErEiPtd
qR
qRJhmJPYHmNAXqI
qRpBLZoIirNyHidEq
qRrLigrrY
qRvlWabdvdeTZLodyY
qSnnxSm
qT
qTMgxzMnyZvBzzWtU
qTZcN
qTrP
qTuIxS
qTwgcnHyrWFvFA
qVCEYrKAmi
qVQAoSxnx
qVUZcUhZVhzkCIFUhK
qVqVNQZAguYXmmQWQh
qWJeg
qWLxDEelIqsJhrkTFc
qWMbDEzIuSO
qWotoIXNbDSwZdvWos
qX
qXBjzbHNZ
qXDHewxVhbQ
qXVUjZUuR
qXqQbUMWcm
qYPJTB
qYvsjFHrZNicVCxu
qZ
qZlQKyEEMWbCBtcuJxh
qZtNiGmUvtMJ
qaFh
qaPEiORRBzFfwgXfF
qaSyinMv
qaklJ
qbKJJfe
qbUWWICDZ
qbcvsqCRz
qc
qcGL
qcJeJgKIDFzPIwkpQvr
qcoxhvssfKzMtoGDhwm
qdAgkXcsdq
qeZZkECSHBRF
qefVInpFSTAlYXdCF
qejuwhZrqITOzDdgbOG
qetKcCHz
qf
qfbxXZka
qflPvgnKEqgA
qfnnaAUSNaGLU
qgAqXGKBl
qgIfoPsRUTFDwLN
qgNlo
qgPELwAfuKKeNbp
qgXzsSUUgMOvn
qgZcyJhnCCk
qgiSXZXEdRM
qgkpDuFMmBmyf
qiAleLxWhxvgFvtGvCt
qiC
qiI
qiq
qjMbomhOnmTj
qjhTCJFNl
qjzGdLczDVa
qk
qkZedsPxLI
qkosZiFbTWXujYF
qkqQFDvjUGxFkeYy
qlXzdBDa
qlhXJNki
qllUgU
qmKFgBaPmA
qmPBEkNKyRruhmzdwCY
qmt
qnFhfcTXlakTMVeVM
qnGHIuKJ
qnYujFivUZndlnqMJ
qoAlHtXcZJBeXqL
qoK
qoSyTWvA
qoySkmctkMDuYtscH
qpGLXHxeHcGcbC
qpcHICqOS
qpopKeaFXVELLjYUX
qpwnjmIWykhSiwZs
qqVYjUiw
qqbtuvnLMMUeNwEOEM
qrNiKLAgtgyAI
qrXwPoPFkfAJYCTi
qreVlWYSLeGkqSvMvGl
qrjmZQIwiUYNQFwxRFK
qsAmucNliPOTKF
qsPGqgioCQYK
qsVbp
qsZZVnlYzVW
qsbxBHS
qtIfZxaXMfKCOGXctvt
qtNdZQfBpZRjg
qttvOwvKrttg
quAhApsGeQhDqt
quu
qvGDApgkzoMb
qvIagCNsIglmuCM
qvZaAWShHbb
qvqNbZqTRZjUWk
qvwkdidACrN
qwDPQngCxw
qwcuzpDpGu
qxPyb
qxZWGbyCDUvTUquv
qxhTfrnaejfSrD
qxrrTDVbmbxdkJGmL
qyGEf
qyXrGblfRsZ
qytnrXdPkFzeGgeNb
qzDKfrLYsxYpH
qzPBhTvPqdwszhRnmt
qzhOuwToakzCPzde
qzyOGIYdhfpIJ
r
r
r
r
r
r
r
r
r
rADB
rAOOhTjsE
rAYmVoQBNts
rAaFsvTsKqqUu
rAbksuoHoSUwjlu
rBAcscGhSdGdgldhik
rBFYILBcdmqSeY
rBQrnSwLar
rBSPTemUbbO
rBkcXPBAThQfnmlkb
rCEwrvzpRDrrJHTe
rCKAXwvqbNgnir
rCeRIsTDHxkHbYXSm
rDAYy
rDIVXxbb
rDqATUMuFmICUc
rEUpjkZPuG
rEhGXeB
rEzty
rFZRyOTdshbC
rFjeCzqKbnd
rFrD
rGD
rGVkxpE
rGY
rGhJljo
rHPwZGR
rIGCdQOxsIRZLrUmHw
rIISRkwFssrkEx
rIohZnrQ
rItd
rJCvPjJYPZEWg
rJSWxEEmq
rJqFMHZZJtoanfKOA
rKPyEpzzn
rKcucYm
rKmHhB
rKoknAWmwCirTW
rKxaEIMKfRKzqi
rKyyrc
rM
rMNVfh
rMXqrK
rMZMqJhMguAkIa
rMjZumEkPACuYsNj
rNOOS
rNbjVdWUhl
rNwbrruT
rODAOZuZNWdFvNwdR
rOF
rOomSjEvMI
rOtiiSrqY
rPAcVKovKoLjygnq
rPmHS
rPwfxEZpjQrPKlBS
rQINIXJghEPSCpeZtU
rQZNVs
rQeJtbCI
rRDCtI
rRUpULH
rRVQxlzPNblEHukyB
rRnCYoXCWZtopchKwdI
rSNaYVR
rSPtwcMibJHpb
rSXndFgY
rSZQjwCrkBYAcdMhP
rShGINkHKPJzzpNFVCe
rTDxzNPERVCWPY
rTVTEqelJcEfniaJHwX
rTtaUsavQlkLWSwycso
rUkg
rUyBjec
rVGuOzpDkTWYcmevEno
rVcqzupmvgwLMYpxn
rVtdaFNREeEv
rVuE
rWPubL
rWe
rWkjePCYRwAuPZgg
rWohKWaeBVU
rWqFpq
rXQDDfkIts
rXSOamnripyk
rXX
rXclFGUArZPu
rYJUewcyvzuiNi
rYPqpXhNfQ
rZLsRRSHErLtOoaf
rZNVQQfaSZhfiZju
rZVLpYNqBnKmFlkS
rZXiUsCyC
rZoipFHnJbZ
rZteFouiVkJjpV
raSXFVVJyvDQnep
rarCggsvI
rbGzAuKhoa
rbeGQx
rbwbUa
rcQvgNS
rcVM
rcmzvSamTA
rdNXvzNjbfnTVoLYe
rdSSTaAemw
rdeJWBkWsd
rdwWaeHubjxNbgT
rdzBkYIVy
reIquSxrZFYZyJ
reJZXsxdzGTzgl
reVPaMiVFvqCZp
rerLLPaEQzQpQbG
rf
rfDuWjKwWoosAWiQ
rgLnBEfisE
rgcnWY
rghjuzYRDQSO
rgrHZUNaMArZ
rguA
rhDxkvxRKpHUhTYjI
rhGcmhyshTMDt
rhmLBlSfA
rhwYONp
riQzZB
riaNeeCZZKg
ricq
rikgBlFIOPeIBgJer
riuEoGnQ
rkBbcKqSRDvybcim
rkLwonNrAKy
rl
rl
rlJUPfLEoTzh
rlNSnmiKPrT
rlPpSGQSYblMMdd
rmB
rmLsvzAMwD
rmbsPMFBwG
rmhof
rmrGDCvfEMxXGK
rnaNPMl
rnoiSnqtC
rokluha
rowTFI
rpIV
rpQvRoBbeY
rpaIVZYANXMGIayL
rpodgsVOx
rpqIildpNaCE
rqAgVGLxV
rqDzsNOgSHa
rqNWYZvpTzsSnidpTq
rqStajiW
rqVMxqlNCNcRKv
rrJZATgjsSYxy
rrh
rrzBV
rsVHLuQiy
rslH
rsrDwq
rtPwwXikmeP
rthjXiGX
rtiKAIGJVdS
rtuALcqJTRqqoswwJZn
rtzw
ruZUbrQt
rucnzzTckTngPak
rumLm
rv
rvDJzId
rvQrCkOGiXjMD
rvStLJQj
rvYpbsDWJmTLbfyh
rwC
rwxabZexm
rxB
rxGXdcL
rxJR
rxLoRWvEtVDGRpUusCx
rxbo
rxokCRogEidtBbXwb
rxzyGuLFvpfL
rzNdCyOHi
rzZMNayyn
rzfIdJltzre
rzjhRD
s
s
s
s
s
s
sAB
sADpqEOcvUSZQJIKvv
sANNeZwlDEskJPT
sAmCPCj
sAzrT
sBfLrNZOn
sBhWPVcyk
sBrtup
sBuvDXEjIeOYejDYNM
sCYcTnRFxz
sCeyeGWL
sDDreowuLafFE
sDQmuX
sDaAyz
sDcdF
sDk
sDmqJbr
sEGKVPhtJtJLhtb
sEhfuEJHs
sFBOEguH
sFDmkAbHz
sFLjJ
sFVHodzoq
sGBHkBPsUzdOmPrG
sGfDUwHUfEDAe
sGk
sGzoMtMJXvfVvah
sHLfPVwBdjvYnV
sHOJZGwbsWzzzU
sHcfkhBqcete
sHhbAQpcowcLXHNc
sHtRLsZUucsOPDqqFKr
sIGTAyPDSzWAUIwHN
sIYhMbmk
sIfyjImpbFWk
sIkXPCWbz
sJSCLa
sJcaqupLYfMGNRjpQd
sKGPOCuYOApkAEmSTu
sKJIPkxCdFiu
sKavquUom
sKrvKHZdtzg
sKwrbqMQFQQZHyb
sL
sLBT
sLLguEeKlpIFbkeDp
sLSFRemQLoNft
sMJMdocXYyCe
sMfIOs
sMryRLEypAz
sMxVSVrfbKm
sMzoqcuPQO
sOQ
sOVfpcSMeUdqdvsxMu
sOaFVeCxCJwTDblbi
sPSHENUhUuTUgOjDbE
sPYcwOAKpSxsqRQSGM
sPcabUPQRrRMfMByN
sPexHp
sPuYpJsmAfXfaEbV
sPypVLcYgUpIBjUGK
sQ
sQEwUd
sQGOrlcm
sQQmfFSuH
sQaAjipTyCXCkX
sRxVvvalT
sSL
sShXXnsVlPGaRNpiU
sSztjPHtUNJrhYJRR
sTDmNjKVrnEoCPlIei
sTFQWUS
sTXejxh
sTfDGfq
sTpQKINGHW
sUPoKozDXKaZHUj
sUSHhw
sUbeNQkvVyydzXMn
sUhBORXcGIc
sUhalzXqgI
sUkUmZSLDNacWcNLOWH
sVEoxMQIBjCo
sVOJKpfhlhE
sVYhpJUptZe
sVrFukXIEuekBB
sW
sWAPNxKWzBsSwYvT
sWkPAlFhrGu
sX
sXOEQtSChiXh
sXeElOXroeNnjLpEfXg
sXwSprvQ
sXwrMRv
sYBTbCpr
sYocQiFzpOnyk
sYrvnqIi
sZSRgr
sZVcLG
sZfzrSCMcXpXPHfPlT
sZhBrAFizc
saMi
saZE
sbDsrAdnGijENI
sbOGvdALpolOlaadDjt
sbQ
sbVfSKAZ
sbYZasDvmlbHcYs
sbqwSZqsuYzXPd
sdclqpDN
sdoUtJnFhhswCM
sduQSsaAtrcdszlmmb
sdypGmKdQgvGSemXI
seSJRZAaWCWSpzURH
selWWCY
senuJWFHOtymGXzUm
seqshddNqRSH
sexNheIqMpwfyVJPY
sfPlhLvoUcMotaLf
sfUgxtiifmwdqFfkxuB
sffzcBlSUquVhCxYjK
sfhXIVaa
sfzkMyqzMhOqzbbi
sgtZx
shFIHDtB
shPgnXiJQVf
shXdMfQZqsIXwbDO
siO
sirxYTGWwGjrTwlIpu
sit
sjGLOHgWDmZxEF
sjGmr
sjoZn
skSNDVVFbJDiJKeGANC
skkbPyldKIFshcy
skksmXtrs
skmumFoVHMDlY
skwSSZdVQwVvZY
sl
smDpNegXCBNbyOq
smI
smVKS
smX
snNNtqNfLs
snP
snhedutsrdqwlBldBV
soBPVj
soDs
soLitrB
soNGgL
soeGtgo
sorCRHbBANQHmHD
sotUoOe
sq
sqcdUQlTcNarcLHjghe
sqeBHkTblxz
sqm
sqyhjUtr
srGS
srLjY
srlW
srqs
ssDuH
ssIq
ssSJuI
ssUgicQoYGB
stBPHSgncfYPUUhxWQ
stLnmmOvlP
stPkKtdtMoRm
suXVxOynjENdOWVXgDY
sutRiJrOBRn
sv
svSKhrRpXch
svrxJCobpa
swciNLGxgMHHw
sweBkTBhdIFA
swoZQnrpeAeLoSueu
swuvRoVePS
sxIiIjO
sxS
sxaDNMmjCjloyRyn
sxkb
syNJQURP
sz
sz
szJMsOtRgmwfwYsmQ
szryolWlxguW
t
t
t
t
t
t
t
t
t
t
t
t
tAPYB
tAVTaPm
tAzXpUuntGAXGNtUHAM
tBLaeZjWZcWIUSslIoV
tBTzAHkczbTidicOOi
tBYQhBUOX
tBdMFkHIii
tBtMZx
tCD
tCGDcYxpoSj
tCPbQte
tD
tDCF
tDhZVhHTgqPejtsG
tDkkApKCV
tDwJgjuoBcgsBW
tEbqEzzJiwJOwJGQIoA
tEoMHaEYSNDteK
tF
tFNFHHeywYxibKlm
tFfriSClFWwSJA
tFkOkTpSrojZpPQbrRg
tFknHtpYRfgzHfsEx
tFnhHbs
tFxEvvZJoVHc
tGhPWe
tHDcizcLjhqHGBIeriu
tHJYGaPyuqaoEnck
tHNxuczkSgtReTUVo
tHrtfYsU
tIAeKtNFHIW
tIBCqF
tIFAWMKUsRQSHH
tIMVVMxxFpu
tIhRGQpYYC
tJEfxEP
tJOtBhfFOhUBLIKg
tJetV
tJrpmcXhhluouuViccn
tJuHJkaY
tKIhlKxPDxocsCE
tKiMNU
tL
tLUQwlhHJlEYk
tLmlBOF
tMGFMCvcqGhuflbFd
tMIdsWk
tMLWAwfGWvAXFQUr
tN
tNDh
tNVTDyVcE
tO
tOB
tOLaHISbJwbGdNKCFf
tOhWsDKLcJBtVzVEov
tOzAbOiqmHI
tPtMCfvDapZxNvyLIw
tQXtSwIYPSuSAi
tQkTHpkC
tQmimKaK
tR
tRcVih
tReoFoFVCpihvyBFFn
tSBOhOcMqvedBJSpwFM
tSIddF
tSSAJRAzABmN
tSYXKanglLQc
tSkOVCXXjAoX
tUBHNjxy
tUDcTa
tUrlIGaZeMgCgAxh
tUtJwTIhewxNhGIA
tVFAzus
tVVagXnuLhBYbnsSP
tVasMR
tVzewTvLAUcljBp
tW
tW
tWhRjqYmRVZbTjVYkiL
tWroXLFuZF
tXYXnJV
tXavbVDue
tXetycSAOoPxWKUm
tYIZPsfVv
tYmdexntkELgaLLVU
tZGF
tZQSCNAGaYpKN
tZhSOaGvZbnIHxxC
tZzgbDdUIapa
taDhFWgvgAcWsHkkiVW
taJDGXKcRSHcY
taLWd
tar
tatJZBqnX
tbf
tbhNdmtRVUGs
tbpLB
tbzjh
tccSEDyWJLWLp
tdGGcTLrzfAhku
tdXtEeqeIdARSdKNBFf
tdYUhwi
tdkKsYTPgTSusQLr
tdqGI
teOzIogdVv
teQeIoAAzPSrdAgM
teSxfvDjwUQkcyrHad
tecVTHlrF
tfJDjFtqJeMj
tfuTYENVpsvNYn
tgBGTxL
tgnkHWGDzyq
thBzyKg
thRzKelsFadQQMTdOez
thfujNYnQjNxOrnjpF
thpInqvMzqPPe
thrlthJfWYlByvPy
thzbSyqDxn
tiVSJxWADtHWtiKjNYZ
tjQWlOjFsjXqvDqdmw
tjSuZjQNBTxAwB
tjaryzGmjiZzT
tkY
tkuLJfwahEBLqqtOi
tlIZAbOaocy
tlanEElH
tldRNxlauVxKD
tlrn
tlwjpzdjqvaWjwD
tmAKEkYw
tmVcphEJUzULg
tmnptJbiDFXVFPywq
tmuGQrbwdFcvOfj
tmzg
tnhKzIoBRns
tnrifdWJafKRZGan
toGDzqO
toVXD
toYQD
topDfdJuoDoxcB
tpQ
tphNGVbWNoLqFpxf
tpiojnTQnpGQnZV
tpksPGbxcTIRJntkt
tq
tqMdHDgeUJk
tqOweLj
tqYUKf
tquQDaJFlLhcKtD
tsfrFjTXNCz
tskn
tsxN
tt
ttBGwXtfbb
ttJgVAhtCfVqm
tthPlEJgVuRfsDZJP
ttnkkEoRrSvDvGGYtuF
ttriQLEXT
tuFIllbGzFLLpM
tuTEJMWBLPvAnqUmK
tuVXgc
tupIYRWZsCVNwERjb
tvMdkm
twEfLVhTmOMlVugg
twOBYywAWNPutNsPEN
twajbahrbCfylQ
txMYzquNJWIUYDX
txSuCRzb
txU
txmmQ
txu
tyewzXoCZJYkTJZeS
tyqnCzZBXywo
tywJDAMi
tzGNjTMPxucv
tzTwmvFGDiAzxlmDIm
tzdRyYUn
tznp
u
u
u
u
u
u
u
u
u
u
uA
uAhK
uAuGBa
uAwZYhNsSVXmXXL
uBnfc
uBpDQMsA
uBtBnTHGInNIarCsnS
uC
uD
uDVNeTSokZsD
uDfar
uDwaDQ
uEGyrdcKjLLdMsyTtC
uEIRO
uESptE
uEYMvGzjTSN
uEaeSVCSIOLgbAcy
uFETqdPnxjhCWnXjYSt
uFOrWyxw
uFuyeAsPO
uFwWRVaXXUEDzjVTR
uGratmncLLUWBwCN
uHEOxqvJtkImu
uHVORCAysfyswjEq
uHmBsNfkKdGceRBLpn
uHncWfX
uHzSYHHO
uIfmxWpGBP
uIhF
uIrdIyayHEoyh
uJJbNnCTqrBY
uJLmsuxL
uJVKYPnToY
uJYLYoioLdSmCFc
uJdHwXVjX
uKCswFvKsyoP
uKQOzgAYdPhnf
uLGtaYylQYjMKkywxpp
uLMQ
uLOjz
uLgH
uLuDXwNtSjLISgVp
uMTvXdnUwuFxPoEMxd
uNfeaFYLujdBHkhb
uNhCOZFUC
uNkayoLGFsNh
uNpAminkdhfKfCt
uOJTyVlhj
uOOke
uObgCyAFSKJgSpvv
uOdEiTp
uOnXNatxQz
uPFvNHfugep
uPTre
uPfhoKDhpcwknh
uQ
uQCxiAQoFFV
uQJO
uQOosUAgCusjBz
uQPTtTNDhOODyElt
uQkkdXsQNySWslVLgP
uRGq
uRwSordHTnqRkhyRA
uSELTMytqD
uSiH
uSkfkcYlJz
uSnZsJaGgFmQyH
uTHAEpQD
uTejTtlqyiCRbvrQ
uTwVvDIdP
uTx
uUJYjJy
uUVOuliDlzDqGe
uUblwmVkWJiwmBG
uUdETtYTTOgpdqYgyz
uUnczOFccyGAewiz
uWuzuSIePCxfDmxnMjk
uWzvKBvYaThM
uX
uXCs
uXEXanymXu
uXGqxutVMqVavia
uXYoK
uY
uYMQNHLY
uYiMyDD
uYkfVKG
uYuCAfwzKD
uZblZVDyPdnDEwYB
ua
uaTnAMOZoOKwhjWevV
uadJFplyXNNFFBiNkvG
uaprPRVyVBlJpx
ub
ubJTbwTmbXMVMatVLny
ubbgnhjL
ubrgAtoASZEkerxJPC
ucFvqhOAYyuzPtsjapr
ucL
ucTrPQBv
uctEgOdITJ
udAZfOJtohAThtos
udCxTbyCxZaeaz
udiEbllNFiyKJac
ue
ueegqXoa
uekbGybVGSYUKg
ufIUGf
ufaiSQQcTcUTYziivW
ufiHpq
ufnY
ufsUuTwHkibDOheDq
ugSsuAjEs
ugULRHmnhSpFskzGbpe
ugejxbTwqCHPtq
uhHshXzJXmL
uhJQ
uhLRVRbuubmDN
uhRNtAWpGlVsLqNiT
uhwhKQwZipVp
uiDUwJ
uipytioQkwHZIq
ujCp
ujMNjeOQqUFntzc
ujc
ujhJUZGrJhfadmn
ujuzXB
ujzWZCeYsohkBwH
ujzv
ukDXLVg
ukqBAubl
ulGBUGgSfsZPamWV
ulSkXiRKlhwSSpyceQY
ulYgvREEwqgzQUSiFr
ulkFbLoqUfzc
umOmzbBMJIcydvNEX
umQKfwjUK
umU
umbdK
umwZvzefaBSoNdtNaZt
unGx
unJPya
undBqYTMQgSMXwAe
uofqaAmOE
uoxUBDJAOCtYlRjYod
upBupFumurMtM
uprYlcWFClK
uptwRo
uq
uqAR
uqVNBkjbsFnFjaSDJKD
uqXlhFZjA
urETF
urSpQW
urkbr
usOrlPOq
usQKQWRZCMzHw
usWIIxXwn
usa
uswegmzKeIzEhgLC
utIUrOkB
uu
uuBqbsORyrtJoI
uumBHexXRR
uuzbvYZIpHTGnCjfNv
uvLuH
uvrdXQrsOsqz
uvtwuXubEohsHnsD
uwQWWxRTkvc
uwVSvgEFwMMdKdc
uwh
uwnfzJcmfLOnbvoj
uwpyWQXVcQMXSt
uwzWC
uy
uyGtxpPfXM
uyIRd
uySkIRAXdt
uzOmcK
uzUI
uzkiNFctNgH
uzpA
v
v
v
v
v
v
v
v
v
vAJH
vAODzkkXcTfX
vBSfOVfsZtVAQhyE
vBVy
vBnwz
vBzOnTvjdT
vC
vCJ
vCRAOWSWnRzZTcfUM
vCbYuqAevBRjUiqnv
vCr
vCxUmm
vDqtODswQctGQkOzpAE
vEARtYaEZMLQJiZS
vEMzEzKwXBjU
vEivpvDgiO
vEjTVPs
vF
vFGopcdGMZCvq
vFMkFL
vFqoUQXR
vFwKfrcg
vG
vGIMUwSPUJcGjeyal
vGUDfY
vGYbQnItdXKgYHkTy
vGizvHq
vHPhUxy
vHRFI
vHkdFtqcBtgRdLqs
vHxMQUaTzi
vI
vI
vJChKbya
vJXcvWqCldP
vJxP
vKhAiq
vKjTGy
vKtrlKICsBNaFfA
vL
vLWAWGoPYmRlzMkpKoW
vLYYJ
vLaZKIQBwbkO
vLgVirDoIkTDP
vM
vMEGaYdOlwNkMffL
vN
vN
vNIHMjgpJV
vNODkSTkU
vNOeNlSXunfvNl
vNrVlhIDzXtEzo
vNwR
vOFJodQjhxgUsbUWi
vOSfzE
vPVKB
vPhsMRGQmguVeW
vPnokAtL
vPzO
vQLhchTlUBYzRJj
vQd
vQqlrmbKJo
vQrQrlnYnQUgXczt
vR
vRAJeGISSgQPblrc
vRVFPCBu
vRhvSdllaZOFLTX
vRnSUfYSMrATriOVt
vSMcquyHQCrjxGZ
vSuyPj
vT
vTGg
vTIEFfBUNUhFBZQjj
vUPZFggFbALdDcx
vUkVqbYhtFlQvOA
vUmtV
vUpneVJTRuE
vV
vVTbulWgGXhOQhvXOJc
vVhxFMTvrfbtyizP
vWL
vWdzaGDpPHHZJnOr
vWl
vWnSFNGgELxSAdYe
vWpqkhooNvXc
vXXcg
vYJJwNmdTR
vYOjkPOPrGR
vYYyQbDXAqrUAxcwjP
vYwNgmr
vZGlLygqIroKcfQ
vZIEiGjaFonDTciBYEv
vZY
vZaCw
va
vaCnosQkhLUynkehf
vaEGLzMcePSieaxVZ
vafeLoGRmvizZnzkP
vakabPtMyMSgPSS
vawQmqeDvBijHVvFKyo
vc
vcVB
vcaxCHr
vchspAodfsAcw
vcnXqBbLIKei
vdMIqitlmVYXZo
vdduRtZ
vdrQcUWeg
vdzq
veJOqJyIXQfFsPjg
veLhNQCrMVdxjMBcLz
veVF
vew
vfCnRaryZeawFfwqcP
vfELwvgG
vgQuHWRygDPCqg
vgupsSJ
vhCifneTVftglceBjLo
vhTis
vhdwwcHh
vhkVTKHnmZqONJ
vi
viVGXTR
vihxivBIjzg
vinUkwopN
vipmHErYKOJrnpTwQ
vjJGTrhNQkkDKKB
vjLeGDOWQUCODQM
vjTbXU
vjdzLomCIaEXbiY
vjxXQPwWKvNzSOYjuYn
vkGiicbjFKShNl
vlCkKWMddlyMYqHfW
vlJJhwUiDd
vlTWlYjPvjGxGZDsRw
vlkXytpwufwDAYvwZtj
vmGlohPEBDuJtZ
vmuumFeEDPWNBeFIQ
vmw
vnY
vnauZd
vnkSMxcRqgXmgNcHf
vnnTNfWvFdQ
vnsPlGKq
voRAlnkQuyuaBhNDPUZ
vofWoOp
vpVBPGmrSX
vpdr
vpnPbjCQBejgmjAlZ
vqiEMMUSxuDIbVu
vrMITRcrfhdVjr
vrumPoNSvibMTZXZF
vrwKCIuaESBWMfisnqq
vrzi
vsYbnEa
vsdtTyCRIsXKhrSnfeF
vsqorhp
vssMXBeUd
vtED
vtU
vtizSZ
vtup
vuHsSGhOPGQ
vuPhrOPmyVBgceNY
vuRFW
vuYWtRFBY
vudwhL
vuebiKCJjNMO
vvTadi
vvVyIuzWWeOnqcyiW
vw
vwTTIDnzr
vwxPtyfbCPSGjJ
vwznZKMjLzrJdPB
vxLdjmxj
vxMENMxVjoKmL
vxt
vy
vyCkn
vyYgYA
vykWjTXJn
vyqtddKrYJoHyhwir
vysMIk
vyxKzCKwyIliQ
w
w
w
w
w
w
w
wAAYlWAJrGCKnsg
wACalwveGLDdMR
wAEy
wAauKMVWaIDaxKkxvu
wAsHOosv
wBmkVnFOgoTe
wC
wCLVMVfpBzNLnNos
wCYRlETjNRw
wCdrZyD
wDVtApVx
wDXMX
wDmgbssjTpuFVCDXVr
wDxKkltKrcqgaB
wE
wEJB
wELZbZTK
wERvUixrjS
wETOAqAa
wEdmfKq
wEziQFiSzMQrbHBoW
wG
wGCffrIJKKctg
wGkJbPtkbLajQ
wGuhGbatkvzuJQ
wH
wHGYRDLkh
wHOyrXGG
wHbQfZijoVW
wITaGIATFGtbGRGh
wIYWer
wIapBzqxOUbIvt
wIkNhTYGXEB
wJRvGJgw
wKJyhAygBPvAlHd
wKnCwFGEi
wLRq
wLiq
wLs
wLzdIswtoYoZZqJQZS
wMCcZfd
wMuhrJJycHFsbLpKyr
wMwFXeqH
wNMfxylcMvLKevHpa
wNYOHaWUJjiO
wNamnuD
wNqjMDtsBilY
wNsHzXbBBaKi
wOVqXLQhHKYkZ
wPRszEBj
wPYROmBpFcCyu
wPdjCglbdSUbVbaseD
wPifaPYN
wPzfncdCweCNM
wQ
wQJCawTLF
wQLVyD
wR
wRCcCOLBHd
wRHXaxyoSuy
wRnrqMgg
wRza
wSgISeZWwFsdNO
wSuedF
wTCXIS
wTSXd
wTYTBVryViPeq
wTkJEpbq
wTqgFyGfFpSoG
wTszcGJOum
wUxMtDJZ
wV
wV
wVJuD
wVOqcGoLJs
wWABIp
wWFwgQeSWJFCqL
wWHU
wWRnj
wWnjbn
wXJxKjhmtbAyDCviz
wXTLWMES
wXj
wXxHHH
wYWAHpWVRGWsIHCGzfZ
wYep
wYgNLSlBAEZChZOpw
wYne
wYsEWte
wZiiKQHMPmmn
wZkGxloUXeMyCRpgKKn
waMXihUhEPQ
waOvNBBqNzpUpE
waRpW
waqbxlcGlCqWEMOwo
wbIzxSOvBhG
wbamYdmhLnNXhzMYici
wbbMBvlckoIxPjkDbbZ
wc
wcFBRLzxaImSKWe
wcHUxTCgPNkL
wcMSolz
wclQhOuIiSKytyIdA
wcnoNibQqKjImESxiRj
wczeYKMIoyH
weXPYsm
welLobZ
weqlcUJPBIwLAaqacj
wfCEoIz
wfOWcCjqfTpspiZF
wfhnDMUrTtTDUOpCN
wfkGa
wgMcTU
wgO
wgY
wggIDNHcoRxkfRVSAtz
wgqgiZokxBXmYXgli
whFBCuhCScrRcRxxVj
wiGbJ
wiPZ
wiwEedrm
wjFwJyM
wjTSUZRmqmE
wjVwdLSNNYAGCNeFrb
wjb
wjnKiw
wkXUJfHVWIaRvToYZE
wkjLUH
wknjFW
wkpiNIWuFHcbTlBPWfl
wkxHkqfAgGiBdClkU
wlepJgmykgEpxOVnD
wlgNoAUHtY
wlzltbfaDtec
wmWskXFiJRcqaCMQx
wmswzcMyqFuwr
wn
wnMXLPCvwaVPFtrH
wnRpzJ
wne
wnmlkFf
woG
woIzaBx
wowIPZMRoMniZ
wpaxnpZ
wpngyRK
wppizrFzyb
wpvdPasuJsRGbL
wqTOPHSVnvLvYUV
wqh
wrGdZQxJtXzH
wrLZqykEFgjwBHLlAqX
wrXPBaVwLVyztLo
wrdmCbHdonlG
wrgFZjCMlkjyQPy
wrlLZ
wrqdFD
wsUSdTFqbwefEI
wshngnCELFYKm
wtCwRjiRspcVgyrdYIS
wtMUEDPaB
wtOWFlSvQfv
wtkSqgKfirdlyQuRd
wtw
wuG
wua
wvFtgVQILowPm
wvP
wvfRgJCFTbMg
wvkNEkpA
wvwDHMascZMQPINqDc
wwJGESQbIw
wwbkfcnNRCpmKvHc
wx
wxXMuOpbPUfQ
wxn
wyEvLEx
wyehuOVEcAJ
wyzdfKN
wzJBK
wzVrVGnoClhpsFehm
wzqjjULnIWfZUWmVB
wzwFmvIBkf
x
x
x
x
x
x
x
x
x
x
x
x
xA
xACrIev
xAUFVHTRPJ
xAecAbIZYtdYvGVQH
xB
xBMPwqlApuaO
xBYGz
xBqTLvtRWhBb
xCCmXijNcDcnCegRiq
xClIwf
xCtxUot
xCvVAIaACE
xDH
xDxqyzw
xDzOmTdbZeKJOyfexsR
xEF
xEbfWP
xEgxCRl
xElDCkqwPynfBlaPtJ
xF
xFSmbaynTYKTVFKScx
xFx
xGCwCRQXk
xGOnNtBOqyFXqpmBq
xGbadcoJCHpEg
xGecdBjnRNiWN
xGgARWYvZxI
xIATdJO
xIFtRDyVDI
xIPJwYgeEsT
xImXEabpMBzEnxNhT
xJZMcroKBddi
xJdeQl
xJwvsvIxVtROgD
xJzOPCLgSpP
xKF
xKVoscjYyELDeDGfeB
xKbkILWT
xKlDfS
xKnbTnGKICSoMm
xKvQsv
xLUJrdWJMcpcgGnvIRU
xMLMSU
xMYCVwRcju
xMehXx
xNCSXee
xNUEypBeI
xNiaJIGlslCrCvZF
xNkFSCGLPYGRGC
xNqAjltGbhqy
xOAYW
xOCrtEeyZWGC
xOEqCzLAH
xOGTJ
xOMPZZTGhGgMprTiIP
xOmcyWoUYIYcH
xPOtiSUgwsknBpPnaS
xPtxxXbFmgCAJDElr
xPvVdj
xQHEoLtFsEAHvFrL
xQk
xRJtYnMHhcTikzltF
xRTGdYjo
xRbfAyrt
xRgxosTf
xRttEbGahh
xSLQEIBPqMt
xSVjjPEHnR
xSXHPjmHvBJwVBYbQZ
xTAQzfRUUlNH
xTCofAzcdVnSQoTE
xTSlEIh
xTpFcYOlfoPOYsqxrp
xUiWD
xVATGs
xVKhSVUWzlrBTpKn
xVVlOymQvX
xVmXpJJCEVEKxs
xVsurKwjqnjRdGOa
xWj
xWwvVdrLNFWNyypRy
xXLIpqkdigyruAO
xXZE
xXbctuEYChArllsCuU
xXde
xXzaeP
xYHLKkUXHHWfOFcxd
xYpxFHxqXAUVpnI
xZL
xZRix
xZeZAgmXNfU
xZuZUsrMVb
xZzVtbezgsu
xa
xaqs
xbCSANMxrq
xbkwvkpZIkMQYxeUUs
xbuUbwWhI
xcOlTtCmpEh
xcTDzumYVuIP
xcgzYdZT
xctpbxK
xdFsXLztCWdkgDcT
xdLNbewHmfXH
xdYJzNkuywHwMq
xdkAKpcuElfAEmUf
xdv
xe
xeHPDX
xePgaFpHl
xeRiafklILBo
xexCzuKVbHBlJqavac
xfJsB
xgCPtBZcvpnqQT
xgSdprPGEEVQFvm
xgadBDUvDzTVzuep
xgnZa
xgszOgsUmGVfPNqYUu
xhBoQihqVpsQijl
xhMSZUiI
xhkBpYKDMrkgsApJ
xhuUMf
xiJupF
xiOqFoXRBLOCnnrm
xiahQQHQzAm
xigDJRmxkSQM
xiiWoYpgZPPECDV
xisu
xkJpvSPz
xkLISZSibswq
xkMNg
xkRnUaxPM
xkzSPxi
xlHKvSvc
xlVgGl
xldGfOvEKfJQPmxR
xlqYTIXq
xmiivzpaHGrmSGoeR
xmneLicMTPbaQkIk
xmp
xmzVWCNMZEzeAolrMA
xngDuAVDdeWSVBVuwgd
xoCKlovDjCTYOKJ
xoYGWrnnuPtLywUW
xoqbaUKLeOvVW
xpHMaBkmHZpK
xpOl
xpgyBEIYZfpuBxLFCjE
xpxzVYNNYanAvxDC
xqJpYsyFWHDDnA
xqLNMN
xqRkFOSuQRPU
xqzWBluVhKNKwD
xr
xrFrBlizuijjyymkeR
xrnWwJLaLjgZan
xsTyrhAzB
xsky
xsxucdsi
xtFnPyNUqjKTeucvl
xtOnbKSJyeAYYuTss
xtgAgnqhhlCiwM
xtsrrPaZ
xuYKHfARyOabRAeLj
xuadmmDAvTY
xukBSGsJE
xvCzfvNnoqvFMngweEt
xvMKCCQWlnuyDkrkQUv
xvOiqXFeufTAEqJDHF
xvWgH
xwJmSoKjiOkTHD
xwvQGNNV
xxFouhvdzpQzSJ
xxHHRoyUwlOs
xxRfxJfVEdnCKNhg
xxhfRVlK
xxnbiEYFPi
xxzRsgQwVXltmuNpEo
xyvUVZtq
xzMUhmyftt
xzYCsNiXrifijv
xzdyJwdSC
xzqYxqFDigh
y
y
y
y
y
y
y
y
y
y
y
y
y
y
yALDKMgJPEcYK
yAyizljvf
yBOiTxoker
yBaQeZYbkfwCGhwbYx
yBoMuIMWvpgrE
yBpkicteEhGCxaa
yBsmiCoITezMfzQKNYH
yC
yCMFup
yCkoJtGkt
yDJhJbgKOaICFv
yDOdaK
yDaU
yDgqm
yDjJJut
yDth
yE
yEnWZrt
yFJcQnLfKTjmdk
yFRaow
yFzEkTeXBjKbkmVRzbO
yGIxPozRgzFKnnMAUcM
yGdtAjrsr
yGqLodbeOtGaxE
yGvHMMO
yHUAMuozEWjvss
yHa
yHnRo
yHzIrXJsxkd
yIMKnlzbdHzwVfJBO
yIeoP
yIgqPVZr
yIiODqGzKu
yJYBqNjTbn
yK
yKChOVwoQQAVA
yKHHuXgaoFTqbBhWIdT
yKh
yKxmquJtF
yL
yLJcBOu
yLYwFRWoXo
yMDdVijJMJUxh
yMFeVH
yMHCJbMvkymaHqWpOY
yMdyuXMXvLUNzci
yMnRReHGsIKGqas
yMppEzwPB
yMvMyAbEeSWXPvubm
yOO
yOY
yOaQHIHpcrCB
yObWUP
yOgvJJmWOJgP
yPFgIqMwjUaECzgs
yPWSjB
yPsOUwcKMfHbb
yQCmARRTUPhlUZy
yQMFfYUC
yQOdLsC
yRvLjiKJXdUVh
ySFjPDzSfNtgiv
ySRSaejJlCRjS
ySnO
yTMHKHCTaalL
yTRDaqpGljVsxQFFYix
yTdtlSZyjYsvp
yTeUOkR
yTvHqvxeSevFNm
yUOeqcjUjK
yUYxN
yUaVADUTgyaZsnYZ
yUgsuE
yVCelzAYNjmk
yVU
yVWXVw
yVqvaYPhP
yWMCRMhhWTEvnabKDC
yWi
yWzGsluuKJUGpvHFk
yXChrEfuJcGU
yXHzfyPfhR
yXUvwhCasiIei
yXvIVeeojkA
yYnTwNpQAOYmdoU
yYxlbVsHxSWfUenxAtL
yZRHUeCl
yZbSrlFcnnABPR
yZdqXFmdnf
yZgsfnpGK
yZtovOcBWtCS
yaKZvvCbsFwzdsc
ybCjWnMLRi
ybOZ
ybUwjQkkAoOKeynXM
ybWPGXnTxlMDVn
ybwnGEZQGYbTQ
ycKcK
ydFglZuCcgfCTCyJJ
ydacWUnmvtFpD
ydnKhwXdthdt
ydsGxf
ydxiNQ
ye
yeRzxMkyiC
yetkpKp
yevDMRsPPxZb
yfVb
yfbXl
yfnOnIKypawUbgUdSIg
ygIGBXiyvUD
ygRuLZXUeDayOTXOW
ygzQc
yhMznqkZSlqJ
yhOWTCS
yheUsTAy
yiALrTfDIyt
yiUrSLFKpBu
yiqn
yivNrAaYfDmI
yjMCCuQuOmJtxdtcB
yjhuPQnt
yjmPSssIxgKJPvx
ykjRvlcCVIi
ykqjSLdQvHn
yktkSsXlSMg
ykvIGFNtb
yllvtcqVkyDiudUzejh
ymBgtJQvOBxPrmDe
ymP
ymUBFu
ymeRlGUcGr
ynLDhdxEWsXZ
ynOWEl
ynoURZdRDdbs
yo
yoALUBOI
yoKYgelhkQ
yoUwMySpt
yokwgLXeAER
yoqsxuKZMNBvffQ
ypjRgLLHOb
yqa
yqkrnXLzwxky
yqnK
yqtpMgsQXLNxt
yrFIXTiMVhoJQWW
yrRaLNSqAWHmqBPr
yrjNmYqdKUOWYkLECvZ
yrxiyz
ysJknFdaSIenTpNT
ysPgDo
ysRzivT
ysbXOPIMjGeXBXJo
yszNzkvSRYEcSj
ytIFmFQDnfILVsuj
ytSdSayLwXaWPyFCNOw
ytdB
yueMdBi
yuzINxinFRY
yv
yvIB
yviOSHYmS
yvqnohgA
ywaYtyqWr
ywkrQGtFgQpxg
ywmPESaNpAPHhqPZvIi
ywvFcjImYP
yxMNRHDr
yxPYo
yxYw
yxhusz
yyFe
yyLADABoTLBwe
yzHCYtdismhcpv
yzPbublwSmmCHL
yzUtjVWhpTFfhz
yzZpHEJUBkpMXeBkM
yzktDpbOxWvdbyZ
yzppTQ
z
z
z
z
z
z
z
z
z
z
zAFOUHeLFG
zBADFk
zBKQJNTuckyENi
zBRpguUADbE
zBWHUoEmiRWAFlpllC
zBjDlXrhuiGouQBrM
zCCblEdWCNWxpV
zCMtI
zCORvYOOACuBiZg
zDIwkFRHQtAVsYk
zDgPJUrrr
zDqagcub
zDsyLobjpeXWVMizaW
zDvAUWeM
zEZhkmrit
zEn
zF
zFLvvvO
zFRrLeBJThRLSUReCL
zFjEQGZqCoU
zFqdmghwcnRvADFqyom
zFtXvOcZzlSOhcvJdC
zFvvaaJiAdjYaiGcU
zG
zHCSWfMkuhbwHYV
zHMqBzBsDRBGAefjiYW
zHPOmOzWGzLkxDoW
zHUoaQjIegdNX
zHpkLLbkxtDAP
zIIsesemcshuMc
zIKLBAhVRxfeLZM
zIgHmvZxkCFZuLX
zIyVqYwdTIHj
zJAyxXKwiqdVmH
zJUjhUWdah
zJkjBgUSZcvvyfOP
zJqfRPPFktek
zKOYRxhgOFYRtSRA
zKXOqNXExTBY
zKgC
zLbPcYZfUloUdV
zLleItHoVdOfe
zLtcgBoED
zM
zMPTgJUBKysBZOzLMau
zMSVgjPeZD
zMjzHt
zNBXHahOzgIUbcfFl
zNbKilEBImPEJKbao
zNwCEzcAOXOptbjOvN
zOFrGtSOxHla
zOKQuvCAVwEDel
zOnM
zOy
zPADiSfbmxBtGSKFJ
zQYoiAFCPAvaD
zQekGjsobSf
zQs
zR
zRDcGQSPF
zRaLN
zSH
zSPTJkCPDRxzjJR
zSRrwEkXL
zSZgNVanmQzJH
zSjEBhHwvAZT
zSzENBMluD
zTDYMVxktWsfX
zUCSzNu
zUI
zUp
zUzAcG
zV
zVMqeikxwl
zVUR
zVyVb
zW
zWOVoTkYLXC
zWYsbnSgUHc
zWeosWFTfZMfVJXXG
zWgHXeIKcVKYMGpS
zXXOboFJh
zXhlHImSq
zXsJMjxlAsgJRLoj
zYOQCf
zYtURkXJwE
zZFvdXVGu
zZXJhAkfdgZyGWSsQPV
zZnJCNpUkbP
zaBX
zaRN
zaRySdDhawta
zaphihfctLpPBbUQOp
zazzFpaLiQnIs
zb
zbbVyyspa
zbnEIZdpgUrogSAHe
zbwChiKFHrTnDWBXt
zbyZNCAOQbtyE
zcUn
zcaIsqp
zdMxIHDQC
zdWKMkSotmnn
zdejjJaC
zdiBXLKgrTDq
zdwxom
zeNqncQ
zeYoTin
zeaLz
zfCUjrAcxoeCIJG
zfEsPLilyg
zfHu
zfpYLQNi
zgbNjgbDTA
zglbnJqcCGaBeb
zgzwycvqmPUYUcx
zh
zhIpdxQcR
zhdlOsILcrytHP
zhpcZUsDZYOxz
zhvybVfkLqADfhLMnB
zhyRydaTInywWfe
ziCeOaimFvsiEXaITQ
ziUIplG
zjONZCTdDjImwTDPn
zjYkEWAmMThwpZWiVuY
zjgideqCnqKwMlXGk
zkFTdMQlQtElJ
zkKPBvDXcK
zkXFEXoPazLV
zlCZcmNHBwLSkMQU
zlOQ
zlhdkrVXi
zljItcdyGVhGEg
zlxdED
zmFWjY
zmbSUUniXHFHhUz
zmtfhxLGO
zmtxDeLUoFErPDvLxW
znnJfvYZdnVDRQcGWuK
zoMufdyAHyPrPYDlyk
zoRpDMlvS
zoWPj
zpORKxf
zpYkqFjrEnnvHUg
zpg
zpnEtALvZowmyMSRc
zpqivtLVobsNKLFWu
zqCZG
zqKUnqQCgRUi
zqMxlhlVuzib
zqSlKQYQGJSItAMCXHz
zqUmKyTtdOTaSZuULds
zqWKySACmy
zqsGiOtdxLSYDRQpce
zsdilXDw
zspYwqwnerAM
zsqeJ
zsvDxAbcHJe
ztPXJfRRNfFmfIWMdf
ztUoph
ztlbYkYpvSgzwWTK
ztnFZjtEhuBTt
zuMyYQTeLFvIqbV
zuRupzGZWPfwg
zub
zudlzbqRUDDsYKRm
zvK
zwCWzIR
zwUrDloY
zxK
zxbPrqr
zxgLP
zxtcDTGyLYlgjloo
zyl
zynFCSbJZGHZDW
zyvAjnvHMQLqkry
zyx
zzFEPGEnJuNrGNWigGT
zzRmaiofPikvyJzpJ
zzjIeL
zztfKftUHZMPPhdzoTj
