89999 9999
1
1
3
1
5
5
3
3
2
1
11
10
4
9
12
6
4
11
9
3
6
13
5
9
17
9
19
28
5
24
5
22
16
31
10
3
16
9
9
28
29
16
31
15
21
41
4
29
17
4
13
49
44
4
39
1
20
46
14
43
47
40
31
18
21
30
58
20
2
27
30
29
39
12
59
41
46
23
73
55
78
22
22
28
7
77
74
6
51
61
28
39
27
24
32
52
46
83
2
53
9
91
83
80
14
71
62
54
59
85
12
108
77
58
42
25
57
90
1
8
88
98
36
121
35
57
110
5
91
34
109
98
38
14
127
35
66
15
106
135
127
135
112
67
29
32
120
103
24
89
132
46
34
122
142
29
81
43
128
44
114
148
88
50
163
39
36
94
128
49
144
142
150
146
113
37
97
147
84
32
85
102
78
80
51
177
60
6
155
189
115
82
95
174
77
121
6
137
189
90
143
87
166
167
131
2
140
41
197
193
183
188
54
109
52
96
15
43
126
108
186
152
131
31
118
188
68
125
60
73
139
182
9
217
176
50
56
1
101
168
104
16
204
104
170
16
34
243
86
10
77
232
202
22
9
186
156
132
218
239
91
135
191
139
148
63
237
158
256
19
271
26
155
242
199
44
122
212
42
4
153
174
99
166
207
75
20
76
122
280
225
18
57
227
6
209
179
7
157
63
241
194
146
182
244
273
91
291
219
295
38
145
160
209
268
225
280
271
270
124
182
36
242
8
105
238
121
127
325
153
54
54
57
208
243
260
24
277
133
258
283
264
291
194
331
321
142
174
311
270
344
339
300
123
147
345
249
298
134
246
180
107
49
255
356
13
110
301
29
223
49
100
144
126
59
72
35
234
343
73
303
285
164
216
271
362
147
154
63
283
348
333
144
264
148
173
226
22
106
105
398
29
226
90
278
13
263
347
222
305
304
401
365
187
157
20
265
191
251
71
182
69
64
85
259
360
119
105
47
166
190
223
95
244
384
335
404
361
327
242
243
14
206
106
324
218
297
15
17
89
279
415
293
80
336
222
32
355
261
6
387
269
254
312
68
99
376
188
178
43
419
126
340
453
106
125
32
293
305
208
231
244
1
307
154
458
429
319
312
311
477
213
188
48
144
44
346
118
244
28
342
248
191
286
274
384
117
418
303
372
206
352
337
154
103
262
118
297
292
96
131
414
330
97
306
523
60
242
160
133
230
501
12
198
74
51
152
51
400
404
171
445
296
166
526
465
174
125
158
432
512
394
454
40
440
175
407
452
270
274
436
354
340
116
372
28
536
268
68
298
173
384
80
50
117
267
190
257
408
23
366
297
66
269
111
517
134
399
65
121
372
261
243
463
193
191
453
496
214
594
363
413
225
437
204
131
21
214
423
109
290
593
464
170
311
376
93
411
598
180
205
165
582
163
103
217
515
86
158
106
94
629
65
289
503
412
295
262
241
336
360
423
485
515
41
169
208
140
353
311
411
343
607
410
527
339
102
146
644
201
25
644
440
660
7
574
331
557
22
236
523
609
637
514
508
448
528
522
658
64
630
335
643
371
508
9
654
526
377
658
135
6
366
654
21
271
128
464
535
179
560
557
533
112
514
533
531
173
365
679
26
421
243
546
336
537
170
363
405
555
387
62
637
616
681
222
673
272
241
275
651
162
16
438
318
133
367
592
577
293
499
434
455
675
375
417
42
152
663
106
478
547
125
708
464
5
620
750
661
4
379
323
41
616
569
376
558
681
43
701
442
469
326
495
195
505
512
64
45
153
44
543
298
669
631
224
363
365
523
134
347
238
362
18
42
274
476
83
82
292
373
228
183
704
759
570
659
352
417
291
809
340
582
265
813
786
485
158
666
110
38
609
111
92
262
584
355
227
289
433
237
445
116
43
556
199
77
404
79
399
13
567
649
360
390
255
309
602
379
203
220
553
374
625
824
614
143
337
256
472
824
497
363
349
128
259
507
466
43
237
448
526
759
781
333
621
644
872
681
108
719
61
708
733
175
309
4
525
463
175
253
744
97
34
827
620
467
513
344
120
316
81
36
839
725
279
447
433
755
82
838
529
337
616
384
367
813
224
73
177
862
427
725
425
339
292
209
529
172
229
270
717
589
630
549
608
392
846
789
737
480
338
773
592
764
197
274
50
625
763
29
393
295
447
319
875
673
902
101
52
168
332
732
186
151
104
159
313
257
546
6
704
473
728
214
962
579
374
751
156
769
141
310
117
695
32
709
451
263
626
474
62
749
924
478
419
538
900
646
115
508
59
677
860
71
996
822
190
633
347
917
981
877
48
236
847
442
707
118
461
121
304
785
407
27
9
215
235
40
131
395
502
390
169
445
265
306
262
925
349
373
864
999
350
240
651
841
197
743
1043
340
448
143
472
180
710
610
701
103
411
952
791
219
1001
601
438
777
888
4
826
646
119
130
161
923
467
739
125
720
103
607
675
1020
469
1049
148
241
788
164
292
41
563
1047
545
675
644
394
1044
89
861
237
852
1072
771
476
419
814
895
970
654
835
454
514
447
971
283
769
414
506
40
924
451
880
1074
884
517
457
329
320
560
654
127
157
942
803
1098
596
693
882
175
626
103
1122
42
627
1052
597
899
1091
130
868
43
847
296
1137
784
313
671
243
725
311
398
1114
574
1140
966
745
403
525
955
735
174
817
772
1092
546
587
635
639
257
1168
997
1012
5
1184
172
491
234
1011
79
394
315
224
1159
139
284
803
1019
1067
374
748
258
744
633
146
243
278
542
953
450
183
8
143
51
805
605
1173
964
149
776
865
1205
280
569
1221
978
318
1114
16
937
423
333
697
1218
1109
996
1022
1161
969
703
768
106
201
964
723
815
383
699
950
22
1100
561
877
367
724
263
623
1153
81
203
687
423
497
590
345
939
265
958
1129
1110
1271
813
112
181
201
391
1132
568
624
553
27
756
604
310
415
581
68
950
1004
232
366
1245
698
272
731
833
510
659
345
1047
1073
1121
1168
24
343
711
260
1186
22
1220
99
876
232
496
614
998
166
170
120
878
871
305
444
944
806
1006
867
815
241
262
637
1308
1180
780
1221
311
983
1285
1049
704
1045
315
566
975
603
242
518
746
710
34
962
334
778
252
1049
661
397
895
80
912
892
1062
142
721
454
958
1304
826
756
569
646
755
345
1290
1083
1303
1344
889
1068
42
793
142
754
719
383
1190
657
112
1324
780
502
571
78
668
1361
333
168
1301
1069
130
912
278
1022
147
524
614
890
1167
1113
762
1278
1073
859
581
271
1072
967
561
1233
1252
206
1018
852
1113
270
92
251
1161
859
185
268
807
872
1232
59
249
240
1337
666
797
1025
989
77
860
944
369
1073
962
383
1374
817
1202
1442
1405
152
1185
202
269
1166
1377
1273
1014
847
624
1192
1226
799
60
1307
594
1393
297
225
395
636
934
562
956
278
1229
507
37
381
421
641
990
1085
796
428
196
1164
304
1273
1030
767
725
950
1498
772
426
988
265
266
445
1317
1486
864
1331
828
559
303
368
382
1267
707
286
120
1313
460
273
516
313
1259
1466
943
646
198
592
443
844
1200
976
1392
1306
330
606
1345
668
1447
1113
614
331
395
75
1259
1160
175
93
1467
1004
805
713
549
538
402
460
1000
761
243
783
190
414
3
1504
1175
1273
1475
1366
130
9
721
1526
805
348
103
783
950
856
641
361
1558
1175
1199
348
1560
1189
1202
454
64
1021
264
130
1279
764
952
1130
12
16
121
1389
1284
155
700
582
626
271
1551
1044
978
512
62
1518
1311
1446
662
1121
465
542
813
1459
1132
1165
635
242
568
337
1516
974
182
411
1561
971
1058
1033
306
1174
24
72
1160
433
456
1580
115
1449
1215
783
1094
1312
198
242
462
96
42
593
486
142
571
376
1430
1386
1098
360
387
279
1522
401
985
22
1479
983
1474
119
730
205
431
554
770
691
291
274
660
349
1109
1060
167
1465
1408
944
375
611
1229
93
814
1516
1151
153
1053
1574
496
833
1085
1522
114
1029
753
888
519
576
971
508
960
1455
548
1355
1156
484
1461
999
343
789
993
299
138
1393
250
195
1436
282
1223
1225
1292
3
1621
683
1057
460
545
957
338
1100
1736
227
1362
895
1526
1162
1036
1016
158
907
646
1119
307
1670
1720
555
1708
1448
836
610
177
1592
1223
838
511
1488
1749
12
1005
785
387
965
1151
547
503
376
1218
242
706
1387
1620
913
1712
878
174
1336
349
1150
1592
312
414
824
1373
1301
679
1063
370
1266
1165
1420
858
511
833
248
1332
416
1026
437
811
1785
430
829
784
1306
727
1506
1278
823
888
1126
430
1381
827
357
749
402
822
149
110
901
29
636
1792
1556
844
713
643
386
1301
1276
306
933
1129
1391
1044
564
121
1601
1666
639
848
185
1676
369
277
432
941
1
1578
386
1679
792
1486
1470
1219
1391
1413
519
1560
1395
531
821
1082
290
1490
1309
358
456
881
326
1808
631
1670
1029
321
517
979
1122
44
1765
771
930
728
1088
366
1399
1655
696
501
1311
241
339
633
1594
1301
1266
1108
854
498
501
1610
719
1324
1677
1561
1538
1169
112
530
1346
409
471
1807
362
840
1925
235
186
255
1076
1349
232
308
1123
1775
48
1837
504
1688
555
1807
515
888
1461
329
262
841
949
955
1298
833
25
1452
1227
1257
1706
156
271
1460
941
1884
901
1219
1179
761
1895
1100
466
1379
1302
275
736
859
1306
11
1535
147
1769
1971
806
1698
1936
1151
1967
962
684
176
1321
205
1032
631
352
91
289
1424
1371
1762
1433
1979
1381
1156
571
1194
1000
238
1809
1751
749
1631
506
859
1664
942
632
1248
907
197
660
656
2004
725
1762
762
1628
986
1680
1864
1017
1094
1224
953
452
1383
952
689
1875
376
1009
1980
1641
987
1457
413
823
1489
766
348
1461
1689
1091
391
1810
1555
698
332
1737
824
346
1345
1296
1284
1138
835
1509
155
1965
1738
738
1677
932
805
417
703
328
358
1081
1742
1698
1528
599
1017
445
300
1612
636
187
65
566
213
1857
1866
805
1563
1179
956
256
825
354
1645
625
854
1123
2028
1253
1861
467
1348
1655
1504
784
1395
1558
2028
1330
1620
1445
472
853
1182
1211
1790
41
817
828
184
1087
1977
1934
453
428
646
1139
2058
1786
19
1638
1303
1904
927
1420
814
278
199
1757
400
885
1970
1538
1245
977
780
250
1474
1636
213
152
1575
1779
47
1383
1913
238
1912
1449
1432
551
1944
1291
1889
705
1405
2118
1529
2032
6
2066
1503
510
1981
831
2170
775
2060
1240
1266
146
1916
830
1954
2057
1160
418
2172
524
1483
490
710
550
1728
1150
1155
1775
1502
681
52
514
1983
253
1498
532
987
127
1728
241
1501
728
193
1228
772
1473
2174
699
241
1368
1388
2169
1314
403
465
1861
1785
180
627
2186
2153
422
1632
571
795
1767
1295
1440
2228
863
1414
907
734
568
1869
10
214
870
1639
22
1077
1472
387
1759
236
499
1810
1572
2158
1943
2018
196
1108
1341
1913
1005
1216
2232
2129
1806
8
2142
2032
1119
255
912
625
1070
750
320
244
102
2167
2003
1266
1556
774
1311
530
853
1256
1527
1491
2085
1809
1709
1346
1878
919
1239
1775
824
992
421
2086
2158
55
681
2183
1408
885
1748
1842
2281
1242
1929
2147
1170
1634
499
580
788
2292
172
938
2157
68
2267
1392
1572
623
1549
323
1146
143
947
103
624
1347
771
101
2054
846
1182
1629
213
2242
1817
254
45
803
846
740
918
270
1836
1180
594
935
546
1228
385
786
1761
701
1626
238
1741
156
496
681
1685
1887
915
599
1329
500
1066
1035
1787
368
2379
1490
769
1625
1329
1116
2362
78
1268
212
1931
144
2151
1925
1084
1225
37
690
547
426
2157
782
784
94
2274
1810
1249
1466
1525
475
1032
225
59
181
2383
37
936
1598
516
988
716
1783
1313
2281
2048
510
773
317
1233
31
488
665
1043
932
2299
1098
997
1102
131
2260
1697
2258
2136
677
1145
435
965
2135
14
1276
1843
190
2432
604
837
203
305
768
2309
438
2039
409
1468
967
126
39
2335
1369
2313
291
1083
70
1418
143
2386
1810
1450
1998
874
2091
2478
2343
1398
703
255
554
39
888
1262
291
1220
557
623
887
2500
1504
1694
1622
2123
725
514
62
1548
1679
2265
1779
2159
1681
1725
1281
1787
1633
2015
1887
2405
1724
922
1080
202
873
2073
119
1193
1266
558
28
1688
1012
1939
98
2256
714
1830
1433
2107
1929
954
613
343
2480
1490
1682
148
1324
525
2349
1258
61
2269
1415
1102
1932
1818
2369
2461
2127
1788
7
1855
2395
2526
306
2158
1449
185
1633
304
873
553
365
2560
592
1285
2315
1276
1510
855
1089
1419
347
1902
867
629
2017
121
2061
2055
713
2417
318
86
137
2261
2184
1908
660
1803
180
1358
1122
1428
1183
1381
1070
1551
1371
372
957
2130
308
2184
1101
1012
575
1372
1553
2484
470
656
877
1606
761
385
1677
891
781
363
1876
1884
2530
365
621
1133
1707
268
1545
973
2528
1899
1961
2332
2524
74
826
2540
2422
534
1827
1613
1237
1119
182
2087
259
2391
2600
466
1590
650
2492
2212
1756
1087
2129
268
2222
2414
26
2151
2536
1242
701
2412
1616
2560
2106
1110
666
425
1422
2066
96
29
1331
2655
530
124
2020
1985
2436
1482
374
1384
998
485
1922
1500
1423
1826
497
1706
2639
968
992
12
917
1916
797
1621
2386
113
14
559
1267
657
2433
404
2059
1605
2394
2034
1481
1266
1240
2522
1915
361
1472
395
2410
2017
1936
2142
2118
1926
973
2238
1900
1187
2092
1507
1922
2107
2247
1185
1382
709
808
391
276
1458
2723
915
1131
283
1774
1328
1692
731
2290
450
1082
1298
509
1565
1180
1919
471
2589
550
951
1005
626
847
335
195
1942
1903
734
2355
2112
1455
1002
1342
2607
2689
2517
1020
2080
1875
2203
1086
1628
1155
1198
190
1393
695
2196
1869
2139
1583
176
882
962
645
1140
182
1142
1374
774
198
893
2808
738
1719
1148
2606
1855
1312
330
454
2236
2715
1657
1140
700
1960
648
409
1629
1886
1107
1761
782
1721
1255
1288
851
2173
1465
984
2245
1801
1836
1209
2514
142
819
2496
897
404
470
762
1026
2440
1121
94
1189
1285
2390
1606
597
551
1447
1012
1615
916
2835
719
2571
1042
1317
2767
2402
2850
1575
752
624
1953
868
2232
2701
74
2234
2646
2414
108
1264
2041
481
1406
2201
348
617
330
2400
1124
2662
1656
1818
2000
2741
2281
2752
2370
1350
1322
2405
1090
1367
1887
1602
2846
840
1829
851
2135
428
2368
166
655
2183
1300
943
500
396
241
582
990
1145
29
2036
749
1884
2324
2334
2106
2265
2481
840
952
1121
909
1371
2178
2325
484
2252
712
2479
1665
1778
12
1024
448
1767
164
727
2371
2213
1012
2281
1655
1904
2509
1825
3
2226
186
2754
1742
731
1585
1867
1999
1235
931
746
2384
1527
854
1876
2165
1060
1425
627
2793
179
600
105
588
2123
1482
1493
1354
2830
2683
420
1884
1612
90
1065
358
1688
1294
1520
2824
1407
1937
2455
1345
2197
1291
166
808
2301
724
1593
2146
2408
2301
1307
1187
820
2262
2941
712
1990
1471
236
207
664
1897
1207
2136
1904
671
1373
935
58
636
861
1058
204
82
2774
2607
475
1796
2201
2393
1859
387
1501
2453
27
613
995
2855
252
2649
1797
1181
2374
2799
2068
1618
1221
2433
793
2477
2334
2251
580
1615
336
3010
2915
260
1715
1263
1068
1998
274
560
2446
2452
1927
2487
1877
633
546
210
1657
2058
1180
1630
2791
820
1247
2326
1593
1072
406
158
203
1045
2147
2032
1958
371
249
98
2138
1057
2083
75
1446
371
674
2526
3091
2071
804
482
1310
1975
864
182
2585
506
1311
623
1332
1102
666
828
394
2188
274
2977
2619
2776
1083
1112
42
1825
297
1919
499
2280
1527
3107
2398
2010
320
2852
612
2015
780
311
2577
2631
413
2572
1307
1017
1917
3165
1075
1451
483
2437
2149
2247
1698
3171
244
2654
1552
358
2738
1095
2912
3050
1437
391
1373
1323
2576
2014
2376
388
2104
1859
3048
1454
166
2964
3077
3145
843
414
707
2665
357
3057
2270
1315
786
1240
2353
418
2370
1313
2087
360
322
160
1793
966
3193
2088
2706
855
2902
1927
360
3083
1700
1877
1796
3084
1077
502
170
1214
1690
2655
2840
570
745
1287
2186
2488
333
2603
152
1893
26
2570
542
3102
2228
149
1535
2815
946
2953
1452
2652
2289
1336
380
1452
791
1229
2973
2593
2221
1331
2843
3163
2788
2132
2496
648
1991
67
1619
2396
1015
2971
1677
2990
389
2479
2247
1767
2036
3280
1620
777
2255
2120
1476
2104
1753
383
202
690
469
3174
1561
778
1769
2807
1399
2307
1605
3210
408
2320
1113
2415
1706
1929
3019
1385
2204
1525
2502
2555
1480
3272
2684
1728
464
1954
332
2851
1159
275
2147
3038
696
3188
2176
2535
2971
654
1427
1095
316
3227
2752
2996
1189
2324
2623
623
1176
1771
493
2517
1416
656
2068
1831
1304
1097
2104
573
2658
2118
247
2112
324
2130
1298
871
3364
1389
3300
1220
2303
2950
2162
390
774
2757
1128
1217
1225
2526
3252
3351
1052
3058
1924
591
1583
991
788
2584
2107
1798
2904
1921
3283
1146
1175
1526
2101
958
3089
2095
3138
55
1082
1800
2972
2658
2659
2636
1133
1259
1472
1993
2991
3070
2431
2877
2137
1683
97
847
1013
1877
3122
2882
3139
334
2646
3313
848
2266
441
219
1090
2483
2462
1924
3313
1520
2095
3214
734
2110
1212
1906
1113
843
1502
3434
1424
1364
1774
1880
1416
1321
1895
142
1814
2048
87
1675
2770
2693
1185
1706
1373
2932
1423
1470
624
1758
2201
74
383
1728
1230
171
687
176
1865
535
1274
2442
1140
1672
498
2736
2640
1634
2745
2741
3300
1059
1774
3328
836
1044
2821
2475
3036
2313
1581
1781
385
1589
2308
1881
606
814
713
2458
2955
2314
1125
1864
82
2211
730
2340
3088
887
2080
962
1683
1019
3226
1886
1535
3509
1739
2753
2685
1633
2533
868
1406
460
397
2355
693
449
3370
295
2025
2649
467
1312
2289
3322
3216
1926
529
1592
2393
1429
2700
2008
879
3409
670
1480
548
1290
2468
83
73
16
2829
3325
2433
113
2843
683
3470
962
2198
1364
3194
25
3273
3468
3350
2657
1663
3172
1716
1660
2376
2169
2060
1610
100
3448
1326
92
1942
1311
3019
3157
273
2154
718
1492
151
2443
997
2599
1963
2892
937
1235
1713
833
380
2130
1203
1958
715
1995
2526
634
2338
3392
1593
2700
2656
1971
3006
561
3487
2427
475
1976
2068
374
3186
531
148
1296
1243
863
1458
985
2610
2507
2735
260
417
98
3488
3345
312
3158
3250
3220
363
717
828
898
2746
2940
2828
3376
1326
118
3589
1972
2804
67
1375
683
1123
1191
109
2649
3067
3627
3527
2562
596
1131
545
1555
3099
3314
3498
2537
2867
3245
1144
30
1938
1316
1762
632
1451
2317
512
2676
1123
1193
893
145
3347
1930
1822
3695
3045
1868
302
3700
1464
2161
2914
277
2321
808
1885
3095
3432
2332
558
2282
87
1645
954
111
3601
3235
1437
131
1034
3021
672
3105
3322
3067
2293
931
1407
1714
1837
1066
2071
2624
2056
2293
1538
440
1011
1480
2420
774
630
82
2161
1222
2222
2816
1829
1917
2561
617
623
2997
3367
1505
1517
915
3410
1810
1482
343
860
400
3086
2038
2691
2962
3413
647
2518
3485
2975
2726
1132
3170
3407
2925
2139
1392
839
3552
452
178
891
1578
2530
3321
3619
2035
2231
1552
1606
3315
3805
1761
2048
440
594
3254
2851
54
3316
275
950
2127
2710
3310
842
3018
103
2959
1754
2659
3293
2906
2325
3438
557
1624
3493
2866
546
2747
1066
1839
1974
2641
1875
2456
206
1544
2500
3803
267
2794
2529
3560
1324
273
905
2484
3004
1400
355
2535
483
50
2885
820
3026
823
994
1956
1891
3252
2918
2143
3377
954
2727
3023
1657
2164
2895
1343
1445
1686
2007
370
1127
2151
357
2077
2090
1302
325
1948
3795
895
1813
3741
479
1105
3571
3750
265
2403
3772
748
2070
1215
665
1073
1821
2549
2172
3275
2456
1249
2040
445
2529
1155
2350
3204
330
2006
1545
186
3386
554
2955
854
663
186
1336
1690
486
2627
2225
1180
1545
1251
3465
2626
1667
1211
1445
1001
3472
2846
2098
3933
3327
3863
1195
1125
1168
3350
1782
988
1174
2974
943
506
2800
3353
4
28
2930
438
1912
2843
261
2020
454
501
1243
106
3023
379
2620
3458
559
77
938
209
1420
1459
2585
2961
2453
2908
2630
318
2954
3778
3841
2839
1187
1182
575
3416
2382
2421
1108
2265
1169
3999
1272
3202
1124
1848
2270
94
923
2636
1993
348
627
2242
534
2248
3342
2811
3202
2349
1124
3919
3656
1684
1631
3046
3487
1288
982
3194
3200
101
1081
3298
2036
934
2428
1832
1053
2417
3875
1046
2069
943
2293
4053
1149
1089
336
2900
725
866
2308
2658
2548
1517
349
2624
129
2341
2934
1151
3671
1053
1895
1273
1820
519
2719
3827
3798
943
630
1844
1076
985
3037
2995
2232
3694
224
156
1981
3004
3250
1865
377
3259
1420
592
4028
3950
4006
2734
1515
3613
3991
2785
322
3471
3364
236
3570
157
3946
474
1005
3931
4008
2856
3873
2969
3497
1988
2863
1540
1080
1239
3681
1334
1197
3296
612
4038
2304
2156
764
3202
3832
567
1754
1142
2163
1413
2802
1029
2392
1709
181
1897
3457
724
2288
1155
3712
3728
3923
2433
2779
1026
3171
3043
907
960
962
1904
513
3125
3124
748
4038
1185
2880
2025
2821
1794
844
1146
2414
2563
1934
1037
430
2503
3650
1877
2992
1955
3112
760
4166
2359
1901
1067
328
2739
1180
1159
2444
1801
2253
2039
2514
384
2628
3277
690
2006
2361
3847
3696
2336
2463
4083
3847
664
1690
517
1098
3092
1996
3643
159
100
2610
1497
2156
1139
1922
3903
1158
1252
1274
2199
364
1549
3033
4086
689
2223
736
3997
717
3707
4138
2594
2573
1168
1158
2535
2585
1372
2118
329
3310
744
1334
938
3481
1487
2418
1970
2034
2672
3439
2830
1647
2085
2167
2581
1051
520
2133
4136
1502
3619
873
345
2496
3539
2219
2639
54
1681
3280
1832
380
1844
612
494
1612
4257
3220
925
342
2115
3129
472
660
3797
2649
2387
583
58
855
2314
563
1798
3779
2872
4111
3159
1545
293
1325
3063
3947
1415
1297
655
2070
1005
3279
2636
2104
3761
618
3392
2413
757
10
290
1988
2814
1870
91
2814
2867
379
3961
1996
1216
2515
1612
3166
1415
3409
2238
1577
2703
2804
3133
1676
968
3166
2011
1144
4338
1151
3309
295
1298
3074
1212
570
996
2312
1876
1216
3805
134
3785
1047
806
2931
2202
2584
3931
991
1537
4368
3587
1518
4165
745
1710
1269
4317
2921
1818
1373
4273
3679
2771
3208
987
263
843
4236
675
1533
4034
3674
2002
398
3572
2128
1369
3133
3994
3778
3355
1632
751
262
1140
162
3047
3163
3247
1337
696
1451
3675
3660
995
4031
4120
1512
2779
2114
307
1558
1568
200
838
3644
2888
2738
2484
3107
1874
155
25
2823
4380
4421
2444
2229
4043
2532
78
4229
3110
346
4329
1687
106
3456
3735
3136
3421
531
3031
1787
702
663
1189
2607
1849
2016
378
4415
573
1142
15
2540
2886
2994
4061
1309
826
2737
2570
1478
2479
1257
3375
1978
4346
4398
1081
1257
2950
3863
4240
1061
881
1708
3477
2373
3175
2378
4300
313
2930
2706
1288
89
2055
3254
3559
4060
450
30
4031
2424
2538
97
1715
1736
3792
1366
210
1454
407
3381
944
2561
2699
3098
904
2352
659
2322
4527
2226
1014
555
2834
3863
858
3257
1140
4435
2569
194
3543
397
1233
4521
801
903
4073
291
1591
3807
542
3830
2448
2553
3684
1363
2930
3104
744
4173
4227
3981
2290
690
1334
2402
2088
3874
432
3294
3576
2398
2396
1316
4582
554
2827
2349
472
58
817
3330
2120
4449
3528
803
1873
4147
2022
3146
2159
3278
4493
2120
3505
2091
1955
539
4315
730
1086
2152
665
2593
1697
2842
3704
348
3166
4510
3643
1478
2616
2943
2824
4415
2018
1345
2040
3875
586
1949
416
74
4306
3715
2505
3565
1588
176
1570
1960
810
256
3244
4200
1143
1175
1986
438
1715
1370
473
1916
958
440
2243
2376
1809
3489
3944
675
3667
2761
2215
1324
4209
337
1449
3133
4158
241
1560
4565
1919
4138
4443
1926
1364
2368
3658
457
2581
4667
2918
872
2993
4137
3374
4163
2775
2457
386
1878
3123
239
278
4650
2346
4321
4558
726
4592
3811
4108
72
1270
3799
932
656
109
3087
3922
3812
3652
3882
2962
3189
2467
2752
1411
537
3450
1211
694
1205
2247
2459
2027
780
1293
1745
508
1393
96
4126
3918
1770
4331
739
1234
2142
1023
4086
3468
3136
2729
763
4724
408
4576
3395
1560
3969
1669
4542
3064
2875
1386
3153
1289
3043
2972
4756
4050
1746
3703
3681
1593
3266
1238
2833
2889
3239
937
1909
3617
4156
1146
2923
367
4008
1702
4486
3320
2964
4776
946
3773
3157
1226
473
1547
3711
4726
4164
3744
352
1048
1250
2869
1241
838
2489
666
3732
2027
1080
78
1033
4571
3003
4752
3862
2310
3454
3932
2009
3645
4073
2163
2859
1758
2773
1502
4663
479
1517
3059
599
4587
1808
2934
4567
2022
3298
2429
3224
3465
3937
422
711
3320
3999
986
2745
1338
2481
4068
2153
3280
1803
3593
1524
1991
3039
821
4596
1323
1381
3614
2652
3148
397
4506
3939
1365
261
4116
3012
1221
4057
1479
853
1981
2453
119
2138
1007
3213
250
4699
643
4140
493
460
736
4268
1107
1933
133
1538
417
1459
1164
2517
521
710
2470
2813
4842
2607
4309
3464
2636
1155
2685
4467
2707
2393
854
4726
1993
2328
2549
3230
3418
1740
3157
4172
1854
4595
258
1144
3466
2119
1320
2240
374
4743
475
1157
698
3102
4665
1401
3961
379
793
3473
3270
2801
848
1106
3435
696
1866
1597
4338
1312
3956
4604
3718
2246
3881
1839
4494
25
3739
2898
2102
2447
2932
2373
2790
2592
2278
721
3958
1794
214
954
2371
2538
4516
2060
1864
1282
1616
2963
2172
743
3483
3537
4496
317
1573
3082
2061
4073
1675
1232
3270
3781
781
1248
4788
1634
2130
1602
2425
2131
3474
462
4832
4549
3418
3731
2500
3775
3616
431
4622
4686
3009
3399
264
8
3631
4967
4851
1710
1210
3490
3038
4498
1468
2638
4367
4536
4690
3536
1969
851
2015
2808
152
4446
2306
893
4138
3622
435
4503
3568
4289
2431
828
4361
1665
165
25
2646
4584
4260
759
10
3934
1072
5036
2065
1053
2682
3467
1186
1389
3096
2596
1139
1444
3804
4557
1441
816
3002
971
1846
3683
2077
4197
2627
173
819
4203
1614
204
3689
3889
4731
3056
4431
1992
327
98
3500
471
3854
3487
1886
4349
2063
3820
4413
283
1131
2676
327
3739
3446
3456
3548
3183
1237
3639
1407
3275
1456
2298
2535
635
3022
2961
4481
2665
2869
3638
1090
2709
3395
4993
131
679
798
474
301
31
413
1035
1848
1809
1590
4837
886
4154
4136
3668
3301
3985
3299
2013
3030
2383
1257
1256
2706
3894
45
5078
1411
4978
675
4901
474
2039
2176
1601
59
4911
1995
5005
5111
2861
3686
2786
4938
399
1406
2351
94
1111
2188
846
3692
4503
4034
1758
3785
405
2333
1126
528
1042
1551
1352
5041
1067
3598
2961
783
4585
1642
1441
2245
759
4027
290
863
1546
3219
4070
2158
2677
2872
2128
1562
4755
3064
3706
4842
2091
4886
1273
180
2758
2136
1332
2602
2216
3176
1084
3525
1
3636
1727
3951
4486
1104
3510
2171
2551
2876
3217
289
1292
2100
1468
770
136
2863
4421
4030
4902
2478
2379
1017
3060
1262
4025
153
4758
2944
2575
1705
930
2879
1761
3235
2256
2847
3317
1300
110
2286
2441
2190
742
282
2398
3182
4590
5209
1831
1168
4363
2534
4033
3630
4820
2857
631
2777
798
1182
976
4908
1016
4198
4124
2613
3436
4439
4036
1278
2501
4383
2286
3248
4985
123
4037
82
3728
2391
2055
165
4514
5264
531
4032
1598
3875
869
2517
3552
2477
1115
4742
4574
189
187
750
1510
1497
5291
391
1952
5153
2015
2488
519
1281
933
1257
3219
3985
5325
296
2358
1501
5108
1316
3842
5226
523
3698
181
2446
3360
1262
3575
1519
4596
3658
1221
163
5141
2362
3361
4438
181
4449
118
3973
3855
846
3833
3439
2914
4544
3992
1569
3997
787
1889
4482
2018
3257
5374
2843
2578
4506
3097
5088
2351
4337
549
5191
86
1675
526
4337
2199
2471
2634
575
3747
1239
4672
4801
3374
1459
4369
5342
5293
1416
4013
4846
2994
4330
4206
3531
1977
124
2668
5394
3541
3892
179
5159
5231
4552
1508
5428
3558
1161
683
5353
4008
2815
4082
5061
5208
3405
5100
1063
2553
3200
549
4348
2074
3001
1510
1718
4710
2161
4590
2860
5070
4879
4817
5087
3680
5019
1481
2119
890
2787
1549
5291
2651
2157
3903
1897
2441
3922
2555
4387
1517
3480
2856
249
4603
2532
1216
813
4001
518
4439
3032
4241
1758
1112
3888
1456
4249
5034
5422
2690
986
5092
3377
4596
3779
4044
3344
1001
3848
1451
3052
3104
1780
3644
572
532
3142
4889
3478
5169
3531
1274
15
4566
2227
1608
5423
5504
211
4248
3843
1678
2536
4161
2272
4810
3417
3126
804
2527
1504
5260
1184
4230
440
4843
1596
2174
1981
1761
986
3999
200
3667
4293
263
282
62
2648
1992
4156
5464
1870
3640
1216
424
4013
4953
5466
2807
1170
4051
2038
4576
1708
1893
3063
1549
295
2376
4501
1598
1625
2478
4356
1539
3464
3017
2519
546
4446
5042
3312
3039
4298
3245
1705
525
5389
1690
4367
4198
670
3918
3451
4848
3285
274
1869
3200
3027
3931
1934
5598
748
3235
3130
836
2552
2615
1859
4858
2692
4177
2339
225
3842
2128
4061
2124
2696
3453
4479
5367
1164
1240
279
3453
2739
5096
4408
1061
5592
1591
3256
4249
276
4989
5056
4233
3735
823
138
586
344
3599
3080
3705
4644
3654
203
1403
1230
377
4780
3914
3270
2296
3592
3742
1859
5368
5636
1156
3491
1475
5437
763
1570
2065
1770
2742
1093
3457
596
5066
5070
4117
1177
2040
4975
5002
1123
1240
3824
1007
2929
77
955
1271
4967
4492
5039
3321
4705
3062
1729
4296
5315
4764
3324
5583
780
1066
2030
830
2388
1462
1719
4902
1496
140
5262
210
2629
4073
4467
2250
3895
2926
5710
2076
1963
3629
344
965
1193
2855
1731
2277
3983
3276
4218
402
3939
2937
2766
1350
3508
2002
3717
679
2124
3682
1081
2726
4904
1647
2383
1167
3815
1156
1764
2224
612
1153
1108
4584
2750
3074
1378
3595
766
3256
5651
1139
3318
214
4127
5616
2330
827
2183
4739
1914
3526
944
3919
4154
1812
4462
5586
1419
5281
38
4795
2174
4629
456
3016
2233
2627
3050
2713
4994
1682
160
729
4173
1831
3480
2213
2579
4351
2086
1399
5070
2098
5781
21
3386
1609
4952
2846
1847
3662
2882
4996
1686
3933
5389
2970
2907
3552
3046
3832
2171
5613
313
2557
2493
4893
918
2924
2261
1780
4624
794
4780
1017
4926
967
3335
2864
2052
1083
5501
3228
4029
4115
1886
1344
1694
392
3208
1538
586
112
2713
3336
1705
1222
4679
1576
1687
3934
562
996
3379
4769
351
4231
3947
3838
3573
912
5844
2875
2181
371
5144
3314
5501
3625
3320
538
4263
4083
268
1216
323
89
1879
881
4513
2188
451
2291
5517
1767
682
1568
834
253
4030
1257
1767
4566
3446
975
2732
3937
5797
2726
4887
4575
5538
5160
1346
5318
214
2768
424
1358
4522
5070
1867
1347
2676
1714
4488
4467
453
5742
1974
2753
2609
5513
1006
1948
318
1810
2036
5622
359
5882
5200
5731
5787
1621
3754
4461
676
921
5619
730
2060
2260
2145
1791
1018
4771
3351
5226
3990
1324
4030
82
5582
1710
3665
839
2893
597
1259
1502
649
2996
3898
4229
2922
5293
3590
1681
3814
2851
2371
2350
5626
447
2195
4126
2471
1695
361
5165
1344
2617
1810
4224
2889
1519
1397
1719
2987
5651
4445
5450
2988
5020
217
5132
1786
2941
1233
338
5421
158
2378
5964
2917
5377
1421
140
1638
558
1250
4594
583
4162
5237
311
1545
3684
2130
3626
5324
18
856
2071
5470
1947
142
286
2910
3157
3489
776
2467
5600
4064
1157
749
543
2456
2708
3402
2439
1470
1368
5519
1138
2046
1701
4305
3711
3072
4631
193
5038
5473
2741
5542
3352
720
927
3033
5992
1673
3744
4817
492
1159
925
2637
5092
1711
898
5804
2067
256
5888
4604
3130
2791
2670
5798
437
3894
4362
3007
3612
5717
1007
2127
4253
534
2555
3978
1391
5802
4921
1229
2544
2734
6094
1752
1102
666
4990
1484
1194
5398
4754
2671
3822
4526
1359
3282
2785
174
1293
4155
3948
109
1403
796
1199
3320
6050
1262
1305
2912
1453
2606
2444
3938
922
974
2713
5435
5892
1303
3363
5727
5358
1789
3253
594
3315
30
5856
1993
5236
2468
2101
3398
6003
2676
1976
4691
3214
1601
427
1129
5465
2991
2
3454
1933
2024
4890
5037
1942
4468
4374
1085
3908
5025
4468
3632
2836
888
5973
70
617
311
3616
3258
1113
3333
2848
915
907
139
556
1302
5563
5812
6215
5011
245
3558
5609
6207
4618
1463
796
4739
1516
4309
1730
5028
3785
3248
4014
5339
5291
4700
1000
2234
2931
5652
1487
3647
5319
1344
6065
1417
304
4454
4997
3198
4008
2884
1145
5636
1974
756
4013
3604
1555
2160
2528
951
4396
5692
755
4572
1494
49
3562
4262
5650
5607
4396
4959
4706
5209
4994
4685
4128
6081
2284
5792
5925
1676
2710
5675
5318
6147
1072
5746
1939
333
2533
1690
3887
5882
5389
3379
4893
3421
5858
4287
3346
5800
1087
3800
3631
3566
3730
5069
2858
3218
2556
984
4028
2586
3438
5988
973
1703
6078
4673
4669
940
3106
3596
3100
1536
2652
5140
2508
3845
4959
1876
1052
6144
6161
3673
2282
1699
1638
858
4731
1542
3220
1794
2005
5313
3374
4572
5945
6197
4670
341
3883
5187
530
673
739
5624
4591
522
2192
2882
5069
573
1223
5429
4010
5029
4865
6244
5349
4978
4265
1017
2124
5207
4012
1810
3345
1615
5940
3649
3561
3689
3844
582
5846
6046
1758
5986
4319
2016
5301
756
4106
3351
5899
1169
273
132
3026
5544
1812
2172
2697
2386
3925
5379
503
2370
829
3268
1592
5162
1590
428
1648
4413
4514
1185
5760
974
275
731
3979
5327
1391
2286
1516
2300
6127
517
5275
4837
966
443
4297
358
207
4410
272
1027
3442
2711
5137
5656
1982
4554
6056
2200
1737
1684
2991
1881
3828
2695
3566
3448
5523
3301
4866
2583
1259
932
2612
3362
200
4172
2852
2318
241
3708
5603
893
4941
5308
2591
4425
4809
2253
1310
6006
5684
988
3478
4225
1322
4
2809
687
3696
2886
951
2966
2446
6356
3969
1821
2457
2702
2262
6359
3180
6235
4481
5592
1686
6108
4708
1503
2014
5640
1895
6229
4598
2692
4356
2082
5236
4717
5944
5877
5554
838
3425
664
2783
4341
3839
4062
866
777
1389
2662
79
1181
4003
1862
2912
3627
3461
480
2950
2581
2879
6266
660
360
61
1864
5226
3137
3362
2850
1958
1175
3374
5894
775
1363
3870
1446
1735
184
2447
106
6027
4267
4577
3962
40
11
987
3892
1608
6085
4917
5604
4401
4219
589
1572
2030
1282
4852
3749
3919
4457
841
844
5614
4405
4206
983
5883
48
3452
5765
1031
5339
5644
2056
4677
939
1646
6462
2509
3564
1491
5393
1018
2052
5389
4506
373
5490
6348
3029
4435
1505
4830
5552
4763
1127
4961
4792
2283
2903
5252
5963
1740
963
5838
875
3424
2122
6527
879
1980
2437
5463
2295
2259
4544
3010
6303
3570
2967
2758
2760
3319
156
537
5501
2326
5420
4813
3596
6634
1782
4945
5240
3410
1098
3469
790
3909
3643
5006
6036
6590
3204
2577
997
2263
6553
5436
45
5130
6323
2764
1865
1693
4370
3500
5493
1161
4779
3538
2806
3637
6026
2148
6301
5368
2228
3459
4820
1035
583
3809
4400
827
1191
4559
1244
1738
5398
684
4488
3112
2567
5956
5652
1957
2472
3825
1378
1434
461
4514
4730
3996
1474
4705
4003
4911
1933
1557
1939
3682
1371
4758
5730
714
3182
1822
5669
3642
3178
4202
4509
1394
6593
6359
3035
2015
212
1646
1355
337
1536
5549
4287
2450
6073
5964
5080
3350
4857
1711
352
3311
174
334
3749
6484
5482
5133
5190
3636
5233
3394
2932
4288
4739
2782
4948
3813
4283
6441
4285
695
1701
3419
933
3887
5288
6223
1144
94
6565
5990
5267
4214
139
2673
3715
1776
2654
3760
4182
147
351
1192
6433
6587
4991
1387
2184
1498
1900
2963
2493
2803
2756
47
227
4372
4839
2054
3660
5262
965
3574
2148
410
3206
3356
2088
2054
2062
1320
4636
3981
49
1740
3095
267
3106
235
2197
848
1240
1282
654
3950
873
6465
4166
5629
2532
5843
930
5247
2943
1120
1517
3568
3302
863
4576
2368
1081
5511
3218
3702
5648
5728
2741
2215
3872
3840
1435
3020
1765
4711
5823
6448
5917
2121
3607
6441
5211
2734
1301
1209
6338
6174
3810
2991
5070
591
4506
3908
964
4405
4431
5299
6422
3970
2327
1840
6904
1008
4288
3413
5123
1191
5336
2496
5091
1425
4127
1949
5557
1577
2961
2155
1810
5530
3402
6588
3409
4056
6483
3770
3781
4744
6426
5064
1168
5460
5970
37
3590
489
1959
3459
6440
5074
5535
3271
1926
4933
37
2000
3315
6364
3744
3341
1770
4625
3885
6063
2175
5778
4796
1275
1018
5974
6510
3556
6231
2221
703
39
3326
931
5801
2316
6194
3754
4188
2732
4553
6157
2303
1363
3350
6098
1764
1568
4255
3762
6740
4287
4070
2
4554
1231
710
2447
1069
1232
3743
747
1965
2942
1198
4358
3314
3302
5407
6100
4183
2392
5821
3311
6561
5498
1591
657
5479
996
1625
3661
2992
6977
6773
697
2305
5037
307
5240
3077
507
369
3203
6073
633
3239
823
383
1001
7034
2173
1876
690
869
3708
5908
852
3483
6185
275
4904
6602
6647
4555
2336
4633
2075
6042
3150
1253
6409
4914
2058
4224
2582
3264
2712
949
812
3455
526
6339
5009
1026
1475
4711
328
3401
5045
1584
1242
4465
1037
5497
1360
3117
3009
5499
983
749
3721
4557
2471
1365
5276
6652
591
766
852
6015
3226
3209
3133
4624
6703
3778
339
3823
2963
2664
1567
6833
1920
4388
6091
5047
1528
1948
6555
2038
5795
5682
3607
2809
3885
2760
3198
2629
1207
3862
4389
1300
6672
2197
2621
5274
3275
2437
1001
2854
1163
269
3231
3250
2398
410
3177
3994
4831
5367
6127
350
1461
3726
3439
2598
6913
1692
2680
748
6716
1093
4522
4332
5500
5648
4122
6185
1213
2477
6158
2478
5396
5611
2620
4040
261
3715
1455
6017
6349
3941
1396
6729
4719
5029
3242
6939
653
848
6281
3610
4633
6110
1476
3053
6578
3411
690
6162
3603
4833
4137
785
4544
2929
412
3030
3891
3223
758
4624
5132
2532
4703
229
291
7032
32
2450
7017
2229
2889
2593
2535
6212
6819
1560
4341
7223
5094
3801
673
1100
2723
5467
3587
5877
5547
4375
5097
6170
4990
4495
3362
1852
564
378
4559
2665
3256
4239
4631
1604
7154
5162
1820
689
1374
2874
1554
3627
2221
2017
1725
5809
6371
5553
1247
4977
6314
623
4777
3611
5646
6372
109
5899
6902
1116
2657
3358
4154
159
4490
2450
2469
402
6069
1029
5493
1402
979
3418
6761
4502
4437
2657
7250
6586
3290
1842
2800
6759
2055
6264
4327
6155
1759
3896
6214
750
413
4247
3583
6229
3586
4507
5693
222
2758
6063
5993
1663
1687
6523
5642
832
668
5564
4152
5567
1291
1216
6951
5803
1625
816
5729
5476
3737
6185
339
2109
5244
5509
1759
555
2539
3086
5824
2076
2921
1277
6954
2787
6426
5228
961
7061
6252
4462
6300
5899
1192
3891
2732
3085
3039
667
2475
5086
1949
1610
3138
1241
4920
5467
2354
669
5690
735
3514
1103
1685
3046
1223
6634
422
2025
3858
2118
2670
2140
6822
1890
1757
7037
4462
4298
7133
6525
1597
4198
2787
6891
3670
1417
3486
3062
3102
3258
2677
2908
4348
256
7142
3457
1337
2449
4429
3702
7232
4141
1623
5872
3071
1678
2132
6255
5322
5704
3569
2437
4656
87
6201
2506
460
571
6509
7304
2574
1890
5480
4865
302
5389
2485
6914
3207
1359
7333
671
5644
179
6947
2230
367
210
2013
5896
6727
2572
4058
5919
6188
5999
927
5627
5536
6161
4781
1631
1112
2878
4217
7445
6803
2207
442
4999
6010
7308
1558
5762
2417
1743
2394
6828
1405
4158
7414
995
691
3091
5264
3538
6440
4077
3945
2948
4725
2990
2748
5835
3076
6077
4359
4353
5883
6493
6908
4777
962
2995
2416
3059
4988
887
1485
4517
1682
2294
3791
2095
902
506
1066
2037
2445
2065
1427
2286
5863
4190
7163
5773
3228
828
2286
3257
4776
3780
3839
5444
918
2623
1093
3822
6592
3457
945
6624
2454
1058
131
3855
6373
7406
6755
3443
6650
5053
740
2337
43
4439
5085
1656
3157
5304
4176
5523
4800
1233
2277
1741
142
3652
990
5082
3790
2721
4906
5035
6128
2602
5386
2167
2520
669
1679
7573
3112
2874
2084
3675
7065
45
2468
6801
4170
786
6798
4117
5471
3278
170
3423
5379
1384
1291
220
4214
1274
3563
6729
2760
7416
6398
4285
662
4521
2230
1485
3446
4102
755
7627
77
5009
4227
6489
7600
1763
2408
471
7518
6059
7030
7512
5557
4948
6168
2049
4279
1081
4160
5864
2343
6352
559
1103
6004
5065
6189
7533
1637
7526
3071
2366
3085
7010
4162
6610
1922
3396
486
2781
2416
5000
6342
1458
6627
5798
853
3615
1221
781
5489
4525
1941
6785
5731
3238
4137
7171
2773
2648
5805
3319
7412
4729
1332
3022
1305
5539
582
4610
6
2898
5638
5633
597
7450
2598
1836
5110
4788
2562
7237
2066
2589
6265
5063
7426
1107
2410
6039
5726
7344
389
1387
462
710
6636
6130
4658
6774
3524
521
3554
6442
3008
5031
5319
390
1566
6606
157
2168
1103
7454
6939
7108
764
631
1264
266
5382
5731
5365
1264
5070
1650
4267
3434
1201
1692
7091
3411
853
3328
361
5925
4409
6544
2953
1091
3650
6425
6418
6475
6319
4436
6198
5001
4069
4723
4897
6602
3498
5337
2992
45
2551
1522
6971
5510
2513
640
2694
1204
6401
3280
1160
3336
5286
5195
6083
6246
7386
798
2178
3367
7672
1724
4371
3795
5245
929
1393
3495
4790
2648
7229
2766
889
1319
2369
4970
2001
1659
4826
123
6703
1036
5951
1234
522
1221
2293
6308
7175
2411
3999
7332
6846
5690
4021
589
5132
7755
3695
6975
2229
6427
1890
995
883
1019
3485
531
6467
4939
6635
2214
3848
151
89
7019
4786
5888
717
6288
5265
1752
4045
1575
4870
2734
2856
4058
3801
1017
3483
4409
3896
1768
169
3827
6614
4657
6526
3553
2083
1667
7656
2203
1555
6669
5092
4091
618
4915
4955
7102
4335
338
6198
1943
3924
3760
6259
7112
6124
1464
7463
3396
38
7076
6888
6763
5297
1438
3957
1157
1873
110
3636
1536
2681
723
6584
3564
749
6713
2975
7118
946
7511
930
7179
447
3759
3091
3803
1231
6022
821
657
5748
7693
7875
2611
2678
1569
6406
348
7264
5212
4909
6782
5106
318
4713
5284
7007
3484
1662
2923
977
6888
5233
6989
5496
7397
3776
2809
2343
3380
2061
629
4757
1579
3815
4383
4706
3651
3477
3866
1312
1780
453
5680
6933
1135
3855
5823
3998
7939
5646
2902
1085
4316
2061
2072
718
6721
7706
2958
351
7749
5623
2077
470
7638
350
1167
375
3577
7291
5146
4718
3602
2550
6734
6106
786
4330
6654
2911
4971
1646
3962
2870
1978
1936
2683
1954
5080
684
7041
1244
3809
7577
793
3206
2519
6304
7564
6845
1652
7358
1340
474
6992
3038
5609
3674
5097
6261
62
6281
1245
1833
1558
4555
7314
6756
926
7067
4692
1659
6846
7433
5811
4128
7392
363
7446
6073
5540
707
3073
3967
3281
4643
3045
7486
6498
8029
3624
2728
4586
1877
352
3717
2323
580
89
5026
2721
586
4973
6159
6340
3148
1597
1270
2770
4162
7076
1863
4401
7642
2892
4870
2562
2474
6206
960
7578
5818
6389
4740
5927
3278
2512
5910
3252
906
5325
862
1258
575
1089
2801
35
7821
7056
6335
7589
4705
1226
4372
3653
6066
733
3110
4139
3474
1711
416
5614
7962
3774
6928
1883
638
5902
7791
5912
805
5053
7907
4268
1109
1973
5607
2588
277
3694
2787
5642
416
2096
1830
7541
290
1363
559
1579
2472
5416
169
1715
2101
103
6050
3580
1065
4469
1887
751
4772
2702
580
7959
5893
5426
5183
1915
1452
1953
7876
2597
7598
2421
7332
529
3130
6368
555
1662
3763
5283
3553
2433
1617
4357
7312
2692
4784
5943
5948
7764
1816
6482
2864
5348
2926
6174
1207
6985
857
1296
7030
959
2104
131
2343
5272
4099
6073
7286
8054
3936
2730
6712
3024
4601
6133
874
4309
4959
6782
6179
2987
6473
5076
7336
2619
5765
3885
2469
7246
4901
6114
3259
227
2238
6675
2437
618
2077
4445
1496
5449
987
3777
6846
3676
1795
125
2772
2360
3349
325
6064
160
1710
907
7098
3295
4857
3422
2725
5680
5400
1731
311
4950
2019
5167
7367
2679
4927
1675
5702
7484
2187
3976
2016
1895
1224
2838
4531
3687
3779
1431
1899
1961
4303
1326
5405
7373
8083
6337
4707
1945
2488
2390
3352
8285
5775
1453
1557
8302
5442
4106
2778
386
6941
3594
7576
8012
4335
2792
31
4535
2260
5795
7538
361
6717
2316
5250
3693
7026
3758
4039
1198
5744
4040
1763
351
1859
5174
4385
3531
5046
5854
777
1060
372
7940
8226
5028
4689
1560
7640
5706
3097
4853
5037
6788
4376
4665
3797
3347
3411
7257
5562
5592
2534
6011
2656
1160
3771
7719
1015
4293
7001
6247
1136
5086
405
2326
3753
5557
6133
6208
6118
4885
5838
5564
2480
8038
7807
7139
5883
4047
7902
1352
7390
4802
3363
6812
6107
3657
3126
4504
5071
5697
7094
2809
4931
6190
2207
3273
6765
2999
3220
5436
793
5234
842
484
8001
1797
4827
4447
3096
3675
6854
383
7651
3473
4398
210
5148
3701
6077
5440
4506
981
1603
4897
1232
4008
1155
6873
2330
3381
2901
7086
3981
6148
4385
7781
6910
8287
1779
4356
2662
2426
6488
6130
5967
2254
4560
1378
419
5449
6479
6921
5636
4553
3961
2029
25
2014
1885
6016
2980
1812
1425
1216
6738
5228
872
6123
2364
3207
4672
4675
4256
6861
2643
3576
2670
6786
2640
7063
4352
7329
4609
5402
7088
3172
7399
7802
8132
7883
4060
6111
7689
7054
7056
7163
7820
4901
2559
4468
4253
1384
5274
6996
2766
3869
2740
3978
1434
4880
3479
3355
2931
5959
5399
725
909
4385
846
5685
5968
3311
4768
4935
3904
344
3177
599
39
3537
1901
2863
2638
4518
2944
3274
671
1841
7034
3704
2763
2536
3084
2575
3151
2433
2464
5139
5651
6564
1205
660
2189
337
4523
7453
630
939
7637
1801
456
5176
6415
4284
2914
5102
7098
4488
115
6510
5162
6025
3234
6475
1016
1697
2264
5350
8580
4967
4712
3406
4797
5549
4004
7034
3402
5617
6389
5747
5803
6046
4925
853
1561
1496
2302
6252
3161
5178
867
2062
852
1484
387
8327
6627
1208
5582
7273
6589
1004
2212
2247
5301
223
4255
1072
5936
7914
6148
6129
324
1399
5713
8201
4266
6549
1953
2134
4389
1259
4401
6145
2579
5621
6080
1278
1940
6235
5919
1143
3020
1080
3197
4915
4742
2029
5977
4114
3855
7666
801
355
2439
3124
1689
4547
3174
1157
39
7667
7173
7379
5169
6356
7900
8361
5397
4378
7251
4373
4661
1664
5304
3664
2690
6527
2144
1800
3206
3879
1927
6895
4282
3857
5389
3690
7245
3660
294
4541
987
1397
5714
4451
7033
2937
5142
3255
4370
8648
3210
7848
2708
1601
4283
1252
77
5752
1418
5126
2263
4515
8425
6141
917
6907
1022
6510
1227
5406
5670
1347
5922
1897
2420
5731
6025
2135
5374
346
4795
5674
2974
6687
4618
4248
4853
8703
2015
4178
1717
2565
4556
7810
17
7454
7996
4995
2481
8427
848
3181
4133
6304
826
4475
8530
1034
2266
1348
907
4699
6718
7847
2458
2307
5725
1557
3
1028
290
1780
4576
161
4510
2070
2262
3257
6363
5054
5294
8793
5215
2940
5232
2566
802
5272
2540
8199
5977
6079
6986
6928
6461
3884
5764
3165
334
4841
1033
6738
4739
6244
2804
6734
3931
8298
644
2563
898
4447
5327
5072
2428
1753
518
596
1472
3280
2251
2200
5034
6407
6982
8149
7266
7392
5988
2131
4361
2965
5106
3216
7934
7710
3896
4118
1072
1113
477
2565
1796
6932
2105
5413
1304
6803
1684
4185
1180
2486
1215
2069
4148
5279
2948
4114
6484
4457
1475
7693
247
2801
1638
379
5345
303
2325
4021
733
6422
7011
6291
2119
2513
8903
3894
3109
1579
6126
8897
1472
5854
4255
1810
863
505
7012
2422
7871
4269
2857
8882
4963
659
4907
5623
1787
1793
6986
2444
5622
5481
3298
1889
7149
7521
6127
8451
7589
3311
6211
6834
1513
3825
3964
8147
415
5239
5713
1445
3273
6427
5149
2156
4631
7995
402
7850
8320
7992
8865
8570
5545
4559
5931
7091
4560
4539
3401
7244
1674
91
7243
1940
443
6760
1237
2646
6968
3527
1280
2413
2994
6484
5736
258
4817
4182
1362
5212
523
4891
7023
2995
942
4294
8789
680
6246
5159
878
1584
4054
1462
6855
4026
3799
411
8427
6849
8374
4098
8912
840
2258
2307
4689
2621
794
7991
4353
4152
2020
2056
126
805
5877
3661
605
3632
6365
8015
7462
833
7649
8470
3291
8054
8754
5250
1846
8177
6082
6980
8882
6633
289
2482
1633
6530
7969
267
4007
3053
3822
1265
7734
220
3676
1096
1715
6214
2225
5494
4360
9041
7772
5225
2250
2631
250
8317
4685
4057
7012
7553
3965
6005
4785
230
4511
5437
4234
7160
5073
2021
6025
1034
3654
6913
8992
2604
5150
2123
219
6535
2556
8362
7633
6703
7177
361
8377
7334
864
3232
4183
6713
198
5876
3081
3269
5780
2900
134
1668
599
4787
3301
5258
6103
1718
5545
8812
719
5876
5096
1308
8652
5233
5103
287
7923
1764
6901
3352
4536
7813
1354
4915
2757
946
4711
7997
712
1331
2603
1777
6312
8404
4957
4888
8777
4182
2655
48
5013
1552
70
7205
6750
3106
1981
1928
745
4289
6330
561
1893
2075
4163
3987
1269
5032
8003
8690
2114
8763
2577
3538
2469
5385
4476
1193
8267
7383
2474
1716
6641
2667
882
2532
5434
6149
5237
2204
1075
2311
4301
5328
1550
2408
5946
1880
8251
8052
8187
1164
3467
2773
5304
7586
1865
1127
7292
4298
253
4991
9212
150
5659
4171
3490
1664
1577
4144
3777
5367
1836
1428
2229
4175
8828
3037
3335
4857
4602
8468
1917
628
5226
6222
3334
6105
1229
1685
1998
1063
1952
4730
6517
1226
1918
4526
3934
9159
4482
9064
2164
3228
6373
3257
5790
539
2383
834
3962
1978
203
7116
3367
3668
2728
1067
4845
462
2168
5130
6940
3735
6836
2229
7011
2336
6462
3632
2584
4494
8943
3417
8759
626
5577
2977
7213
3361
8414
5583
7765
632
2385
1889
4165
2191
3148
84
2511
2782
2495
7162
1829
222
5912
3231
8286
1495
2736
6349
4875
2756
2965
6975
4750
8943
4873
5618
2794
8416
6641
4279
8626
1020
4365
6568
299
8081
4191
1715
147
961
1530
9154
8961
2845
8637
7633
8981
5293
3404
1638
1917
6609
1854
6408
2246
5395
6276
4520
7411
7326
3049
5336
1710
6102
638
3304
5743
5151
1224
8334
3647
8510
8608
405
8067
5531
3746
5359
5904
3933
3709
7773
3235
258
5298
5781
1185
2656
7991
3673
3120
1025
6942
3137
3561
2762
942
8798
2054
5765
2672
2732
7202
9063
1486
9168
6818
7329
2288
4034
7150
9395
4596
2297
4292
5456
2296
3895
3957
2065
9373
3947
53
550
3111
145
4677
4486
1622
3897
8078
3978
6527
9208
7103
7708
5779
4464
3408
2960
4975
6302
4068
8051
7544
6947
178
2574
8969
8234
5656
3324
5859
3525
3272
3263
7341
3721
2352
8306
892
8980
5042
3700
4508
8789
6688
3016
1004
8046
5506
6764
5502
8967
382
7857
6254
2230
476
771
6605
7208
3570
3969
8217
1277
8606
7233
6703
223
1306
175
1480
7282
1287
202
976
1554
1381
5683
1104
2229
5960
9139
2174
3663
938
1408
4530
3962
4499
3965
3755
6019
1543
3741
5250
3906
6491
5228
9342
5121
2607
6743
8489
8801
2304
2455
3874
8882
4485
5601
1236
6960
7581
1960
782
5007
9345
6152
7071
1002
6594
3965
3419
1738
1443
6960
9027
3786
7126
1209
4698
8591
6265
43
2788
5015
2096
2273
5915
605
6623
415
3928
7051
3629
397
5247
6914
2018
1798
1838
2197
2024
4964
7223
2655
7812
553
811
6084
202
8895
8242
149
8127
3385
1413
8630
8741
5040
2115
2365
343
9398
2203
3581
4612
1450
5464
4149
9293
2007
3666
9135
9323
9298
3700
8236
7001
6096
9443
2107
8947
3164
710
1750
3811
4464
6087
4528
8380
7502
2401
1338
1442
7922
3349
2656
8410
7239
7306
3347
4113
985
8340
1171
2448
80
3644
2569
2682
8353
3062
8663
401
3915
5031
6361
7372
2688
7554
5085
4575
1858
3773
1786
1758
524
3875
3163
3167
1907
6820
3156
6446
5023
9299
2846
865
5772
1079
2286
1172
2428
1121
3005
3084
1766
93
884
4273
1635
5479
2358
281
4691
3072
3846
1043
1591
3257
918
9433
1568
7887
4066
7924
9275
2660
4585
2588
2169
9613
4692
5502
1053
4484
3321
426
1917
5239
1115
9560
4799
294
2962
3826
8653
4946
1767
1611
8605
370
4563
4742
6651
8763
6206
4185
4864
5170
1821
1179
7132
1525
1043
1658
9350
5886
6351
6516
1296
4822
3776
1853
9140
9210
2183
111
4274
8442
9384
2218
1496
2707
1429
4883
4441
9167
9656
1995
3179
9122
7675
9062
8244
215
5554
3884
7710
360
4480
2494
5497
3170
170
1147
8626
1908
971
9759
4301
769
2377
7012
3808
8860
3941
2222
2363
2444
8336
5494
5262
4092
5497
1953
677
8028
3176
6949
4507
9553
5447
5252
5194
2898
6627
7393
1149
7755
1371
3206
6823
5934
7960
7249
2266
5076
2570
1747
7422
3497
6078
4355
296
351
8459
1062
7911
8860
8482
7913
7076
702
7820
7874
10
1190
4508
3843
6797
1756
1687
9505
8261
9674
1626
2792
4970
8207
7165
4362
1715
4751
556
7508
5941
2748
345
761
9318
6942
3651
3139
4565
7530
355
6136
4156
5983
1231
2088
1241
8719
646
7820
3762
2269
8121
9511
8631
38
5098
7207
5351
9877
5831
88
8670
862
1534
1117
2565
4363
3473
1893
7753
5994
1779
1708
869
6341
985
500
4971
5751
6838
9854
3381
814
3357
9751
8487
9489
3642
32
996
36
231
6578
191
1558
2633
1872
3852
746
7049
8660
3393
5641
4580
2150
2069
8847
9156
9787
3994
3216
6814
9547
9427
7493
2283
8551
8425
7279
9892
5505
6309
1059
8424
4278
3938
2503
4463
5403
7717
4276
387
2458
8690
3836
7765
1444
4171
4982
9892
465
5436
3379
8925
696
2457
2475
1424
9783
4130
7653
9100
1934
7286
5635
5897
9868
8045
3662
2122
3307
539
2513
5444
2867
7781
8843
1505
2916
2446
6633
2819
8434
6583
5492
3782
6598
7695
8808
9520
7057
2644
3002
4921
737
1857
2156
6755
8542
606
7627
8905
6168
978
5848
1732
3499
4897
7217
1457
9199
2025
161
5209
2430
7548
6810
398
2630
7416
3075
53
6912
4309
6847
9454
5431
3123
2133
4680
10012
9694
2009
1090
5792
3136
5297
9566
3691
4801
6803
4631
1929
6684
4118
3787
1407
6130
3074
1663
7989
7326
229
5317
1415
6403
3736
7134
5808
9263
9047
15
5029
3881
608
2977
3816
8849
1669
5113
8181
9171
1588
51
9523
9288
9623
6589
29
7086
6428
2386
6057
5324
2038
2826
3128
2116
1764
6747
6042
795
1153
952
4628
945
8609
381
638
2172
7900
5340
9530
8040
3837
6452
9322
8162
9708
7107
639
1298
7155
1980
1919
4297
4893
6286
2322
3818
2824
4115
9259
3964
1484
1212
5087
7702
6540
1078
3235
2632
1501
143
8369
5720
1957
6681
61
9477
4646
4619
1165
3535
6607
1947
4834
7641
322
4370
1945
5049
1507
4520
5489
1949
8080
5793
5443
6975
1853
4988
8181
6753
10161
475
216
2579
449
8288
879
1080
7653
1387
9699
4686
5005
7561
256
8391
6734
10150
3455
306
1913
7916
1120
847
8628
7486
3428
2706
2130
1225
7893
9370
3215
2276
9636
7790
4709
5648
654
9740
904
6523
2177
4845
8097
1791
1018
4317
10153
5964
5866
3163
3892
5263
7316
1752
2024
1887
464
5679
938
6463
7601
4828
8304
8296
5498
6884
508
326
8793
6538
4128
10177
2769
5332
10038
10173
702
2334
6074
3343
896
1773
1918
486
3726
602
4317
5877
607
7302
9471
5618
7549
718
9132
6269
4491
8919
1350
3125
1369
4208
9389
5275
6003
8372
2145
7778
6438
2199
5418
6774
5735
1663
1991
6977
3384
6802
4051
4867
7248
4450
3221
9157
669
3310
4618
9240
1826
7834
7273
999
2196
574
5630
4167
1149
2898
5149
1608
1197
844
7520
1290
7847
1545
476
2410
248
5971
3065
1431
7863
2483
3162
4031
10065
7855
9379
6996
9925
580
3238
5121
5683
8059
7747
8037
1136
1150
2371
9942
429
5961
4549
7632
8269
6496
933
7959
10152
7571
10360
9432
9989
8706
1747
6889
6278
4727
5518
4634
8181
5480
9992
8387
5450
4161
8453
331
1460
685
4199
6400
1525
4338
2945
3029
2685
4887
4833
5337
9600
7172
7623
919
5634
2179
1142
66
3100
3139
8180
10145
6770
8629
6113
5885
7593
9406
2444
7333
2365
1708
8264
10201
9229
1651
443
3677
354
6973
408
7668
10240
2180
8991
4591
1965
4092
9775
1360
6736
3735
1292
1485
5352
2548
3845
6361
1786
1492
6535
6410
4341
3490
4406
700
3352
5678
8668
3056
4865
5766
1840
1213
2038
7330
7064
10348
196
2081
4714
9444
3275
3391
3855
1113
9801
4537
4529
297
410
441
5839
8961
5244
7122
4218
4586
8642
913
331
8218
608
8530
8030
4847
6570
1852
4625
8008
9877
6660
934
7662
1005
2608
100
415
5473
9989
141
6911
125
4871
7267
6931
4570
7514
8596
3633
2483
6723
1200
9375
8107
7633
5521
50
793
7979
667
3272
9977
5133
10223
6505
2826
8276
820
5608
3580
1652
5900
3033
1372
291
1988
5575
4095
5409
10259
6862
5461
3305
9781
6282
8075
10527
4207
8562
2319
3258
9077
887
7879
5252
2438
5430
86
7872
1703
4487
10490
6094
4127
4106
8696
7672
5730
1278
1969
8677
688
555
774
527
9216
5024
6953
6652
3432
4838
5339
672
7567
8824
8673
5809
4603
10090
5037
8077
8324
8388
857
5851
1509
9903
4525
417
2204
4782
8856
4472
8391
563
7355
443
57
427
5925
6568
5589
6685
3636
8823
3763
7957
8034
3719
1105
1921
5394
8822
5636
6398
8930
4962
3831
8656
2757
207
10458
6297
5317
10216
5751
8885
5812
9554
265
1680
6640
6811
1346
4522
8920
7630
9967
693
6932
6862
7449
1834
619
3600
9822
5555
7671
6880
9956
6496
5146
216
3381
9471
10148
2099
10600
1393
9272
8638
1048
8380
6314
6894
3906
8714
543
4333
1179
721
8135
1155
10166
7313
5886
2517
171
514
5445
4565
5721
5073
352
264
2517
10596
2084
8821
9027
5967
7927
5386
1773
2259
4001
3354
7626
3070
9590
564
3416
6912
9489
4047
7161
1785
5499
9371
4642
437
4813
938
2298
5238
6520
3161
5425
5888
7354
5089
10164
4020
10512
443
6288
10238
3737
5622
5245
3226
196
2459
5198
6836
10348
1059
7393
7332
2762
443
3916
7436
10050
9197
9434
3361
10595
7590
2994
7954
346
8414
1622
7091
3989
252
3467
6598
1314
10415
4232
9644
461
339
1660
1112
4310
9757
10307
1805
10569
1196
7249
1943
9315
9925
7809
4508
5839
5943
4720
7217
3732
3089
5854
647
4546
5106
931
1906
8760
3310
130
9020
3678
10312
4922
4771
10445
3546
5671
2247
6214
9045
8008
1479
4492
5475
9572
9773
7349
6571
3986
9289
117
5878
2103
831
6278
9475
355
8011
7595
2369
1296
6891
1425
172
1146
2075
7759
9593
6184
855
9979
5412
6233
2346
1458
8115
7547
6855
5399
1331
1680
10110
8307
934
2998
9578
1097
2846
10577
7192
5696
3884
5982
5485
6096
7881
5122
1491
730
1066
3659
8968
7572
8507
8478
4674
9618
8209
5902
2055
685
8936
4203
8827
7655
4386
1103
3389
916
612
3253
5537
3461
3539
2695
4228
5865
62
4834
3082
8383
4771
1483
1848
4597
9634
5820
10044
9714
6821
9855
9602
2265
9337
3115
6408
2779
10290
561
21
5037
2112
24
685
5301
7520
2556
10297
9200
3004
5803
9141
10128
3796
4465
6464
5067
4998
6894
1121
7829
4592
3985
7752
6987
9653
7143
6443
2238
1440
6580
2892
313
634
7138
3623
8393
10710
6984
6007
1095
4489
9300
2624
10913
2480
7404
2985
174
6969
5050
6226
3051
1858
6402
4653
9857
229
9912
4000
7222
3895
3410
1612
4578
5468
4986
5877
2457
8012
7540
3230
8400
8159
934
1496
8356
4949
6309
1032
1820
10983
10696
1917
8934
9371
3851
5250
4196
9296
317
7077
747
10930
9256
4105
824
9512
1417
1472
3353
4346
7487
10875
1888
1547
6057
4262
4087
4321
8488
7422
8203
6823
8113
10794
10176
4657
5495
232
3600
4672
6831
5111
2926
4070
10841
5396
3895
10284
1206
8045
7974
5177
242
2138
5181
9303
1460
1049
2947
3909
1400
4474
6485
114
10205
2236
6114
9304
10554
10744
8310
3154
9014
51
4491
8690
6198
6764
4651
13
3178
3241
7605
3130
2461
1140
7243
6829
2744
6542
3373
6623
5197
2839
2253
2061
3059
4433
10560
178
9230
10269
7459
3923
5169
6774
10519
5137
5766
8042
3037
7798
2444
9625
6308
3548
9799
8229
6122
8072
612
4408
6827
3981
9129
893
438
6945
1755
2638
9113
8858
3012
2302
8495
2444
10224
856
8218
8079
9967
4448
8086
4011
1221
8323
1690
9592
7764
8519
8958
9379
2297
2552
8876
10411
3721
3437
3486
2984
5487
6873
590
644
4683
9645
8274
7364
1236
792
17
8038
9053
463
5154
7092
6653
5554
7433
3132
4325
6076
907
752
9895
501
6194
5571
1472
1474
2994
4937
9172
8591
333
5312
7897
7401
9912
2390
6861
9133
2972
7130
6317
7268
1756
5983
1563
9870
6355
9199
10098
3653
6915
1308
1373
810
2465
1478
4400
6265
8752
1611
3621
10981
3818
11176
5870
2092
7311
6765
7010
5859
3581
6584
4435
1980
58
9325
6152
10497
6490
8792
1358
9723
7405
1062
1323
7276
3085
743
7069
2892
6614
6792
7384
9746
43
3013
3871
4622
2174
3566
9196
8396
4340
8633
7830
10064
3708
5833
4523
7853
400
4416
2230
7837
4456
5186
1194
6279
7176
3075
3396
6007
6062
7399
901
2720
4784
1310
8064
5202
3049
572
6507
2583
709
2228
1711
2556
2220
1372
8429
7357
4443
8748
3278
2114
6176
4628
8130
4388
5574
10243
9621
4378
10316
6816
6853
1047
1797
763
6640
10605
10642
232
9566
10150
3813
10091
1689
808
5554
8235
4085
5402
4957
2989
6001
2694
10504
3336
1210
4546
4431
420
11331
8766
984
3656
9088
7790
5266
8293
5484
1639
8873
1366
997
10727
2437
11042
5173
323
119
8641
6636
429
6345
8767
5403
7842
2056
2754
643
9503
4170
5923
5226
3243
4559
9084
5949
5229
5842
11075
5067
2781
3254
5471
4761
7063
6085
4043
9359
4695
2883
2469
3193
2682
439
7704
3517
10094
7432
6907
1500
2426
6793
6547
1880
9929
7125
9074
8741
138
799
2302
4270
44
10083
9037
8394
8123
1790
10889
2474
6048
8731
4703
9477
5772
350
8592
7467
147
6756
3381
1934
970
6881
9040
9999
7910
9657
6322
6191
4306
3319
1002
6061
8882
7680
3860
727
707
1802
7790
6667
2058
10534
4247
4440
3819
6109
3516
2800
102
4034
7743
10657
6522
4815
5135
7895
6353
6270
7155
10516
7082
4794
437
9675
662
9613
4842
5689
6053
4627
7272
953
8450
6932
5107
7481
5920
3808
1305
8985
4519
7699
6227
6372
7598
5592
1665
9501
6245
6988
1662
2156
1178
4166
7151
6896
7745
2694
4178
5799
6329
10049
5620
7812
6734
10791
4861
9457
7853
3633
2804
10074
4628
5929
5308
7928
9345
1671
10885
5104
874
1099
6252
7262
4187
1279
3160
4054
3504
3890
7359
2690
4926
6752
890
8118
8241
7977
6077
10759
4706
6609
9440
8077
1918
3963
11205
1524
9301
6808
5184
6933
7796
3883
2017
8098
739
2193
3334
4922
2358
773
3703
1866
1119
6953
3096
6989
7678
7008
6780
4260
9058
849
5489
397
6684
8446
6181
4264
755
756
7283
1436
2944
7456
2073
10081
4285
3922
3788
4551
8176
7612
8780
9030
1543
5932
9083
8661
627
2579
8066
11631
6230
3631
2521
972
8307
2724
6248
2486
428
2348
1539
2984
9134
6877
7355
8771
4879
7851
8756
10678
8357
5440
3202
10542
1742
9344
6561
8851
10489
8013
11027
6289
4390
10042
1225
11183
3636
7807
6137
316
6801
11690
7428
5514
3577
3216
783
191
5632
8194
6546
8798
5961
7908
8320
9915
11436
4354
293
2070
1405
3480
1468
4722
6204
3766
5332
537
8322
4359
1561
778
2922
9995
9842
8537
9592
168
3165
7470
4089
3731
6600
6333
5327
503
5656
9221
6292
10826
9195
7080
2180
1847
289
3641
2078
8047
7031
7451
11201
1184
2490
3081
11148
6443
5794
5602
5411
5895
7661
712
11364
4686
7274
4759
5449
3481
10321
7195
8442
1621
8278
1670
3357
1906
7917
7695
7251
3883
1424
3512
2727
6967
7810
161
6277
712
4731
1025
3397
9500
759
7380
4968
9783
128
4341
4745
4499
4522
670
1238
2948
5988
6842
9247
9015
8806
6171
8229
406
4735
5785
5342
4296
4866
2921
8801
8820
8975
11221
6404
5063
9411
1914
8234
374
3654
3651
7928
4478
9379
4798
3206
8768
6123
16
1667
996
4373
5766
2201
3404
8897
11433
8412
8410
362
2121
6792
4195
2662
4754
6486
11719
9463
2419
6676
5601
2749
7524
1961
466
5283
8969
8531
854
3669
1308
5
10667
7460
9687
5116
1251
4940
4037
1905
1987
6249
187
34
9374
6196
7877
6882
6672
11759
6231
11266
9631
2651
7405
2743
5430
9390
7234
9888
7324
6142
7500
3317
7861
2613
2967
8082
8924
1582
6497
4770
6980
3992
7197
699
9929
2422
9522
10743
6255
5088
9853
4917
7312
3763
7557
44
2766
5693
11551
6862
7193
7028
8087
1333
10460
9910
2766
6373
7041
5422
7300
606
837
3808
6511
7826
11279
4434
2336
426
288
1474
3422
4313
859
7054
1313
9915
8700
10079
6281
3633
8195
383
5163
7481
1045
652
4867
8573
7765
11798
4782
11521
2990
241
7738
871
2479
11208
3952
5801
8632
9134
9521
821
498
2227
10073
9622
3994
4757
11271
11652
4852
1766
8033
8507
1093
7745
10878
3808
1417
4780
1293
5797
564
5087
7877
8499
4577
10046
9257
5999
605
5484
8447
5427
3224
492
2108
9296
8627
4022
6962
5099
11496
6761
8876
2824
5460
1114
6536
6553
6459
10678
330
8443
4191
8093
6801
4053
1297
10387
10800
1042
2929
8948
9695
41
1991
1791
930
805
3959
36
3001
953
8025
1772
3924
994
806
2946
4617
8526
7769
3006
3112
2008
10640
7189
6654
10280
1575
675
8689
5234
3738
6960
7274
6876
12004
6888
3936
350
4613
8773
541
3484
6557
7962
2527
3742
9127
10913
4584
5925
3980
1111
3053
261
10767
8963
6195
11526
5343
9558
883
3774
5372
11058
7496
3068
11847
1833
882
2159
10320
8300
8005
2946
8828
4549
6663
3296
11455
7165
878
11883
7323
2581
6725
8777
1011
6098
961
3602
10848
6251
3343
8287
9091
6935
6640
6408
5835
6071
11767
7911
5596
4373
1019
2778
5713
7851
8620
1098
6615
3421
3299
867
10702
4138
1249
11301
6266
7086
287
4445
1686
5683
2592
2978
2579
9366
6091
255
8066
2424
4004
1757
7309
945
9164
7419
298
3404
3939
4165
6322
5485
8558
4347
8102
1
153
10443
8540
2492
1726
464
1636
7809
623
5340
5849
5353
7680
11718
43
4823
6961
3788
2511
6961
6522
9360
1794
9277
10916
324
7322
2451
7479
11029
9913
6021
4768
4761
2591
7441
8134
11913
7978
4999
6891
5449
8111
7026
2472
10837
5818
6649
2565
7771
2458
3590
421
2980
3592
4300
3050
10298
11580
9429
11399
9787
223
6636
1563
2728
4659
5648
7006
6696
10693
7225
37
6487
7663
3952
6650
1588
1163
7202
10692
4021
3783
1550
3444
11631
12222
959
4417
11716
5306
5950
4774
11254
8206
2962
2485
1177
7557
2228
3246
10964
639
724
8668
679
11891
6485
4975
1260
3886
2079
10843
4181
3723
4498
504
11106
11122
478
7223
3106
574
9172
1403
6604
7204
1713
4107
2159
1117
7491
6839
2864
6557
1643
9117
5691
4501
5696
11823
7684
12309
4619
4194
8782
858
8867
10401
10622
9023
5166
769
725
10478
543
8047
327
8401
10589
4184
4738
4797
8335
8545
6423
5063
6778
3436
7317
7349
2097
5809
11605
5068
336
1128
7049
2853
46
7845
69
3378
1823
3558
1260
7928
11529
3465
10223
7545
5365
9329
4524
1984
4708
3819
10449
10386
9429
2452
9136
2427
9173
11422
373
3515
685
906
5879
1650
744
5063
7593
1219
2965
11376
10480
3968
5113
1106
1867
5379
12263
2754
7154
1948
10168
1470
7846
5582
14
2674
11041
4667
8866
9293
3661
57
9605
3939
269
11661
11138
12189
8277
1559
5410
3675
10635
6669
2614
1970
7234
7797
4558
1590
2189
3114
1686
4145
9891
10918
3042
4389
10722
2848
8674
5430
11640
2060
7047
2520
3377
10588
10890
10824
11652
1746
3770
7040
5855
675
5516
272
10622
5725
3045
3838
704
11925
7690
1397
12005
11040
7035
9774
1673
1990
938
7571
1511
4212
8269
3520
672
9969
1510
12095
3299
11246
5167
7311
5203
3222
9436
4660
5127
11167
3692
11733
2841
7683
7502
5938
2550
8474
4691
4956
8466
8232
11206
6554
7226
3165
3557
5693
10318
10196
7003
8659
7062
11743
10051
3635
9816
1698
1171
7016
9572
8613
3362
260
917
8891
2744
5855
3413
6490
4180
11744
5634
4033
9259
4515
4308
3947
4319
5840
11417
676
9437
6027
7252
7579
2794
8629
7082
11256
2232
8625
3134
8149
4952
3354
6454
8787
10637
3772
1699
8790
8380
986
4177
3532
10482
11623
11279
9176
5193
4731
5319
5353
5421
1920
4284
11440
6656
8208
12062
317
6610
7898
6140
87
347
10852
713
1902
2576
9947
664
4116
5949
11977
5030
10460
7587
9934
2081
1804
10275
3902
588
9640
9439
3705
9127
8582
3485
12185
6254
12308
8395
520
11717
5366
5513
3414
9516
4498
3306
3945
3968
11996
7177
1917
872
7159
6116
3855
1812
10494
7025
3420
5189
2946
3365
8615
3097
9861
6713
3479
10990
4010
11785
12390
6210
12665
9934
10631
152
1877
4654
2961
11258
1847
5939
4879
6259
232
11442
2643
3681
9066
4787
6838
1210
6545
6832
8338
8977
6268
867
4135
4006
4549
822
3482
2109
10854
12018
91
7347
3505
1202
8825
7433
6445
10019
5607
7951
8682
11680
193
3548
6577
5867
3835
5459
3275
9796
2249
1874
12377
4577
1285
3473
1584
2744
3724
7293
6852
11648
5815
2678
5960
5651
8009
1127
11354
8663
4413
6609
6803
2233
7810
6401
8132
2388
5384
4408
5452
11327
2005
734
6794
5207
4540
8546
4501
11864
11142
9927
5953
12022
2731
9466
6102
6759
4394
3417
2438
7307
483
3252
1272
1730
1453
1635
8193
4752
12417
3409
3558
11684
11085
5172
2615
6135
10128
450
10258
7517
12237
9703
8193
3172
6975
490
4597
162
6460
2427
5457
12808
6972
4953
971
8549
1707
1233
4918
4711
10557
10054
8172
5358
10234
9715
2108
4932
4503
8652
8503
6929
9035
1443
6184
9721
10033
11125
3548
8650
5862
3028
3071
834
12622
1173
12842
490
6468
1070
2399
8455
1093
1887
784
3297
3403
653
5791
7942
3970
9847
9224
12537
8232
6019
3810
8015
10000
2424
9693
8652
1656
1819
6640
2611
1341
5335
5867
11736
4143
8691
200
6405
336
7523
10630
4402
545
4843
30
10244
11512
1733
179
322
1164
4976
10942
7121
6118
3585
9166
48
6364
9983
5932
2821
2359
6682
10999
4379
8852
12314
6774
860
3347
5490
4896
4183
1860
3842
3968
2577
5411
5954
2904
1679
9502
7120
12598
4970
12591
2061
9867
6809
903
11115
2532
10102
7489
5671
2868
9013
11148
7527
23
4244
2621
11004
5574
10391
5139
5217
3673
2263
3715
1330
10536
8777
806
684
4217
1319
3940
7197
8148
6672
8076
10156
5708
834
3426
355
4911
10881
239
9142
1306
5379
3255
9493
11104
3132
5927
9326
3760
11137
6569
9496
4549
5785
5549
463
7222
5253
3097
7237
4409
2804
2681
11444
9633
6450
2991
3820
9494
12968
8629
6378
12805
6115
10892
10063
9388
396
4871
11628
7965
11262
1429
3910
8660
1062
5531
3003
4293
251
12845
6190
660
8284
3118
6689
8268
6904
1527
7210
12840
3055
1428
7539
9549
4809
705
11944
11024
12249
5876
373
473
740
3410
6391
3842
8604
727
3454
2080
12127
5465
11406
2093
9883
6604
7213
8105
11004
7432
5226
303
1058
6439
9202
5114
8118
398
4956
2528
7759
5005
10278
10247
5276
2241
3778
12793
7677
8394
11357
1343
2056
6117
1434
3508
12205
7395
11713
1772
2768
11302
2342
12045
5253
3732
816
12459
4627
12990
1813
12657
796
1795
3827
211
4
8537
5479
1693
9301
4059
9888
8052
12213
1695
3825
8598
5173
10770
5938
1114
7486
4374
13098
6015
12772
3811
4919
11326
11073
9538
5669
785
3531
573
2922
11348
7913
863
11411
5173
3242
339
8558
1670
1130
6446
10436
10919
10142
58
1855
4200
6412
11860
9812
1658
6052
1726
5201
434
226
7993
10109
7617
535
3316
3468
5200
1422
4882
5476
7948
10502
7673
4210
52
8258
9536
3429
6475
1151
2586
5470
1728
2307
7219
7316
1370
5677
10090
11394
4011
12074
1152
5522
4350
1302
9600
7952
2065
484
7903
7471
10570
4912
1206
13169
1266
2227
7178
1242
354
3605
9923
2792
10587
6208
11244
4492
4016
4216
6514
657
6728
3382
2494
12512
3907
7463
10336
6102
1798
7253
11374
8495
9686
11693
6706
6710
2403
12875
3679
5992
1210
7908
12125
259
611
5260
12730
10665
4026
5997
11755
10284
5177
4812
13256
1466
9487
11807
701
7310
3175
6397
4490
2453
11160
7595
1332
8038
209
5899
4756
4198
5513
3652
2975
10900
12908
471
1370
11143
11776
8114
12304
3795
8826
2997
9934
7250
6442
257
12742
8528
5568
10501
11116
263
3452
8526
13188
8234
9984
9231
9308
4225
1641
11380
7793
1651
3378
9752
1603
2894
7974
11092
5223
6423
6769
6073
9175
7089
9521
9334
4724
13037
5601
297
2127
2641
11840
2078
8108
4553
760
11211
11752
7078
3985
11730
1836
5913
5959
4157
4150
4672
8262
2917
11032
1753
342
10911
1924
2389
2719
7809
10774
4532
1808
12914
9620
2287
3254
7587
3057
2639
7303
2888
411
1470
6483
8849
12536
3732
1395
12188
2795
6403
4602
1281
9276
737
4390
3121
6684
5007
7244
3416
10797
726
4212
6494
7394
13295
8318
9415
11806
13122
9904
11744
4742
631
10117
5682
4748
3045
1963
2673
4713
2440
5542
3344
2955
9885
11954
9154
4303
3037
12253
9265
609
4537
601
8009
3042
7646
6086
4337
7289
7462
2299
11077
1705
8967
5379
5991
8401
4461
777
13369
10517
2032
2194
5528
636
5919
10280
5454
2067
2322
9892
9294
9953
8328
1346
12326
5179
355
5557
202
5098
4776
3955
11949
3639
12871
7053
8038
2078
2484
1454
3613
4058
5173
683
1937
13288
8771
10553
3587
2370
11668
1395
13392
9734
2842
741
10520
9946
11101
11569
4088
1434
3118
6043
12667
8781
3039
10617
12603
4308
4928
3999
2180
1321
4973
4627
5189
11158
9695
12757
2031
956
9764
12704
3924
3127
5405
7005
1766
2971
8446
5411
9091
561
2208
7871
149
4630
7719
9013
2642
5099
155
11172
5548
2041
12709
5687
250
9007
1547
92
9071
2238
12636
3922
12574
12981
8114
5610
6746
7413
11754
10356
11380
4566
1769
13223
4204
12607
3799
10147
8783
9778
3414
12573
12381
2763
2055
12462
9977
12091
9807
10412
8265
3784
603
3929
7057
4223
2913
9550
2106
11045
10252
6952
723
2386
12493
13019
8514
867
5528
6296
4805
10433
2565
4112
10078
5335
4729
2050
10425
2225
7731
1165
4678
965
8478
12404
1956
5198
577
5637
5140
442
11716
9741
4903
11756
8596
2143
4373
891
4949
4698
10139
514
6683
1819
7545
10456
2225
4145
7492
8249
1007
12753
5761
12674
10402
11062
2695
12265
3119
11992
10849
12141
4802
4010
2298
2157
2407
3486
9796
1886
4834
13568
11144
9682
10935
6555
2420
630
804
11680
6529
252
3099
9961
4950
6590
2054
12679
1104
9425
12517
12185
5821
12829
2097
11650
6353
1436
8688
259
4480
4869
2168
1093
4916
6060
12954
6529
141
5863
6150
12878
12663
9378
2803
5043
3698
690
6266
9145
4940
6094
11206
9809
9115
8387
10760
3807
5592
8610
6293
12148
8702
840
12642
2159
4267
5022
7187
7235
3202
2348
7263
2519
8910
7506
9975
494
10986
2805
4253
12746
5228
4815
2872
9783
3549
2987
1632
4112
1781
4199
9278
4882
9702
12122
2474
572
447
1480
9545
1512
8315
3016
3844
12016
7617
533
1958
2449
2925
448
13025
780
6566
8757
2190
12041
13390
1696
5470
5171
10413
2834
3761
9043
7606
7264
344
2893
2644
9843
11319
2636
6089
3109
2967
7941
10405
12019
9604
4596
1488
3243
7332
4222
1573
207
1212
7263
12519
223
12193
5872
2317
9164
1213
275
8321
2305
12919
9447
4105
8231
8635
8237
3286
5827
6803
7340
1810
146
9610
3755
7092
1005
8515
4697
5024
10134
8759
3327
13385
10875
10366
10585
8474
12476
10881
10524
3111
450
2343
3964
8619
12843
5766
3613
4233
3335
2317
8863
4131
4333
2417
6898
10453
5150
2203
117
9311
5545
10709
5951
13546
3833
2742
7276
4575
5579
10603
13050
8410
9723
1876
1683
7392
4103
11502
9735
3391
9333
4659
10320
1963
7306
1648
5267
3462
7800
3850
13091
11946
5833
5994
8486
2951
2048
3177
13495
13056
7552
1891
11894
11769
12671
61
3302
4307
5
10012
6457
10519
488
3328
1053
102
162
5489
6655
759
3332
12024
9781
1618
2422
10795
6185
7258
10677
9548
13120
1062
13284
4430
8786
12142
10426
317
907
488
2082
7890
318
2230
5380
12553
2333
12378
4460
3367
10790
509
9889
8246
3025
13932
12919
13055
1956
13737
12875
1607
4178
11194
2174
13396
7225
2144
481
13084
4618
5593
6465
7005
13512
3527
7823
1629
2778
2000
4113
10529
11034
7967
4749
3609
9475
1076
2053
4772
414
6664
10975
2937
3055
1893
8215
13792
8402
321
648
8393
10301
2814
7816
12719
374
475
6295
11376
13905
11905
8920
9905
2531
3788
12712
1309
13691
4332
8399
9580
8365
1695
4033
6220
7520
7054
8375
4279
1541
5032
1138
13505
4634
3097
4151
1661
1592
774
4808
74
5481
10675
9050
1779
1389
3813
8559
6229
13751
9514
3582
8518
6923
7839
10792
5677
1014
9500
5989
10660
1598
12361
7600
1377
6703
4036
1583
10693
13462
654
3859
7143
12320
4783
7374
4587
7278
3226
5326
10921
2976
7331
9401
9914
11968
3927
8757
1761
4365
1975
3178
6540
2371
2601
7793
12225
12171
13150
4832
5489
10821
4071
9795
12872
8338
5821
557
3267
8064
330
2960
4620
2534
2867
13665
2641
9090
9460
155
10609
10319
5450
5773
2265
9116
5714
13850
12829
2210
5472
8097
2901
12854
12751
10973
3643
4851
2182
3103
10487
7623
319
11773
6598
1044
6931
11981
3051
8977
4082
6575
12516
1326
13784
8247
7442
5612
2402
1623
13594
566
7850
3675
4373
13127
3458
1793
688
12721
2350
13627
4601
12221
1920
5959
9416
9841
6608
12742
2701
1546
8113
8756
3269
3332
11119
8784
12223
6496
5393
9307
3168
6747
805
11845
6814
2623
1928
5138
2759
453
13857
6362
10676
6858
12425
2380
2439
7705
13440
4676
2970
2567
6690
7123
3929
2790
1809
4575
5831
9666
5564
13846
9860
6299
12718
8368
5267
2194
9450
13225
10882
12651
3048
10099
6062
2135
7099
5924
10367
1270
5798
2654
13404
841
1964
3124
14115
1874
12747
428
725
10069
2129
4130
6401
4046
10288
307
9239
2578
6352
3837
3093
2202
12822
1183
14193
1482
7947
11168
10712
6382
1318
11877
3845
7867
13422
3398
6192
666
11714
14272
12783
5379
10062
11652
4990
12550
13777
3591
3136
5927
2742
4263
13028
13886
10054
2133
6277
1165
1697
6667
3653
1013
6955
2136
11882
2055
6549
3042
402
1658
12958
5795
1439
4660
1993
7487
10670
3970
14210
620
4955
7225
9349
8427
2332
10278
13473
3982
3662
8692
639
2923
3150
11242
3715
3328
11242
13561
974
6767
11742
4738
2954
13340
13161
9808
3039
6588
942
9041
3333
7649
1049
12678
13690
2876
2948
1800
1901
2530
10379
1901
1549
5245
11729
8903
470
7628
2971
2000
11372
13866
7240
6582
12392
4788
11545
1149
4345
10662
3642
4207
13196
13079
3335
13300
12435
12022
12978
8219
8308
7176
12959
6765
427
7611
128
9824
711
3997
7758
1947
10130
4454
4146
6724
13254
10290
4052
9450
226
7999
12418
1623
6773
4517
12555
4973
2892
6202
11425
859
7564
9512
2995
5325
12311
11233
12013
10397
1091
5163
2164
5654
11713
8472
10126
1998
3243
3807
3396
4663
2794
12891
5714
10921
1622
9356
13821
1155
2563
11908
4466
13979
2140
2796
10546
12961
10768
3991
12011
1744
11354
1845
4909
8520
1176
1671
3549
6398
14299
13379
6735
7183
13865
5076
6300
4745
9935
2971
1541
12021
11330
5499
5582
629
3376
13177
14415
8024
13246
7555
8835
9379
9741
5124
4592
9575
7300
4401
7263
6523
421
11365
2463
1305
4689
987
5064
11223
8734
203
12508
295
10648
11668
3267
3026
5565
3450
9589
9682
511
11856
8124
13884
1620
7671
13757
12045
11047
2059
8716
5617
138
2509
14396
7711
8587
7546
11664
9947
9647
11212
2410
1969
2906
12543
12389
7064
11870
1557
8234
397
3615
7844
12447
1069
8207
11983
11036
4412
4021
2551
6338
4996
2964
4996
10414
10987
3830
3505
3407
11468
31
1725
9349
9237
5029
2062
791
7857
8727
5362
3065
10321
2528
2107
3144
2594
8581
8859
6524
4418
10159
441
3049
4474
3404
7250
11642
10205
12035
12268
1849
6504
12527
13278
813
7263
4417
11584
13671
9731
9569
11834
103
386
9706
9347
12981
778
5065
2908
1912
923
12963
9560
2157
1891
955
4223
9004
1191
3411
10962
11179
9280
1126
2553
12693
2988
9973
959
8956
8134
55
6469
4013
890
7884
1885
2446
1965
1560
12865
1182
12047
10506
713
248
8413
106
625
13898
1354
10105
10507
13784
14511
5172
13227
10029
10755
1269
7088
11001
14582
11580
13978
11220
5680
12270
7636
5851
7392
3872
8387
3447
4601
3333
872
2217
7448
347
8211
92
13903
12533
8124
7965
373
10348
367
241
1666
851
13402
11877
6759
14092
14241
2244
12750
5488
11313
2426
1568
3670
6882
3106
8295
11229
8920
5330
2715
5243
12267
2188
5502
12362
13429
2476
1660
12082
9986
692
8688
1740
1118
584
11186
5087
1060
6916
1643
1731
3375
13894
10727
2224
9125
14430
8276
8779
1749
8436
3946
13360
3905
9086
12642
8136
7741
7710
11632
6201
2351
12596
13239
8799
6647
13790
12735
2107
441
14220
6978
378
3256
1568
13025
9334
5373
4439
8611
6495
6452
13977
717
2148
14622
13213
2499
8601
9301
4853
6377
4968
7676
11349
12605
13896
1762
13205
5494
1513
5224
11748
11829
12893
10004
14146
2399
7151
9849
13928
9408
12051
1649
3274
12818
1535
1546
8913
3685
14301
1284
1599
9254
4798
2873
13114
3392
5881
662
2804
7629
13312
2266
405
3680
4616
2760
128
11615
845
3394
10171
463
10382
13783
2219
9177
4646
1612
6849
1616
11262
12543
8692
14684
1701
8664
2127
4690
13115
1236
708
1968
11304
1286
12277
13610
3605
3744
11703
5308
12518
2119
3562
12202
10884
8487
6893
13010
7235
9645
9941
4368
4072
1693
6768
5141
2427
694
3073
1629
2081
1952
13518
10151
6924
2853
6350
2902
11854
143
2715
1878
7010
857
6018
8391
8539
5632
1263
11933
1021
11028
4661
1036
7008
14679
333
2212
7144
13886
121
10929
14333
14365
2744
9604
7920
4159
8600
12346
2284
4290
1469
14100
7684
2928
7046
10905
2040
14223
5021
14570
6527
2538
2825
3372
5168
11909
2610
6993
8958
1789
2937
3289
11575
12320
10539
13495
6048
13419
7642
12479
7775
8516
3462
1202
1560
11035
121
10902
8946
5872
1889
12219
7982
10231
2553
3829
5151
8862
3254
2508
12514
13622
10318
1925
7052
6308
6972
33
4529
9250
5404
15015
8648
3082
3827
3814
1608
9691
10778
13190
13962
12186
14807
11163
498
9346
6961
2478
2292
507
14989
14919
6017
1863
13601
7966
5669
2390
13414
560
2348
1595
2069
2980
12412
9264
6785
2400
13493
3583
8581
2979
14757
6921
11770
9072
14324
13108
13329
1925
13432
4627
3732
481
4605
5944
14827
291
3668
749
8619
11974
13255
1615
5825
12208
12597
1629
13613
11157
7117
9528
6217
649
12960
3146
9637
12836
6876
1588
1032
3236
11379
323
8574
6782
6466
10202
1922
10937
886
9590
13233
607
13676
6054
13364
8481
11766
6181
10038
10889
10807
4133
11918
2030
1698
12321
12579
5789
3475
5034
6139
5289
5584
12754
7170
2901
4470
11037
1203
7049
11114
10701
9596
2227
52
3287
11769
10901
13658
12141
8771
1489
12536
8903
12015
5944
488
1565
3965
13253
14525
5568
7249
9600
14384
145
12100
12270
6788
7208
14520
8935
14390
1945
12404
13992
4182
14410
6485
6206
13270
2125
1873
7512
13042
14917
8787
11459
5180
1927
12055
4226
15080
2716
13972
8278
9468
7459
15179
14852
1576
14884
1369
14650
9529
14978
2853
9512
15129
14985
13680
1686
7096
264
8904
6870
10441
216
4920
13047
12697
10399
1250
4924
8342
13414
1226
11082
14499
12725
5151
7083
2315
2104
10764
15081
14436
1701
4550
4378
11832
249
10277
15110
405
3859
7761
12043
3068
1248
9263
265
1439
12240
6555
5118
12116
6471
2910
11150
11595
14855
457
7277
14560
2357
980
11444
5333
8782
7601
8119
6566
13156
11001
9026
2356
8906
9565
9887
11987
452
689
12027
8702
8898
3605
1360
7334
871
3127
3649
6550
11360
1163
8028
9347
5450
2155
10806
8276
7757
12073
2291
8240
13618
2039
2085
10846
1508
908
3258
15295
8229
14958
12736
7930
2846
6191
12628
4343
237
1403
403
6865
14005
15265
13506
183
11928
14078
77
11946
3696
1960
1725
6698
14059
7060
3822
12507
6037
2435
1772
9365
4394
9413
11907
11611
12936
12113
8119
14126
8193
8274
14756
10943
9313
8219
6362
3529
11423
10609
7009
6717
13766
6198
6503
1327
13558
10489
9655
96
12686
9750
739
15335
1556
477
5123
5582
13007
2701
12036
4754
1709
12839
11684
1843
13265
1381
9004
12269
8878
601
2052
2508
10325
520
12857
11909
9035
8111
12740
1211
4127
9048
1676
9213
962
14018
5327
10545
8508
164
5754
14956
13238
4256
5366
7591
12137
11254
1042
967
13246
259
618
127
1421
9709
12689
13252
1395
11166
7238
1555
839
4785
3165
4895
15269
774
8963
5291
4046
6582
3146
7589
8231
326
574
4271
6712
8963
9985
5418
558
567
8860
8253
9508
3321
1250
4534
1398
13261
8886
10155
1331
7997
5414
4108
13005
13302
1312
9204
7310
13052
4118
12450
7942
14881
4913
12620
838
4961
3081
14334
7063
8005
6718
1338
9919
15272
2418
3538
267
2036
10878
5502
12782
1392
10343
61
11001
7649
10638
7552
13232
13679
4390
4494
6715
13110
14409
5511
1108
10454
6929
2591
864
7062
5243
15441
11785
7335
2688
2225
12795
13034
929
4948
8557
7346
3568
4691
14218
1357
9722
14315
12367
6816
10567
10064
14511
912
7065
11879
13226
674
9020
5498
3242
1975
4646
2743
9691
9049
8045
11480
9421
10617
2785
14581
11256
448
5697
4029
7023
8093
10786
9678
15475
1336
3839
9071
12074
1079
10687
13307
9559
10014
2754
8268
13341
13967
15269
9288
13144
10579
7719
769
12330
7050
7152
12059
10174
12823
3360
3154
10289
8134
5075
14416
3117
1496
5843
8693
11379
15283
6509
2240
15200
9218
12852
4662
9872
13556
7522
14893
1670
654
10753
8579
9449
13777
12818
15306
14515
330
6166
14009
15375
8970
7823
6756
3553
10216
750
14823
10643
11690
7745
3366
6252
11072
1362
9088
9235
15631
10179
7054
7145
11790
5910
330
7684
987
6839
12187
180
3159
14411
6647
9298
182
12971
430
14842
13082
13173
11857
6865
2885
14317
532
8296
12658
11181
8305
7912
14233
12082
13233
8090
9531
6733
4696
12768
6651
7872
13572
12493
612
9318
238
2433
14591
5677
15091
469
3881
14229
471
342
13420
7794
14672
916
3598
7325
9913
5780
2577
11948
12513
5565
7476
3213
12999
919
13517
5929
595
10933
6
11110
7746
1133
4290
11148
10627
11754
11753
12786
5154
7369
1417
9432
5670
11707
6135
15467
12274
5642
2815
15693
8377
13
12010
10318
4290
14161
2006
2491
10159
10009
4217
817
11634
15006
14374
2952
15611
14324
8825
12755
8190
14451
2498
15116
6008
5089
5339
6164
427
6735
661
7731
8706
4987
12229
4987
8670
13621
15599
10024
3547
6721
14352
1457
783
6699
3781
7858
199
10303
15426
12614
8941
7132
2494
1584
2734
9628
1431
6373
14380
13814
13352
13765
10115
9830
12228
4764
14275
10604
10418
13153
10771
13808
10270
12492
728
3509
11655
674
4528
1616
1301
558
924
5419
12744
175
3318
9921
6072
3781
956
13741
4577
2647
13809
951
9464
2581
15419
1053
9123
9910
2077
15794
2825
9836
8441
1635
10090
12124
7801
9271
11052
7025
8750
13961
12838
2549
5239
3911
12103
12184
10405
11924
15865
3730
11857
12433
699
1838
10285
14209
10447
5681
1985
12752
786
11384
14417
14686
13952
1324
12793
4439
8186
8314
4240
6141
10239
12228
12529
8755
9291
3889
735
13253
4952
3229
14637
2317
11331
165
1249
400
13802
13679
7830
4858
8670
11480
8932
8141
4017
656
7912
9049
550
5620
7656
3600
7998
6569
14901
10760
1159
11154
13654
8389
9300
15092
6573
8895
15
1420
13742
5873
13852
10145
3835
11235
10262
13684
6403
14465
7987
3663
5141
13284
8048
8387
13788
15497
9383
7236
8811
12144
3182
8969
1597
6223
13078
12394
11192
6074
1053
3883
11852
15677
992
11729
15278
2356
5805
14782
9462
306
303
14275
4289
8353
1450
3410
7320
945
11398
9286
12981
275
12769
15948
3277
15280
13015
11443
5367
3171
372
15790
15173
14395
14284
10428
3950
15252
5803
3178
9115
207
767
9979
11487
3228
10642
1893
8320
2831
9410
3919
1146
13047
7403
7963
11397
12819
4055
3714
5265
8101
8886
4172
14720
3348
6073
10178
3684
5728
2679
10176
2935
457
10633
13043
3986
6480
16057
9094
10879
14508
12737
4880
682
6377
10326
5894
8715
10198
10396
7027
334
14729
6864
11549
6021
2127
8284
4819
4881
13559
3066
11356
7532
3439
12293
4236
14022
13749
10181
6012
13498
16080
10412
4873
12424
3572
10205
4301
339
2169
4016
14692
15586
2386
75
6790
7179
15509
16065
349
2002
13218
8539
6844
14503
14266
666
6702
12507
2985
14682
145
4316
3650
4268
4676
9181
13329
6875
9472
10753
2765
2971
13595
1705
15117
10428
1488
8042
15549
5839
8724
11610
12497
2307
6578
2036
5817
138
3649
9180
3377
16096
7503
8653
7467
10153
13613
1427
10903
15529
1887
6272
9410
5859
484
10796
918
5617
695
4541
8432
525
4792
5291
4695
14266
12595
3581
621
15366
3885
1997
12768
14854
3574
7218
9650
8649
2600
5454
6472
14389
6011
5679
4663
8027
12429
2706
6624
338
669
12487
1542
2977
4003
10324
221
4295
3973
9059
6309
507
9051
11205
12887
6957
7190
3734
9728
8535
218
9175
10800
11809
4780
1101
4293
2328
15512
8388
15279
6510
8561
5189
2726
12552
14767
9008
10506
11923
2053
12308
14482
3363
13617
11837
3137
2493
12724
5503
8380
663
10487
5879
3532
12452
7484
5923
9203
10700
192
13673
9873
15992
6546
9501
4953
10199
6127
5491
15239
8283
4156
13089
2388
3692
4888
1217
424
8674
7608
9750
6895
4405
15864
10358
13460
2547
37
5881
5114
3157
15553
10154
7903
1403
3488
8005
2454
5941
4639
8685
11439
10108
210
16009
13234
10608
12223
14363
5964
12803
4939
1860
8033
3863
6447
9817
5855
13476
9969
8157
11113
11885
5679
11033
11332
14255
546
5513
6198
6589
13832
241
13795
14847
6425
14662
9253
14103
8416
9489
5978
15655
10419
5039
15417
12933
14977
12721
11814
8506
8434
8875
14697
788
5534
1544
6738
4485
8060
11309
12240
2
13725
15931
4971
502
14864
7487
3124
1119
8523
15463
3962
14935
6455
15102
928
9288
1368
249
14788
13251
8818
9033
4378
12505
9950
4928
14573
1168
13046
7420
1181
3283
9658
14778
1462
7496
10781
14498
8480
4442
3942
782
4435
5274
965
157
3037
583
312
7622
15362
1116
876
14830
2451
4652
6767
394
7086
13728
11644
13628
3733
14354
16425
9998
4505
7711
4807
11675
7216
4791
11675
4523
12942
11000
11071
15281
11961
7658
6442
9687
15279
7853
16232
4930
15965
13741
9505
4961
6681
15823
9110
5638
2575
11660
8717
3598
16399
2679
666
13070
14917
12543
8785
5380
3282
4124
14062
6019
2747
15545
7416
2807
880
809
14112
11960
3631
7750
7902
8195
4065
10898
3862
13379
14227
3027
3296
2688
7365
7256
10971
4647
15399
2353
14441
3555
15816
2985
12446
4828
620
6076
16491
4715
8685
9782
11556
8557
7122
460
943
4623
7342
15415
3067
6648
6795
10084
9591
3117
14686
458
8466
10953
10189
11014
7391
4211
10164
6249
2288
482
15124
7677
6663
5856
10701
11856
2868
4961
4101
2832
13550
10486
9086
10087
6859
9248
15212
1909
13888
6032
10799
7201
8243
11737
1544
7004
9282
1869
11881
9761
4434
2941
7802
11969
9429
1469
12729
14603
7078
221
5009
6098
13978
13900
3579
5731
8825
1025
9825
10127
11312
600
2227
686
1670
8509
9431
4580
594
11626
15716
5539
77
10998
7430
8561
641
8619
5436
5841
3586
15120
6270
15604
12572
8546
1245
9875
10724
16340
11151
14137
6319
15192
12299
16346
4978
8396
4827
15543
5029
5163
684
298
12899
12436
9633
16375
13359
16076
12371
2559
14300
9101
3995
16035
12506
9205
15165
9785
7570
12065
7697
6651
12855
16353
127
3788
12127
6678
10179
15269
5609
7999
11793
12583
9950
15809
12563
1529
8711
1674
10613
2914
4477
13649
12504
6193
9790
3781
8702
7760
4201
16080
6461
10382
3834
9049
8690
9325
9366
4252
15640
9012
11456
2749
13849
9283
15690
2405
14819
9373
5681
14869
8955
1470
13471
15619
14174
14373
9977
1273
12725
876
14255
13240
13500
11321
12183
4386
14801
9680
7518
5887
11353
15343
7230
7874
4878
4412
16713
8837
14970
975
632
9832
2808
7044
8753
6270
8789
16647
10132
14711
9738
1565
10340
7716
5189
9251
13780
362
13411
11888
12469
7332
6743
603
3692
321
1328
7011
6282
9387
14912
15734
15012
13589
4213
8087
15900
15274
13541
2400
2135
15081
16036
1994
9049
11479
6864
2088
9302
923
1305
2445
3821
6711
11418
9986
5252
8536
3308
7521
5647
704
15164
7225
12694
7841
8590
6656
4166
12733
13452
7094
2143
10359
16172
6356
2088
5918
12423
14794
9688
16436
8442
14980
6148
10268
1921
3691
8527
3134
12709
11028
11105
2281
2294
8511
2304
12500
14710
1734
723
5983
12653
13972
3092
12264
11645
2231
7097
13501
399
6470
1984
10821
15251
13702
1314
10198
7421
4855
2018
7489
14765
208
12138
3473
12215
1394
14721
3446
4918
6102
11004
6505
13262
2710
7624
7919
6820
3464
2273
9710
16387
13459
14725
3881
5800
10279
14787
5443
7325
15268
579
1828
13381
6868
7441
415
1863
12986
11721
10830
10185
11663
14166
15820
5687
1025
9253
2282
4325
7605
5824
9642
7241
3895
5734
3221
13120
12495
14779
16044
15242
4253
12976
2777
12539
9353
4926
10330
8237
157
9592
4936
16808
8088
401
6823
10778
14241
14203
8800
9651
7290
15368
16695
3625
8941
4034
7306
4603
6981
13619
1625
13603
127
7152
771
2447
14556
5911
5836
5170
1701
4605
8131
7979
104
846
8305
3204
13215
1556
11898
12470
8926
2993
6622
6236
5290
2952
150
15139
13266
12667
8251
16961
13772
8214
6670
6153
11475
2857
15515
2109
2138
798
2032
5065
1843
8417
3435
6711
348
10851
16265
3479
86
16658
8824
12810
3320
1164
5154
601
12904
10013
6952
9764
2706
2348
5465
13688
1909
15480
6511
5431
452
9502
4599
10078
11985
7180
14435
15115
3582
7748
642
7166
12592
12745
10507
10458
6254
8149
3005
12620
1296
10699
5575
9715
5828
2669
2572
1472
301
5967
15282
11016
6376
5771
4118
11315
8105
7351
526
5768
3569
1812
13867
16274
10773
10422
2879
15781
228
11905
10457
7926
3537
13165
15700
2079
6015
13985
6430
11214
3613
13936
3338
11351
14033
4910
14239
16604
11733
12688
12558
4773
6176
9938
10883
7472
7187
74
13597
15410
483
4976
1556
8491
8883
9409
6796
7967
1989
15362
2563
5794
4526
1548
1506
1772
12648
13577
2007
13616
12619
557
2768
8466
414
10446
3761
9720
7211
2421
11150
14890
2802
11026
1724
7440
3518
14883
1976
14724
4388
32
9553
13379
6736
11329
15901
13713
3218
16936
5766
12324
11891
11726
15345
13560
4339
4276
4626
1764
15891
11891
3480
3093
16281
8007
13860
10173
3323
7218
12296
11381
7440
13755
4748
11622
15266
8031
3400
8875
1399
8689
4247
5311
5995
9130
15640
1407
16549
6866
3118
13215
933
856
2275
234
13359
5503
7996
11957
5542
4510
7124
4379
14117
2915
2684
994
13581
1322
13223
5285
5058
8142
11692
62
6945
653
5217
3534
16190
4724
7396
9167
11299
13188
5418
337
15824
16876
11455
6061
1064
4594
7787
2037
10980
15922
6633
9392
13118
8494
15588
16453
6648
10180
17039
9909
6556
1787
9497
3342
11229
13067
15973
5769
8585
8552
5296
8307
3839
1430
5890
3916
15401
9589
9613
11164
13525
14384
8603
6823
8282
9454
16807
10963
13605
5985
13577
13223
9055
7948
9097
1638
9146
5493
12601
1212
1246
2635
9938
3176
10440
11434
13458
2511
2171
1347
9501
9328
488
4660
4798
7516
5994
7187
14456
5848
10315
7142
16098
6588
1885
1234
5202
16639
11798
269
7785
13661
11991
1133
3109
10759
9392
7484
10649
13525
11995
1936
14792
7064
367
13366
16621
12823
10100
15685
9440
6491
17208
4189
10783
4962
509
12939
7856
1080
3393
6813
14621
12307
8515
9005
4643
10569
10481
10376
8900
3195
7688
13668
1631
14949
16679
13376
15901
11699
4006
6159
11620
12742
12432
15249
9168
5078
15325
10569
9233
9898
10345
7982
166
135
7350
123
10624
13014
386
14448
14069
2421
926
9607
1321
14734
4402
5196
15031
3752
4764
10999
12816
16766
6524
16714
5750
6499
7339
11339
14359
15325
12656
2704
4985
13920
4664
13481
16409
14965
13821
8702
1620
14406
15781
8598
2182
3740
12823
13092
1908
12852
2988
4295
456
4877
10118
8461
2935
11927
15470
928
10070
4872
17214
7491
8284
8475
8868
12543
8916
78
13799
9884
14447
4538
7718
3907
10928
9838
6238
1760
12586
11868
9684
6337
13365
59
8243
2594
11525
5686
10030
15242
7606
2876
9257
7192
10776
9444
12093
553
15160
234
11368
8130
9628
8815
9938
2328
8591
3789
10295
568
10398
5235
13437
7539
10210
12176
3340
1936
7196
8013
6286
10110
10324
928
6851
3725
1909
4318
1386
9501
14974
12161
395
3799
7432
14090
6718
13403
1136
15417
2868
12275
10779
447
12694
11748
11603
915
8985
6629
11085
2904
3393
2820
2588
8029
6410
627
7855
1106
6380
12854
10734
8634
1190
7636
3612
8246
9935
9876
8190
13177
1234
12555
4928
8384
9536
14586
1556
6540
6339
2916
13503
14890
10505
7062
15665
242
4728
2805
15409
11231
12480
13142
9936
3518
16882
3359
2649
12953
8400
8887
13288
2942
7666
9558
3381
6015
16099
3296
11177
8196
2865
7125
6226
17099
3252
6026
11136
8576
9718
12515
8277
12174
10310
2296
10042
4660
11190
2495
5882
519
12508
1804
509
935
2628
17308
2923
1612
6188
11961
1693
67
4076
10913
9655
13949
14842
11880
13126
8759
7321
7334
1232
12686
7207
16627
8712
12597
13833
11936
13013
14757
4829
1785
9350
12725
17626
7345
9031
6766
3264
11057
14709
13840
13692
13871
13078
13189
2103
715
13348
13790
16786
5533
5641
9780
10019
15985
1022
17304
17526
11384
2596
9867
2446
5864
3809
10959
6809
11933
13428
3942
10151
210
6364
13012
10854
13548
6958
11162
7071
15847
11145
8885
2625
5667
8807
16680
2423
4604
9832
8582
10577
8673
17596
16752
1785
290
13331
742
13356
11030
1804
6971
8876
8668
8441
13814
13431
7671
10959
12562
13455
16523
5703
3973
13480
11701
7221
14865
376
16388
7946
8663
14950
16896
13785
9152
11217
10561
14759
9929
2768
2358
6278
10210
16527
1503
7443
11743
9330
12320
13347
869
9119
1338
9244
4182
5076
5309
10936
1835
11333
3195
13214
12082
12843
11739
11855
14789
8731
8398
2630
10233
6829
14463
2378
2098
6305
5986
9972
12790
10531
16174
3271
368
16892
16396
1065
6263
17271
11564
6233
14435
92
2496
3341
10384
2489
15153
10330
17537
8781
10366
6506
11070
7966
448
7824
11712
1416
13766
610
14404
16368
12803
17488
8991
6063
10425
1117
11953
2159
9932
3798
16669
637
2161
14668
15304
7575
789
7629
8844
1155
6807
16050
9423
14161
10285
2805
9104
10021
17275
8295
4177
12224
14926
4666
7961
8383
12429
13778
10588
11382
13987
343
11885
16670
4835
14582
2499
2284
6239
12261
7499
11780
9185
8294
16949
16807
12641
494
13129
10699
5896
13063
2116
11806
1683
12056
12295
1871
10098
3670
6143
8820
9593
11053
1549
13145
4608
14050
584
9922
11385
374
12741
3695
14181
13014
8975
14622
7519
8976
10899
5562
14065
6223
12869
9359
16347
16235
5264
279
335
3116
16914
1344
5122
9922
9056
5616
4783
11352
11088
13553
3767
8399
3784
17355
7019
5680
5158
13793
2702
12995
5372
5721
17022
4901
7774
12445
11663
3225
3933
5231
4069
5000
1158
12033
4678
13565
5184
3659
17880
9887
11059
12593
2745
1931
2773
6636
11726
5280
15545
6797
13595
7202
6781
16022
10813
1777
14612
9167
13523
1748
8401
3327
6986
4371
14979
187
8417
59
12373
10553
99
177
1032
13431
11183
15729
12022
8995
17006
15626
8169
5540
4036
13127
17005
8473
10096
6394
3634
941
14294
1816
8189
14137
965
12864
816
9232
6299
14384
6581
14798
15161
17091
13815
12511
12963
7754
13527
4963
2866
154
16094
17325
7894
2988
12430
6146
17760
3848
1534
2496
4280
9717
5477
257
16530
9394
16822
10478
10536
11831
9037
16659
4928
7329
1322
13247
6226
4939
27
8010
5996
5939
6183
11927
4280
14969
18056
1188
9751
10469
1696
9103
12458
14066
6740
4702
16351
15742
7485
8185
14651
15110
12392
13326
691
1422
13078
2896
4814
11586
9675
7124
13510
6403
2228
11957
16014
7008
9032
10623
7198
10263
14913
11234
14538
10197
12679
1881
1742
14474
236
540
1648
7618
13795
13564
17029
6951
6438
7943
3871
17495
12615
9601
11622
8213
2535
10437
4459
12708
1194
8988
11194
11560
3849
1441
7271
330
2449
14046
4788
14964
7147
3556
1701
959
8137
11871
1938
10561
240
12928
13091
12248
1482
1622
2507
1810
11397
2286
10833
3596
1057
3970
10547
8861
14111
15030
6216
1136
379
5963
12497
3112
6747
2425
1696
10181
2300
10896
17778
534
1452
8849
6330
2843
17404
13640
12251
11891
6817
17572
142
5474
4854
11231
6801
5921
10412
13222
5076
14043
9952
8264
6414
16841
2172
17534
10455
6300
276
13766
1501
10267
12675
3572
11810
3546
4231
14749
10623
6178
6265
5194
3033
108
13544
14041
3424
412
7639
14074
8628
329
13685
4941
10067
4748
3165
6241
337
14603
10902
13186
4935
1898
10125
10909
10705
13591
5136
7369
9376
12298
725
7436
13808
5272
7332
14641
9538
17170
5321
9019
7052
15495
6209
13197
8943
7767
11311
11955
5865
16347
202
9809
12556
15452
2033
3495
13473
13702
13262
5609
11182
856
2414
17863
1636
2238
3917
1079
14179
9488
2089
6513
12811
1752
12102
10975
8476
10273
9105
7674
18025
14292
4623
12189
7094
12343
14040
11002
1335
9860
12078
5488
2805
9817
4556
17981
11765
15255
14360
12948
4685
8731
3328
6211
1651
10475
13421
16812
12554
12523
4164
12480
16708
14355
6850
3526
2774
6293
5305
6941
3147
7377
15163
15226
1529
9214
13830
17141
13690
13705
15069
10790
14339
380
9750
10393
15245
12520
7776
9425
16031
5372
9943
7619
11138
662
8842
8316
11434
5628
7421
264
3957
4055
339
10065
8730
10854
10941
5239
13241
10894
659
5918
16333
7803
10610
16379
4291
10573
8163
1014
4575
3205
13843
9982
7423
7813
13584
7481
10682
1573
43
9298
3999
8917
1458
2705
16702
9290
8472
18252
5000
11330
15379
14370
3321
8288
4509
2033
10620
7981
3913
4814
13923
3102
10456
13144
643
3814
10759
15634
9912
8791
8876
8279
6785
7706
2305
17218
8505
8083
3648
7163
13037
5886
8560
12315
7719
6739
5246
5603
3361
7342
6031
8603
11361
11184
13933
1342
7298
8814
1312
3305
15554
11
1144
5323
12723
15683
1972
9068
17460
5838
11100
1804
11424
17385
4143
13931
7749
9210
13374
2938
10008
10032
1857
1194
14246
10161
6747
2972
7940
964
9711
1592
96
10234
8630
11478
6665
18454
8974
10435
8149
8103
11581
12552
1632
1820
8695
17856
13275
4065
3748
11935
18122
4423
8354
11161
12214
16585
4841
10263
13029
2384
10267
7554
868
12393
14990
8436
11648
4586
1704
7641
9636
9602
11795
11773
9026
649
11253
9412
747
16012
5753
8118
8095
2033
770
2577
12714
14994
7192
12954
3172
14106
11085
4975
318
291
2713
11192
2382
6987
9401
12564
17643
11681
4453
8005
10614
12776
10564
8024
8516
10790
10660
11787
94
11579
16746
6403
914
17818
7535
15474
3047
12971
2688
11776
7375
4287
13231
5197
16268
10338
12250
10943
5498
10734
17019
271
13341
1628
7517
7207
8556
597
12879
6370
15955
12011
6294
13528
2793
5475
12519
11409
16034
5940
18273
5789
8531
4323
8056
12363
9102
16304
9027
17269
6097
12797
11231
5309
8049
13266
3004
1815
5254
16994
10111
6280
5663
3786
17917
7213
12047
5258
3632
3221
15239
2942
13203
4071
8257
13659
16666
3128
8401
5522
383
11039
10944
6016
16854
11339
10498
7335
8808
7320
12867
12438
8382
7233
9585
8864
3580
4778
3315
3330
8041
15809
3744
2641
18283
1358
1666
8220
2368
12063
11549
8379
10966
10363
6088
2238
16131
717
11152
7401
306
2918
7489
535
11988
8501
5136
5173
4826
11110
2705
14003
14034
8163
881
6474
13969
13068
7118
15982
10976
3205
4055
1786
5625
11664
1207
4408
17764
11562
11691
11616
9885
11862
7536
9550
776
13391
4605
6157
3432
14171
3256
14681
13436
8482
4934
14001
14508
4649
10059
4507
17026
5236
1541
12407
11248
8295
1038
11151
10441
6207
6766
6868
758
7459
17077
12002
9443
5716
13162
4696
10414
8085
2536
6600
5935
16353
16272
13411
2404
4014
576
12010
7632
8563
3334
18036
18138
4497
670
7601
9827
7231
7135
1549
12280
6561
11897
8701
1005
1552
9846
10556
171
11927
16956
5487
13506
11589
9398
661
7895
3233
5849
16290
10783
3211
1210
8683
8340
11127
4687
7343
1874
8314
7381
11629
4920
9357
642
6052
12173
11077
18513
17308
4428
18681
6085
13462
5310
6585
17186
6688
6478
10170
1437
268
1514
5954
13024
9894
11718
2573
3435
1160
13405
2423
13131
18088
15290
12407
10329
15010
12779
11713
3611
11999
4408
3635
4860
4997
9555
7521
13681
5179
6660
5828
9906
17520
14950
931
7020
3179
7491
2541
5302
7775
14293
14743
13639
14335
10569
7
16580
9695
3920
7239
7683
8245
15127
14290
1064
6300
7304
1984
8553
4289
5007
5737
6513
9511
4286
17443
14778
5392
18735
11789
10044
416
9657
8152
15041
10304
1826
10204
13071
7233
14212
1956
13356
3524
911
10719
385
7123
9765
13750
3082
2010
11815
13687
13520
12342
6792
9724
3948
13347
2723
15368
2884
13021
13010
6732
1169
14884
18776
11083
7618
5968
8974
12220
16323
11632
2898
15456
160
11177
307
458
11684
7812
6969
15152
5563
10519
1564
5764
5516
7627
3671
7635
5802
5214
13967
5026
5313
10369
3952
1874
8735
14484
13815
12280
3627
7327
15100
15200
15821
13415
10946
17614
7297
6023
13005
2696
4282
12563
4003
5509
2071
17804
13410
521
8524
7275
4049
16060
12389
10780
13073
1277
18612
3224
1030
3552
11884
11235
10042
7295
1156
188
3073
11479
12458
2475
15378
12423
13106
18398
437
17127
18910
1740
12925
1043
4764
8131
2520
9103
17209
13632
4580
11090
7177
15328
3716
765
10386
16954
7860
10353
8915
4161
2073
12301
1475
10819
5712
11829
6761
8709
3001
4832
19069
9754
14931
4505
8164
10207
7987
4675
17886
15911
3472
16377
10881
12280
4569
12853
2500
17329
10605
1949
16546
2784
17970
3562
4685
8992
1237
11758
10142
7279
40
14076
4955
10142
10977
8622
6388
12640
14546
9331
2
877
3006
7389
7370
14947
6060
7411
3432
7694
13109
16610
10713
3284
12658
9559
1305
1707
4003
11763
8035
2160
11049
2830
4576
775
7375
2745
17996
652
17431
4869
18491
8618
11066
9384
5253
13966
3717
14557
7626
4890
5910
11979
890
1649
11804
10368
7077
7181
8706
2988
2817
2884
7397
18737
6004
3880
11460
313
2482
10933
7359
13554
6339
10760
14911
3832
355
15966
4846
3866
10412
14493
7693
2654
16927
9894
4110
2385
697
15789
3167
616
418
2274
10628
5356
3693
8254
12372
3562
5060
11760
6133
10847
12194
8284
18914
17982
740
13596
6828
15925
5400
11580
10853
11439
15614
6803
11705
5743
8177
17694
5745
8699
7934
11922
7677
17863
9783
13854
11620
6047
9013
3815
935
10529
4238
7776
6822
2339
12564
4623
16714
2931
4058
4135
1072
8377
6886
1200
484
10949
1975
5415
6405
9069
3246
15772
14344
7162
4424
5972
8204
9727
18317
571
7845
3355
5447
12604
9780
8456
4826
5410
9101
18719
7060
4542
13482
4488
4183
1443
11664
18272
12914
6439
4131
13255
17795
2887
13886
14591
12553
2750
5775
9727
9629
5082
10352
16377
2532
8994
7863
13653
7835
16312
832
9085
11635
5994
10780
1951
9069
15111
1668
616
18452
15909
6446
10371
9341
221
18423
11884
5746
5264
16886
1957
5456
620
1488
1184
15659
10361
7344
19000
3173
5982
18697
2617
15679
15738
14778
11670
14812
14443
457
2305
9831
169
6675
11683
2595
7076
5466
9063
2102
15178
16353
420
12524
2347
17076
11707
19057
11483
9767
14871
6781
4504
4304
16185
3900
12077
11227
4384
2804
3663
18414
11086
8250
4890
6873
194
4761
8470
2704
2748
16966
5116
5226
2565
7951
3583
7589
12551
5017
10815
11627
2041
5101
9937
6014
8358
11860
6608
10744
4377
9883
4178
10172
19132
3855
5048
4017
7913
6969
6631
3024
10338
1792
13825
12360
2767
3382
8893
10994
6829
4873
7432
3009
10983
5943
4592
19451
9126
15855
13097
872
8758
16571
4958
6163
7790
3765
4510
2019
17708
15609
4069
9475
3056
3908
16673
14333
11807
329
2551
5132
3871
10027
2558
1716
3560
8105
2589
4142
9667
17781
1282
7808
3153
12603
4977
3170
9383
3031
1984
12046
16538
1175
82
3761
5358
5336
10532
3158
11763
9519
12844
4634
7930
4710
18921
6209
4100
12235
2814
15936
14468
12366
8414
583
11041
10173
15667
8050
11343
1733
5221
7482
13863
14195
7163
11457
15061
7394
13777
16878
7241
18130
14678
8773
16064
11975
2448
10591
1091
1761
3872
10233
8561
384
7502
8446
12159
10491
14462
5442
8061
6120
16193
2348
9838
10731
2340
2924
4282
10345
753
9582
13096
2979
13780
1461
19192
8012
18876
2279
12718
9141
1796
5279
3474
1303
6995
2285
10406
5131
9665
11299
225
15272
432
17404
14270
1301
8089
11993
3962
555
76
1917
8345
8790
1517
3625
1937
1570
4762
9936
1711
16846
5177
17725
4081
1594
16631
12871
19170
7451
8348
6020
15108
1476
3173
3085
14809
18905
11934
4737
6473
3641
9463
15556
1699
17715
7147
7937
7903
619
9736
3640
6182
3640
899
9113
9364
79
15361
357
9591
845
2893
654
8099
8352
19592
2216
8755
7456
461
10395
10576
18031
8704
7658
11897
14550
12605
11055
9117
12603
302
7240
9026
9654
938
17436
11650
8098
3642
17342
8661
4085
4135
3968
6842
446
13676
19417
3540
18384
11006
3664
2200
15412
5787
1944
2210
19390
18097
1080
3823
11418
3650
19366
2986
5779
9207
12973
10052
3573
3434
12719
1127
5979
8217
2868
13105
7138
16857
7906
3525
14035
889
2887
6921
6110
4005
3426
11432
9169
9225
9591
16730
3268
9658
13346
3913
11475
1970
9492
10564
16244
5686
15011
7715
10838
9796
8199
2460
4780
16535
570
9997
11745
11095
4313
4344
6668
1758
11767
3122
2808
2863
13546
559
13441
3120
2819
5244
9222
13154
12187
6183
16261
3534
1347
546
6436
2333
2339
3109
1996
1826
11655
1383
18798
2925
2078
7457
6382
12546
1292
10130
8646
14862
609
416
651
17176
9290
9974
10861
2705
4296
9944
12336
4399
15415
870
15420
10573
4888
17710
6456
9914
3846
12374
11625
1030
973
16235
767
18905
19644
3004
5293
13130
2453
1809
2296
907
15871
11614
11087
8645
12323
1723
19714
11755
3622
892
17581
4839
6357
9061
12417
7418
278
2369
3121
9816
4191
4253
4117
5015
3412
1719
6647
16994
8822
11030
2295
3979
12629
7575
6842
1063
8469
15133
6043
4228
11704
8670
14941
1039
2491
12529
101
2219
18368
18998
7782
12299
11691
17806
4687
3340
9175
10304
8904
11239
995
1245
17064
12255
11368
18184
11061
1631
8198
3905
5097
1733
978
4327
18742
12408
12626
5461
2176
10847
3955
2475
10383
2394
1914
11255
8331
8331
2382
2838
5580
12655
16309
11503
9031
336
11109
898
7394
17332
5757
8594
16820
88
13416
2507
16671
5617
849
3126
4506
11626
9080
1190
12048
154
10611
12002
9019
10192
7897
9941
5449
3489
5291
15819
7266
9899
18928
16706
367
7537
5890
3575
6846
2395
5333
10214
5631
10938
8328
9589
11367
11314
15674
7717
16177
3955
18463
1060
17999
6345
13011
6533
19293
9441
14318
7209
5307
142
15832
16823
17794
16601
3519
16410
7735
9059
13702
2925
4506
12593
8224
15356
14105
12663
18078
5927
8112
10030
16294
12664
721
4377
18917
9978
8591
4499
8869
19049
18144
10272
10914
9100
11267
6969
19737
7967
3457
559
3807
14524
3075
11145
3833
16929
9752
94
5868
2326
3999
14083
6687
1571
8382
6375
7778
16346
4201
4451
4601
12564
12013
8058
7065
5664
7130
6007
18651
6898
17926
5927
2031
1386
5916
6570
10410
18548
866
4924
9795
5650
2118
9675
2370
8526
10357
8449
10223
9497
4283
6462
1810
7736
5865
4627
2814
8413
8175
8185
8907
7928
15150
4924
8506
9505
1363
11401
564
17789
10260
8963
1568
10762
2514
10267
15497
16851
10838
4796
3127
12222
12805
18379
18199
19912
6314
5396
3133
8688
6284
3658
11409
6332
17506
9484
11625
11127
4862
3280
4454
5403
13556
8143
6698
14951
9079
12269
537
999
12328
1671
11831
16946
717
12870
3192
2601
3184
9588
1277
2049
17524
17392
9430
10691
7432
2244
804
18662
18013
2768
9273
466
4407
2155
6358
4854
14878
11819
4557
8883
2575
8860
9878
5426
8347
7829
4231
18054
9034
15014
11714
8784
11955
4180
18498
10135
5544
42
19446
3348
9062
12718
14429
12846
9446
2225
359
4192
1986
5256
11579
11072
2323
4805
4605
16732
14809
1167
10569
828
19317
10824
1953
3248
16593
4446
18684
7103
7758
8455
18656
6581
3239
10838
16633
15200
10533
5845
12266
8549
9747
4064
10379
16758
96
1973
4372
1206
18414
964
6257
12172
4624
5324
16370
19933
14772
10838
7469
4836
12734
1535
11085
6156
14857
10475
9742
6129
4726
1461
6247
2927
10755
7242
7142
7899
2494
17006
18562
4427
9110
7806
10317
8191
6532
17930
4140
14313
11528
837
12220
4395
6910
2818
2722
17253
1906
19618
243
10015
12712
9529
5197
6655
17648
11198
12996
7657
1105
11820
4508
3360
11108
14938
1373
3523
6367
6597
11944
19672
3949
5423
7474
10624
10204
16950
16211
3577
9573
1224
4401
14669
4516
11400
7908
14095
8762
371
8028
11958
8340
963
1797
4671
8003
5020
12858
9067
6429
8522
11098
13234
7699
4513
10262
13771
7325
9019
19003
2340
9725
1446
15167
10144
3700
1973
9753
5570
19958
6338
854
13085
9197
9474
7126
11951
1815
9768
5036
5084
6509
12342
1929
1920
10113
11137
14257
9392
16459
9637
7587
3776
4937
6020
5518
10969
1907
5416
16208
6764
10508
15939
6284
5283
14277
1283
17094
5315
19488
1578
16802
16833
7151
20403
14257
1932
3449
6389
5579
1818
20266
6384
7966
10809
6024
5802
11077
16867
8553
9951
16797
19990
14435
830
6804
7554
6579
7055
17858
10659
11332
2223
14973
5848
6072
15665
1739
9749
10283
18024
16331
687
2114
7600
2692
2967
972
9080
19341
12264
17738
17409
14502
11719
9445
3323
14742
3505
10899
13422
12550
6209
2413
10334
12036
8007
1745
10521
16815
6895
8633
8897
6298
12443
11935
10848
7631
1757
19284
12780
2446
6870
12072
10145
13334
10887
15225
5313
6571
10425
71
8021
17721
11815
6508
923
1096
2947
14222
2083
2672
4311
2381
8519
1567
11937
18953
2197
7125
9251
1583
6770
15471
11641
12139
40
18323
10590
7385
6059
4858
13906
5181
16452
18179
15802
9781
11411
904
4079
11313
17192
18067
9888
12813
6404
4675
20109
9668
9742
19342
12061
8281
18862
12049
1603
10801
16605
2757
853
20088
5949
8716
16834
5033
7801
11962
7269
11706
2455
10637
5560
19401
1678
4031
8106
8837
9630
19437
5411
4312
1174
18231
6208
14873
3955
12659
10170
10433
20487
6486
1395
6322
2336
5657
10802
20484
5830
14847
17731
8675
13670
10375
2234
12304
17456
925
17244
9533
1725
9350
15664
12243
10741
7448
881
9765
4144
9566
18536
13987
10395
4843
8244
10398
1359
13512
9195
11958
10235
18561
9417
6296
7394
5269
18870
6055
3880
17365
11236
6807
7724
4725
792
10488
8015
192
10588
3645
13356
13273
556
1162
18783
6959
10648
11894
6750
1090
9764
10357
5504
11910
7954
7287
9146
1847
7477
1086
431
9554
2026
9218
5486
12067
6340
18447
1111
2359
17632
3255
9961
5749
5310
1557
1309
2299
19209
16685
10535
606
11365
3053
6243
14034
1938
6470
20628
3479
10981
7786
6383
17392
7121
18658
9488
6904
5053
7072
6151
12223
9635
8705
6685
3297
543
1310
667
10610
21
14239
18402
11957
14120
6644
7371
19442
11109
783
7211
10210
4569
3685
1049
2601
11779
4899
8086
1243
15754
2229
8817
4765
606
8708
12912
19014
8672
3695
15522
11418
10863
20324
11799
7535
2098
6404
16572
8002
5653
26
1405
3347
16398
9041
14511
7222
6821
9095
13739
5525
5043
14104
19900
18312
8298
1190
1596
17868
3221
8016
505
9251
20257
6498
6622
9907
2013
16513
6044
5481
2686
14404
20180
5808
6886
16279
12154
12322
16038
7512
7735
18349
18369
4107
9289
538
11118
5258
12975
15002
433
20627
9247
6306
5606
19075
3198
14329
432
7877
11130
5904
7507
6419
20086
16273
6543
10653
13634
3038
3245
9504
6207
14060
16187
664
15530
15871
14145
1387
6162
10201
9148
5559
3515
17855
3646
15277
6977
3818
9154
966
14461
4318
7324
10354
7477
14839
11421
3020
6483
12869
3676
9577
3917
13978
5033
1226
18655
10720
4759
18269
10925
20656
18748
20620
5557
6549
6547
6204
7646
8414
5614
6064
11177
8680
4300
10312
11710
11018
4235
8946
17640
8013
7963
8596
18409
3294
4755
20073
5107
9921
2893
13200
8481
15432
11026
3387
11296
19569
6213
9235
17995
1100
19306
17484
14871
13201
511
17361
7668
10809
10627
1164
3158
3346
6428
1617
18779
17376
15746
1527
6635
3697
10459
9252
3243
13769
10999
408
17348
12630
6609
9338
8020
2205
12590
13244
7056
18886
12671
10017
5055
2045
1336
1888
3078
17821
1563
8034
12011
10697
18942
8130
8181
7161
11470
3183
10398
19546
15316
9248
9064
5005
5194
3311
846
7769
5826
5898
2537
12995
6888
6059
16107
13789
10508
16964
10833
8450
10215
5649
10209
20673
8589
11664
7224
6228
10537
3762
2792
283
3701
5881
5067
14465
44
12754
6609
983
11678
10080
2224
7451
2605
2465
9765
17714
2836
9560
13934
14488
10538
2374
9573
3823
3992
18667
13463
3579
6623
5370
3026
3877
17734
8867
10153
11243
3257
20033
16981
9999
9084
3158
19469
946
1942
14624
8602
251
3583
13062
6912
6616
8002
3623
8926
11324
2504
9941
1658
19849
19287
14085
6052
20992
9835
1007
8747
3555
9444
2322
10134
17546
7008
9043
14209
9889
8939
4038
10226
9825
6739
20917
17614
5309
9952
5346
3060
11055
5637
8062
10255
8519
1739
9920
11942
17507
15697
7365
9016
17292
842
2239
18389
14320
11110
48
9846
2348
10313
4496
7911
13964
7955
19404
8742
1872
6442
7961
15185
11857
18742
12168
3323
20233
18838
5517
4760
7071
2468
10542
3192
11311
8250
3820
8929
6040
10101
9107
16395
15451
1464
5222
9312
9227
18420
20405
16193
11873
7818
2422
5756
9290
4226
158
8616
12874
17553
8934
4274
11315
2101
16689
7445
8983
9927
2612
3406
6395
8034
5763
4271
12236
7489
4656
4021
7446
6431
7453
3446
16883
7648
9954
17596
385
1365
20006
11961
8531
4964
8993
4819
1656
6029
7884
17055
6217
19053
12875
9716
80
6457
15998
17055
20126
17643
10454
10124
7263
17222
8858
7176
11182
603
16673
347
15422
1362
14218
18554
7219
15975
1479
15403
1806
18995
8806
13930
18936
7488
6065
17675
4800
3184
8676
418
13687
18111
6721
8352
1539
15046
16998
10435
1600
8869
19841
7071
1610
6563
16432
1200
499
20818
1130
19284
8476
5030
6344
13118
10189
15293
12996
2830
7394
7214
16805
19839
1280
3502
19543
15343
2397
8135
3491
4449
15426
17085
2696
9138
20173
9649
20354
19750
3922
5875
1069
2908
3019
5217
3173
18402
9584
7927
2166
7698
14144
6447
15955
9932
3756
17665
18689
10380
4715
16413
9913
5561
19051
10418
316
2616
942
7013
12518
3168
10905
10251
13374
2189
5514
10242
4420
981
14984
19562
1751
16319
6079
5575
5366
12010
8555
6529
15912
8971
11005
11012
5137
5518
10752
1838
14563
3519
7286
9859
5062
19950
14396
2830
6836
4038
938
1146
6573
6078
3921
9259
18225
7902
12697
9359
8429
5269
5843
9429
10812
670
6860
7333
16401
7725
21184
11219
13771
6857
2093
6742
2953
10829
11542
5220
10445
20357
9906
6560
2089
5253
7609
5300
3105
9305
5478
14607
11688
8589
8074
7118
10739
1421
18272
11352
9608
2868
19517
12807
6681
5859
8346
1223
3991
10513
20243
4484
11329
5597
19347
1348
7360
11325
7029
14537
1158
18467
4685
10015
14306
9801
17388
215
989
20951
13008
11086
7667
4623
7103
442
1271
6033
2245
59
10134
2486
5340
3276
4246
4733
20700
17902
8974
4526
2772
6415
15008
8408
5335
17753
19716
6799
5466
8875
18874
9846
7613
17896
16408
3975
17955
7571
2182
10591
8791
474
3636
10476
9525
15189
3362
13740
1462
3622
9179
19359
9200
11767
10980
10062
9643
10290
2690
7707
9231
16105
13796
20808
14670
3361
2770
2143
2529
9269
4216
2769
16248
11983
6033
15581
9837
5322
550
947
10561
17525
4049
13530
19069
6420
8762
5327
3234
4819
16796
10479
12468
13209
8699
3199
9876
4391
11314
1390
18512
263
19308
17297
8751
5343
6877
10089
7053
12597
7088
5338
3772
866
1856
10234
5632
3939
4490
13985
484
9413
12259
677
11197
21185
14310
8817
6910
19095
5751
12199
6949
5818
16465
16072
8453
5589
1914
6716
3793
7325
11643
5481
239
6518
17010
9289
6725
6519
3516
6590
408
2544
18096
7860
1561
3606
17805
18886
5997
13808
16560
14211
7080
2314
5549
10172
2401
9846
210
18206
1868
678
11127
17832
12260
2359
11737
1038
7911
223
20409
12379
19431
9450
1901
5595
3281
7326
15576
9272
12577
12220
14489
7528
4119
8777
4995
15797
3756
4492
14925
13271
5126
1
1285
9560
16873
2351
17885
17979
6170
1795
13415
1747
4200
1580
751
1623
4912
12131
13231
4014
6313
18562
16595
13200
6781
7454
11169
21501
1358
1918
19284
14894
7872
10353
8095
6741
7622
998
5693
5359
144
14322
15535
3773
5364
8432
84
1532
16367
15553
3908
10112
5365
17611
11206
9554
14184
9832
17742
20955
10670
15925
12109
2028
4742
11459
2460
9043
6100
6115
3219
16625
21595
4384
3449
9361
4914
17804
12110
11993
6438
1515
11169
7549
13671
7454
12250
17392
4129
3708
6000
12950
11284
19256
17826
7897
2559
13206
18280
9505
8090
6062
20905
7710
16163
12181
6848
3077
11851
9495
8421
16712
20108
4968
3212
3054
8124
10506
4733
2873
20707
16277
10226
1399
21322
8974
20921
21693
9172
145
11500
17415
16017
2511
18481
9631
7045
9306
20532
8180
9958
8587
18775
10239
16973
4013
11428
8474
5127
18434
20741
7908
11458
17956
8089
6311
85
16962
9690
21344
685
19148
12816
14413
16553
10446
13663
9883
7244
8009
16373
8821
10540
21201
822
8396
11751
16597
153
8011
5502
4004
20204
9102
11844
8402
8620
8907
11456
1560
19665
6282
19760
16190
7543
20026
3009
3563
6224
6566
9393
6385
7818
5328
21013
1244
2954
5079
9387
3497
8352
12830
16809
7536
10132
15019
3855
16989
19126
6766
5969
10461
13986
8351
11784
21238
11993
4272
7898
1568
10569
19089
17740
10599
17604
3148
360
3130
945
4706
4928
9543
7938
6478
20257
6262
1382
1362
3275
4630
1345
13334
5968
17494
3030
4497
21467
6652
19021
7845
15683
4810
1238
1061
15840
1830
12195
12850
1550
7296
7052
360
5307
33
1753
10330
14406
12711
8494
19845
4997
16451
2832
3405
7494
9641
981
3932
7086
7254
19714
193
17261
5148
168
3967
10082
1775
21852
17354
18574
7381
4745
17584
7715
2889
1893
7123
4231
19746
6249
1619
5116
7147
3947
920
13371
20291
14855
15892
15636
73
3353
10270
9912
7531
295
2717
18809
18231
9481
4700
18897
10708
13659
5123
10366
10067
7820
6950
1589
783
16864
19891
606
4665
15837
12641
10614
8167
11732
16023
7142
14124
1509
6795
8635
8416
20155
15527
6626
1287
2300
816
20366
4594
2813
9526
1260
21563
6210
2430
2383
8575
11365
4925
588
1487
4336
7057
3775
609
17060
1615
19995
9142
11184
7247
2046
18109
5580
5294
5117
7001
3251
3982
3566
11881
10453
983
2506
1087
15440
3264
9398
10097
19484
7000
14744
8726
10629
1391
15424
5271
16351
2792
5296
7569
5199
1459
17594
4518
4248
283
3025
12637
14052
17597
9961
14015
2125
3547
15296
7997
7302
1359
20881
8006
9067
287
21446
958
18570
17986
18974
9649
20717
5192
3120
7406
21506
17151
2303
4670
13829
18231
11470
1958
1577
17414
742
5759
1740
8540
9077
11067
8036
16234
19721
6955
6332
12039
10878
5764
10982
18771
5668
5112
1334
5175
10464
3025
18495
21627
7564
2926
1427
9438
10409
1072
8166
17073
8813
5821
3911
5930
19858
8772
7610
17753
6214
15029
8188
15348
7015
2107
1281
3562
17816
5683
20515
9983
15508
7745
19220
20078
4666
18187
5395
1976
2174
9500
8547
2566
7400
3670
19070
8710
19134
7112
18184
13667
8663
19296
5223
15535
2089
11679
2366
10062
15234
6537
2330
14724
5831
21227
1129
635
3728
17894
429
12015
13208
13760
7821
8349
20684
382
16002
17944
12194
9947
4564
16850
8180
10254
2245
6653
22125
7044
1803
15561
8619
17253
5314
4079
3521
6317
16422
12509
20615
4031
9781
19
3580
7971
21176
9470
2628
559
12077
11746
5350
6628
7078
12524
2383
2374
17962
4265
6399
4007
19407
2465
5019
3724
5834
5414
120
22037
5965
9704
1767
15224
5159
14456
754
15949
18125
7375
645
10495
5877
1227
5937
4450
10984
1539
17925
1175
9886
12665
16922
1499
7026
1568
17369
2248
3666
3223
18758
3882
8824
7307
10639
2878
7339
4838
1764
3386
10165
7308
4746
7753
12312
20342
23
8720
8448
13379
9817
16244
5725
2588
16083
9436
14808
6795
9102
6368
14726
2375
8599
15349
5341
3341
5064
20579
5183
7717
2233
22040
18006
11641
19881
13506
3880
1437
8777
9923
1911
14609
8081
2427
14383
366
1137
9916
1261
14637
18721
1950
3211
8256
6352
18556
8523
952
7449
14702
5227
15612
22275
19656
6042
2992
4011
20196
2176
11157
9935
19234
4565
426
2445
16940
3278
9368
4689
5503
827
17484
11611
19495
15502
13542
8036
5321
18344
8402
10186
10471
5622
9780
5631
7667
13416
3099
10039
11318
9748
14221
3016
9108
3169
14423
1302
9744
1104
9675
2282
6189
3653
947
4611
5924
22323
1058
7728
7519
11230
6308
5221
13655
18067
3338
19352
6490
537
7757
8517
16449
13219
20607
381
5464
17466
7008
9764
9645
5604
4364
18325
18895
7605
12581
962
7804
11043
18365
1916
12499
5587
13174
9176
10565
15862
22247
7559
21605
4243
14658
9727
12939
21567
6708
17234
8822
21318
9558
5694
3541
19370
5990
19846
14699
9330
3438
17984
10907
5062
3455
279
1184
6571
19856
14515
825
8326
12274
6679
10467
3407
17841
8586
1741
5361
3189
818
16628
8089
17318
4925
15928
3256
7379
9220
4655
4420
19285
16164
10789
20612
14127
1546
8275
20126
22329
8735
7634
7873
7827
19793
4986
8501
4339
7169
21506
5795
6933
21849
743
4764
4475
9696
15413
11022
19178
2127
21175
6008
546
16535
7748
1221
8852
3408
10226
2366
21690
6972
3915
11469
1362
5924
3324
6445
1037
442
22077
12063
5538
8796
20022
10933
9379
17232
8203
1302
9747
3185
1625
7568
15644
2208
3166
14321
2394
8510
13191
330
1588
841
6754
4948
2871
2777
6778
15949
5242
4781
1192
3990
6163
14111
5331
4459
8134
9396
1548
1276
3943
5623
5139
9940
2956
8584
3678
21872
18858
18651
20249
10904
8292
5390
3488
1631
2805
18588
7461
7411
9088
19299
4958
13815
17025
21517
9479
7498
2270
18229
8040
382
11100
5768
20302
10705
6235
10710
2312
11434
3203
1540
8780
9392
694
4245
17397
10034
745
2852
2551
20223
9832
15236
225
6934
48
7651
14649
14231
586
4995
16382
1379
21206
11210
20086
18827
11246
21267
22313
6278
14584
18609
10838
15532
2631
4140
17207
4302
10012
21386
8696
10352
9850
16231
16959
9210
6425
3252
20136
20080
4538
6189
20623
20031
514
7881
9426
7245
4208
7078
7461
14832
8106
6749
17936
20802
8126
21315
20023
1411
5225
15409
6705
634
6572
7989
5548
9153
20741
9777
1786
7101
13117
5363
5537
1747
4798
7938
362
16089
1415
5368
5349
715
18114
4433
10727
18112
3638
1283
894
16412
5
17710
7081
518
10
3653
20258
15901
16315
17250
601
9360
2685
5790
1982
3247
562
19529
1860
1376
1660
7825
21490
11010
12297
21120
9700
19726
15998
5267
13715
16777
1719
6696
7254
5903
7802
3648
7720
1046
20741
3942
16555
7262
5343
8166
21357
1224
5780
11489
19818
11776
8855
11000
9171
7417
12615
6467
9481
14356
21726
13596
4597
5684
8935
4540
8823
14661
3
13230
3381
7384
17577
17305
6319
10605
7438
18003
30
2527
22617
6487
1479
11529
9217
15990
528
2848
6945
4845
4425
9877
2462
1182
1311
11907
11902
4490
5898
5530
4685
9398
16132
2297
11888
17572
9015
2660
18800
12540
11682
2376
13656
21158
15032
9473
19807
11282
8242
7318
7556
3395
5898
16361
10501
18872
9391
1430
16674
20889
3747
17772
9313
22128
6810
1505
7375
8667
20970
4548
2991
22017
6456
18892
21332
1827
21488
3886
1341
12789
2655
9610
2714
3153
9196
14471
4956
7859
4909
1608
10919
429
463
5659
9368
10501
1154
3690
22407
21473
6589
17873
13104
5771
6273
17215
21269
19857
4500
22231
4126
21062
3265
5150
21891
3094
9500
19838
15595
11286
170
19809
13782
18143
20984
1070
15416
16541
9297
7079
2259
16227
11851
13739
12854
6082
619
937
10594
3581
20138
22536
21806
21294
7072
1409
20811
6270
8864
1716
11770
4906
17597
10325
373
22675
8491
15671
10378
1375
15073
9044
8406
12892
17725
15160
6825
17101
18505
2625
7941
6883
127
7942
13588
16085
4676
2197
19386
3695
6274
4115
721
1399
7565
21749
76
22493
4574
8102
15062
9076
2536
6504
22454
9589
5180
21602
8182
17620
7167
8351
20676
12566
7540
699
19224
2434
6386
7266
3252
13786
7397
14722
4561
1324
2814
7083
7994
4195
1835
8556
22628
2820
5233
2366
1462
5462
21198
8975
5448
3841
12602
205
12136
7646
757
9232
18050
21246
118
12790
6060
16414
8574
7394
11510
16153
9788
10463
1734
20944
16353
20435
8300
5670
1105
21625
2622
678
4476
4883
12420
22138
8413
22303
9630
16601
13862
12263
4218
2480
22710
787
10431
18852
5763
1545
7892
19047
9112
3319
6136
5534
21313
10183
11876
19250
4370
20050
10062
6106
15396
7319
17933
5223
1940
6161
67
1916
8693
240
3750
12289
19738
5379
14233
6423
12367
12606
11674
574
4506
15452
5432
16889
13377
22556
5480
22561
140
21555
22135
4577
22732
16193
9762
1521
16284
1028
11393
13346
13159
3181
7665
5560
2250
7372
13826
7865
8316
18941
22928
1477
13003
3958
9263
9223
5499
22971
2654
5931
15814
10115
19858
9040
1802
1807
148
11328
16279
2790
13960
5565
5896
809
6082
14110
21615
7421
3902
14430
6833
11860
14077
14373
9001
17069
8388
6925
1855
18828
2892
19575
7143
4887
15464
14178
17474
18921
783
19579
22541
4082
3420
3477
22358
5130
3937
8123
3696
820
4605
10628
22149
1579
4996
16517
7384
7104
9225
6746
5279
3529
6957
46
12842
12303
9921
11704
2154
439
20600
5394
3460
9714
6597
4391
21474
4601
11285
2454
12982
6752
11365
9012
1452
7530
15200
2574
5114
12051
16583
7971
4377
7013
1558
9127
11365
330
2450
7833
5149
19553
2444
2174
6278
3577
6282
8043
18994
20157
10536
21239
5831
586
4086
24
8963
2323
5118
17384
1533
21778
731
3
18862
4174
7122
22395
21679
17208
8475
14122
8516
4313
2196
14407
2721
8719
6773
4408
4429
12192
21984
2215
17453
2228
15812
7896
8770
4794
4603
1586
10510
13517
13774
7228
3844
1254
20568
1105
20115
6859
409
1943
18589
17898
15319
17349
5449
12682
1100
18339
6430
20042
5510
8398
7503
5288
3822
1784
22071
6018
11774
6444
21116
9092
22439
16962
14156
14665
20720
11858
5733
8459
4014
3931
15407
2402
9631
7927
8416
19940
3800
4911
12805
3489
1058
21907
9494
755
7198
12427
10984
20119
15907
2976
12497
18203
9752
3698
3866
8705
915
8310
18754
2469
6189
7115
8707
6764
219
9989
8852
22656
18145
4649
8789
6449
16059
9503
5192
5684
7099
6505
95
374
15799
2451
9876
1662
22507
3672
12392
3697
20341
22004
5406
13919
5854
4118
5151
19281
2521
8608
17730
15300
3375
21580
8909
11771
21210
20890
12721
20253
1460
7563
10916
12078
1404
1112
19022
6462
7259
12215
10841
15328
3059
13045
18610
13790
14110
7493
8333
23339
4421
1624
21674
17945
5769
18733
20182
2252
20231
1419
7443
4847
425
7533
5656
8101
5288
7773
2781
16323
2343
20868
4500
21564
4514
1008
2951
3293
2554
16631
18773
16186
22403
4148
6555
10728
4093
20944
8864
7214
7883
7674
1596
6260
7425
3926
4532
16069
18403
1794
7675
7797
20854
8090
553
14298
5628
18462
14628
18626
6644
3913
1149
13668
12310
6908
9199
8637
3498
7168
4071
4674
12459
5680
20432
7956
19663
315
14993
7285
22534
8392
13969
15804
17564
14598
2603
4002
20917
7318
1312
23286
13108
17635
15375
8083
5349
17586
143
15248
16565
18682
7808
4790
1203
7157
8952
18999
13200
627
4186
4246
9473
3959
883
2560
6410
6667
2582
10364
3739
20785
18135
6370
15804
8812
19986
942
10270
540
14384
16953
6648
22225
10533
22576
3558
17776
5404
8517
14033
1399
11033
1828
18204
6678
7883
21417
8542
12830
21292
5922
2544
7703
1484
15341
2343
4185
3215
2973
7149
8362
6963
21500
1579
14090
7852
2394
20369
4234
14375
4006
13400
8350
5845
2990
3672
18357
3923
20255
6294
6375
6752
1286
4304
8991
442
1324
233
3993
15757
1352
5942
2365
21025
5952
12917
844
17105
1400
20729
12330
6460
2144
394
20321
21399
12020
20434
21382
22514
5322
21978
3489
11452
5766
6179
13665
6794
2815
21956
4289
6932
1569
20380
22804
14720
5740
2702
22848
18404
6099
20838
5433
3590
21506
14682
2972
21862
8204
19197
1062
6645
8467
19260
17721
19272
1208
15998
17431
11009
7639
1525
16652
21293
14706
8966
5465
1346
16362
21738
23181
17706
6615
9250
22431
17420
6186
8294
17466
1098
8996
17511
22104
12744
21600
21454
19986
11019
20613
3036
5894
22264
1724
18253
15387
2014
17345
6531
1841
4023
2407
9440
11484
3310
4261
12404
19459
7382
17033
16600
4068
15435
17444
14425
738
10329
5712
16985
11329
6208
7891
3571
20585
6647
2348
7134
14089
20273
662
9108
15302
15262
16249
21427
7417
22640
7500
5316
8237
11757
7330
7289
2369
19826
13044
14107
3812
11448
9642
15781
2925
18006
14476
2572
10838
9095
8313
19458
3711
13102
3675
14361
1088
4631
2400
12842
4643
10368
6738
6649
23783
16600
18045
2321
20218
7873
17277
2030
11751
17773
7020
16506
6975
12271
2710
22895
5541
22319
7869
6016
8997
12764
6496
1369
6319
5778
22828
2036
15971
1990
7579
1692
8630
21279
2658
12392
950
8746
4223
7432
7459
11521
23528
6560
3935
14047
9691
3125
3407
19576
46
4641
22946
15683
1136
19870
3145
6055
7453
2029
7496
3234
13075
4597
17829
5707
2846
4165
19998
1046
19797
17168
5983
20987
9319
3731
8052
21550
16193
15155
17676
20201
6602
9133
6815
15211
15825
2519
8001
232
4163
8675
17783
4804
8516
1867
1753
4738
8370
7438
22745
10786
8822
8161
13212
22243
2650
11774
1830
6007
12210
1716
1395
153
6129
2028
21187
1629
7392
15442
4149
11347
17753
21528
5915
212
3505
9063
2557
7150
7720
5301
21136
1404
20718
1259
7465
4674
10795
10950
1567
7293
5767
3453
20445
11619
6146
20133
5411
3723
13500
19282
18814
4000
10239
22656
3765
19026
1953
7857
11703
119
21357
22743
4167
7722
769
7372
14455
3742
1089
255
600
14504
11601
5851
3185
9341
963
23458
4462
11964
405
9846
4507
3830
10910
21820
5265
9678
1762
18
1519
1668
17251
5279
973
4721
8129
7364
20654
2690
7994
9073
23680
7159
8272
3264
2440
270
3976
2262
16557
1082
6775
5679
5556
23560
9119
2362
20530
13261
16345
7728
22415
16669
19188
3060
2631
3522
6546
7205
5901
6794
23772
22755
18233
7291
13817
21719
20665
11281
1485
7568
1548
5793
2087
4178
18163
10804
19816
8408
21417
11095
11630
10418
7036
6603
19848
20037
16480
5761
16993
15581
6764
8434
20529
15390
4555
3470
7462
11433
7853
3996
7754
7141
22978
1017
4141
1393
23166
22458
18019
803
20057
14197
4203
9988
1440
11797
4743
2995
11481
1205
6147
22325
5164
6776
2369
15339
10755
5177
8425
8477
1371
16647
12439
5583
9883
21
14002
13835
18813
6434
4343
10013
5611
6385
17938
20043
12323
20355
17753
16359
5626
683
20154
22389
15805
5540
5874
6928
19813
10191
7602
4026
16717
11226
24026
22226
21301
11165
4360
23578
20761
22261
5003
15674
1030
7982
6897
2512
6861
925
5892
23721
722
5122
11259
15845
7022
13160
14127
4586
13732
6369
1378
11816
5672
4397
17804
6343
3521
1924
18990
390
5121
11705
6281
1504
6103
20882
6545
22747
740
1004
5655
10179
17001
19174
4564
7884
2504
11673
1160
9860
17000
18081
23029
2289
9798
329
3348
2935
582
7378
7434
356
5167
3936
20056
12617
20089
4016
3154
20147
13171
15863
8240
15099
3036
20319
10285
8820
5306
3337
8038
7608
22363
9753
15010
23467
6943
1046
15836
12970
10766
19950
804
3678
23336
7226
18272
3276
4965
17092
10915
4770
13568
21318
3134
1051
12323
15733
15086
1315
1493
12350
3122
1212
23587
8272
3154
6048
23787
6106
17739
1876
7521
13206
13958
12652
6638
4653
6959
13227
19187
12798
18923
271
5844
6498
6952
17641
3861
9521
14848
5922
3137
10690
13138
9813
15464
4686
22507
16918
208
2735
5591
20920
5476
6002
23799
9070
23753
22756
16571
14000
18070
4867
1296
1504
10166
6610
12118
4910
683
2714
14665
15545
6949
16413
550
7158
2247
19740
19030
5447
22137
28
446
5648
5699
21610
15123
21163
23641
5444
23006
7046
22195
12507
6908
2209
16687
4638
4908
22705
20704
1683
4492
3848
2689
3756
17970
5438
21003
5569
13436
23464
22844
20394
1426
9265
9081
8305
23235
16749
4252
6136
2208
14407
4533
19087
3927
7575
7430
5262
3673
21308
16193
8852
15395
14286
5039
555
6008
4725
4973
9541
2884
14675
17457
1247
7772
1706
1627
7715
2714
1530
22205
19517
4541
7439
3833
4901
1733
20585
22308
1291
13022
5269
14454
8501
7045
14812
5836
7705
3037
11489
17797
10417
2087
818
14210
24390
19320
6230
2444
18922
14976
19100
20450
19892
132
10194
11890
12712
3698
451
5104
15741
5061
645
11046
13732
12990
10402
5891
22661
41
20086
18966
16652
1625
16600
5972
21092
13401
10493
16313
4354
16989
19864
412
3302
757
4011
20741
16669
21638
17450
14547
3211
18171
22228
2553
10215
18872
19560
15138
15623
5669
22012
1045
862
18551
20801
3026
1475
520
23654
15581
5566
7021
386
13274
11866
3173
23440
7326
20622
19432
24295
4085
4893
2402
8010
19353
13320
19545
374
20257
10639
4313
5744
7005
6370
13015
9508
289
21738
303
10842
14753
3441
922
3055
13564
2712
4791
18806
14872
805
2944
11586
10109
18107
6658
15791
2759
2574
19083
14355
433
20646
6434
13818
15099
7688
3699
474
10092
20321
9112
24225
4793
653
23754
1935
5572
11817
4177
2502
6120
3973
20022
7810
20883
20717
15337
1991
1494
19970
6191
5249
1522
6354
7016
4088
21299
1123
18429
16503
4809
14513
7891
6403
10408
13103
11495
683
19288
22932
899
16697
10097
248
4820
13809
9313
3900
22233
10084
16331
6123
11583
20254
21283
7326
18493
21276
22392
12528
12435
3704
7056
2145
11346
19784
8250
12630
7640
8076
3808
353
20225
10405
7712
5827
7262
2773
6604
4911
13852
23109
7909
5004
1354
5075
1036
10895
5078
451
24434
23695
15627
11538
7610
2472
18757
17207
8716
8958
7471
5239
23941
19993
6285
19662
13904
823
4636
18551
4191
8783
10522
12853
11930
344
16658
9159
6223
17711
5689
4917
1738
13397
9805
4494
14719
15617
22312
5785
6738
16943
15830
3118
6134
7235
2876
11901
3194
3729
7644
11807
2592
13858
698
13564
23750
21941
940
12908
13169
8965
3203
12956
3228
6333
18753
17716
4726
5378
15202
14134
6780
15601
5149
9257
1069
7118
5590
8824
17398
21185
12351
3861
3543
7057
6982
15457
7255
14276
5446
2128
6917
11929
22397
7624
13875
24695
9936
1180
4728
14724
16219
2083
5852
13645
23556
12041
2807
13069
18863
20871
59
24365
15025
21152
17549
22023
3525
5483
1010
810
457
8636
7113
1652
6543
2030
2452
4835
786
8989
9212
9741
4219
17217
18673
16714
20913
13076
6742
14526
15785
14452
3269
22235
21657
4906
15594
22823
6786
838
11841
10816
6197
3832
9541
7220
7456
6100
4851
11670
18778
17392
5835
2599
16426
12862
19417
2556
22434
19091
16866
14849
3116
10246
6045
20693
22752
665
2069
20252
17215
23579
14828
20158
20261
4933
10482
6428
3567
18499
502
16793
17447
8461
8669
18777
17360
5252
24817
12361
5056
9165
5731
5983
13216
17668
4243
22563
18028
8597
7703
13678
4136
1995
18843
2417
6825
2560
7576
5370
15757
1751
2632
21491
1023
10172
6489
6650
5027
8466
2988
858
20465
268
5191
1062
5741
2103
3626
2702
16423
2120
6199
15779
3236
960
1013
1634
6914
7259
142
24382
15917
6619
579
23980
8
22852
7655
2517
4257
7288
22606
18988
6344
14486
13681
2864
6561
15975
18955
7546
3320
505
5630
19781
10266
17801
5026
1075
2878
2982
20829
6768
10563
21652
18804
19405
4489
19183
2736
6353
14492
9104
4069
24264
9264
13493
15391
10597
2994
2139
478
5841
6086
3184
22259
7259
13812
20262
10059
15131
21662
19498
4220
7449
6966
363
6674
7632
4384
9731
2396
14261
4253
17956
1098
3893
1037
4631
19834
19580
22267
23261
5550
13113
3549
16243
639
7406
3063
6655
4084
3828
23257
1157
9820
4119
5230
542
15798
19812
9644
10185
24002
12120
9920
1607
10792
7547
4585
1996
21161
14933
20284
7416
3643
7394
18174
7182
8906
11269
2223
6341
10544
23850
11068
5168
24100
22253
6025
18901
22371
7454
3487
8585
5499
6980
9145
16604
6225
16291
3830
5974
5884
2936
19166
4262
13710
7560
4953
17477
1531
24744
11236
18519
2236
5573
5550
11218
18173
16168
4685
23521
5198
20728
14552
5788
8366
19201
6784
23696
3829
8115
7550
23699
12581
3182
1098
382
5559
18173
4880
16931
15931
9312
5466
31
20195
7374
3609
19460
13327
20730
3012
13495
17438
4745
3797
9750
13188
16917
8319
6878
3869
23478
16284
9676
12482
15806
6631
5635
25113
9732
845
15022
8625
5299
3097
2534
15950
19020
11364
11990
15489
1217
5110
17181
14972
3786
8780
14195
17957
14346
12060
12176
22889
1457
16654
21834
3739
21488
3612
1218
3617
22952
2358
1327
19078
811
25071
884
7588
2050
11383
16528
15228
3969
17865
18908
20240
14494
18469
19947
5304
6248
9153
8812
22644
9134
12220
24914
11905
14221
18259
24883
6698
4753
18263
3310
5857
4847
7548
24209
14222
15560
3028
378
20519
3397
21287
24508
23937
7340
5850
7876
8038
693
16341
20284
6375
12212
15758
21551
2171
1308
4083
17774
15657
7267
10934
20787
10475
9385
15217
24837
23220
4944
4879
1499
23979
22208
23202
3321
17784
182
21150
4279
10838
19067
10432
819
11113
6092
16492
19495
2235
3365
5732
10358
15106
4072
25148
679
1067
7197
2412
9367
22973
15737
1994
4950
2863
5754
6649
14334
2032
23077
5389
10427
15793
5264
1335
1824
9379
15869
12862
6349
14534
21552
2643
4184
5792
16101
16591
3503
6122
9495
19743
5905
2898
12217
6323
3622
17372
11002
15760
19440
13462
19654
9598
12393
9630
17552
2024
13098
7485
5498
12524
10380
8310
4806
2648
25101
25055
18185
15704
11765
21168
2652
6952
5974
18970
23711
3424
7839
14042
9928
1491
4643
3853
6191
3290
3993
3926
8687
666
2722
12766
4298
7016
11656
13195
13678
18604
1579
25140
25080
4034
2594
8452
24759
569
213
4538
18482
1297
2992
22352
20588
8658
17759
1694
3430
5369
24468
5312
13030
479
6362
814
17783
124
5544
18221
23729
855
17462
2279
23226
8173
4411
23503
15629
16658
15797
2753
1877
3836
19872
23654
8814
16887
4416
14357
3656
14319
19871
20069
20221
11048
2242
13783
18525
16687
3195
4426
23830
1552
21751
4535
3355
10185
4490
15672
4231
1535
17818
7224
12160
1706
3442
16710
19287
5983
529
3753
6678
16760
6917
21037
445
21157
450
3882
16260
2823
7083
6325
16165
11759
17715
4945
21977
4411
5625
17256
10863
102
3405
1786
5094
5587
5441
17685
11695
17487
9495
4850
24121
11660
7436
9039
2733
15569
10651
602
17653
23023
5927
21740
16230
18551
4666
2909
12869
1834
1132
12423
14986
17329
5908
18176
5603
13967
3066
1910
24572
6089
1211
6837
13566
14610
15614
9716
23894
12052
9755
16492
802
5688
15764
3663
20066
9232
6980
24350
8357
22656
4237
2748
12705
18247
18240
9414
21329
5130
18369
5759
11464
24604
10854
3302
5818
17650
5234
579
8510
21207
6828
14083
9938
1066
6703
2640
4256
3945
16039
19748
12288
5222
14979
7215
20797
718
272
5779
2007
6702
5762
6640
4762
5906
7743
3425
3190
22036
24510
9317
12783
13696
10797
569
6010
25103
4831
24892
24232
19478
15527
17044
25438
6432
16664
3881
3813
24820
2511
16988
3788
22753
4985
17626
17403
10397
19096
21296
4921
5472
6428
15489
7921
18553
4443
24246
20021
19010
19824
6422
17667
10579
17932
19734
12743
8694
5011
24946
5154
23003
5956
6008
24810
1037
17231
25268
10098
293
2619
17050
7179
20414
23941
16064
11210
24872
7031
3363
6519
9825
11430
2747
1080
1318
24478
6709
1604
17908
13627
6513
15995
22701
13112
10336
5592
3955
4664
11888
22407
3304
3054
21265
3060
4584
5648
25418
20484
14583
15528
21032
23389
8275
13985
2846
4303
20039
25124
1970
16348
1954
15706
8591
8056
18642
15219
20400
456
9069
15573
17203
8898
11468
21114
7229
15357
7504
20627
9798
14118
2299
4127
4632
11695
1538
8614
17421
4945
6773
5645
12180
12696
15010
22326
1843
6208
5457
25021
6063
9507
13169
22268
40
2988
19643
13479
14792
5312
6630
21961
18396
16569
6943
17070
18072
11914
18773
14336
18952
972
1343
10544
624
8830
6308
16919
15814
20351
7862
11230
15409
11077
775
6427
2164
18636
19784
23868
19287
1165
4476
4905
19510
68
21805
5925
4947
3062
52
22517
1648
8243
20481
17221
13214
19865
8777
20807
15952
17817
20292
3834
8883
24702
10153
1746
17218
17578
3801
19203
4073
4899
1370
9723
5833
15695
14216
13727
12614
839
25735
3864
17005
6890
12668
3252
15185
25070
15613
1870
22360
16503
1734
512
17985
8403
6887
19039
23480
7631
21976
20674
23847
19961
20781
16262
25040
3730
21514
13796
5189
22691
21558
4564
2854
6725
24600
12405
10157
647
1063
3504
14086
21922
9378
1816
16770
15438
8065
17941
16638
9922
19115
5442
12472
21015
8809
9491
20321
20999
15387
955
18291
767
20778
19533
12740
19243
4419
20769
9820
18027
21168
17785
20355
20129
1856
10852
13087
4593
23309
739
9789
258
5298
4939
7918
12419
234
12266
22612
15555
17
24301
6120
5109
329
20865
19310
17491
3385
4894
999
14498
10110
14000
22263
10492
1292
5452
15807
2259
10810
14609
669
5683
21361
6565
23409
2330
11456
19795
21714
19231
10378
23363
6441
20144
11900
25530
12621
6628
14018
7814
9549
22581
9595
6301
18314
5692
5416
4030
2059
7662
10478
13542
4421
9665
11316
19223
7658
1131
11179
6471
24835
18596
17336
24706
13374
6360
18092
22846
137
17425
2547
4304
5343
6187
5005
13959
24418
5767
15299
1662
15531
22094
5906
22187
20830
14141
15468
7786
8705
24565
15264
22778
23822
13529
22550
10869
2886
5886
23487
7255
6729
4023
5708
2660
4072
24460
23710
2617
8362
3591
7294
1240
2630
17915
22671
4777
1551
8496
8320
24166
10077
25071
22918
1480
1931
17222
1400
18659
3722
6026
9119
11082
9141
4760
1180
12410
2178
2400
3989
14198
20872
19109
21509
14766
9092
3929
4005
2942
13953
2168
22746
10707
3067
24416
9799
16969
5028
23412
75
8083
25454
4474
4732
6242
1527
12603
4704
7019
5089
25776
24410
5386
5732
710
6141
22571
16143
24414
6448
3690
11739
23704
18913
3502
18566
8529
252
24514
11743
6378
5720
123
20957
8267
22370
2534
2140
1064
5726
19832
24874
13443
8917
9148
2247
20851
6420
534
6028
3902
5157
6847
5470
24349
15357
544
4535
25801
1015
17278
5364
19248
11649
10460
15379
2065
25365
14877
19863
22504
6514
14186
15877
12258
21742
4819
15161
8244
2412
11577
1442
6742
23057
23147
3042
7225
23446
2692
20133
23248
2742
181
5260
4030
16610
18181
8889
6323
24885
4409
22853
11522
20906
7688
5629
468
5261
9625
14337
3218
5679
9050
6111
9982
734
9655
10478
2122
14612
11663
8501
10350
11247
22235
3278
20558
18913
3678
2679
12888
15273
9160
2665
14334
3970
6684
2771
18785
9370
13140
6376
467
1155
578
5451
222
19059
676
5427
25684
18656
5533
18171
95
15498
13580
21091
17973
9704
14663
5536
16639
89
13770
7721
24933
8027
6252
4146
6545
1439
10061
2165
14403
5783
15289
5571
6861
4280
9295
2232
16483
25440
3063
7070
8849
13679
13983
13027
4252
5726
2685
985
16047
24877
14241
5549
17854
19356
22978
963
4848
3872
204
10545
13989
3339
5511
319
3968
22933
1443
13262
4767
17661
5433
6203
23846
13191
9436
22693
13917
16555
19284
13005
6513
13325
18324
13854
13713
17071
3145
11722
25596
2503
21272
5220
20676
9610
10611
4246
8402
19698
543
9188
14635
3615
22232
21533
2930
4362
23818
19410
2989
11830
19515
7545
13132
3115
6122
2212
13671
5883
19610
9942
18503
12091
17787
23189
10280
7037
25926
13504
14141
14007
22121
17443
24309
17199
5732
841
5757
29
20595
22673
12934
19561
19309
23684
25160
15249
2069
23142
5869
16104
9134
16139
2388
10502
4923
781
4695
3658
2760
5243
18765
1740
1372
17331
5668
19603
8497
4358
23375
2569
1117
3851
6766
1465
3518
3223
2424
20485
9954
15501
5184
5342
2278
25619
5936
4530
2977
3475
6363
347
12225
3596
23306
20761
23015
5563
23035
4011
12807
8641
10993
3576
4625
17256
26351
17509
18385
20058
7108
5670
11796
1088
20037
22341
24844
1939
2749
23839
4597
2447
4635
23574
15865
14634
25724
19847
19537
2619
2335
2770
22446
3378
19050
17314
9943
3535
2144
1483
6291
18036
5716
6106
1737
19112
19316
10373
25830
7990
9057
14653
7551
6251
9472
675
3061
18287
20908
22524
413
20949
1842
21199
3490
36
2933
8173
1014
19048
16347
25564
3776
7566
1573
778
18250
1429
5108
3846
8509
9377
17868
5104
14726
653
16817
23087
24901
2695
673
2299
20454
3790
14108
4504
16525
3891
20737
15299
5961
6492
5973
2666
9760
79
1344
10655
6624
3126
6744
3511
3933
5503
35
6178
1364
10077
10454
16475
1638
2455
19299
15007
13728
25009
24755
2750
17751
8597
1584
21515
99
24275
502
9743
11898
8032
8620
383
15569
3499
6430
10604
6785
3034
1487
5306
13359
22244
87
5075
21228
1583
3158
5878
25178
23403
13769
5887
25104
1099
10071
18861
1600
17140
24058
24628
19351
12136
23921
9364
613
6774
7206
24096
5374
17454
7345
5346
3424
17066
16542
12286
7702
3986
14448
10306
12892
1735
13541
4544
18819
23920
15740
8592
8599
12776
20533
17983
3437
316
11928
20676
20710
8124
5151
10678
17176
4433
4345
26300
1104
4342
10320
21572
12590
2125
18634
18296
5613
603
4240
19565
631
422
17833
1182
4033
23511
20416
18842
3912
2304
5939
3
8858
20136
17693
1684
21911
136
16717
3574
16355
19344
18583
9229
16894
8031
18706
4133
4438
25007
12113
6936
26547
53
12517
16318
16850
13544
8228
16299
2365
20447
11561
2052
1483
7263
14364
21284
20803
23409
6324
20790
3014
20738
5848
9921
23116
16181
20815
23091
15584
11261
11184
20007
10240
9450
25657
17368
19783
3347
14568
25052
22345
598
2724
4879
7359
16908
18813
20941
3812
6020
3577
13156
26398
25425
23808
18376
22497
1586
1348
8585
17616
25682
21557
6659
17958
20297
14507
9685
4870
6417
17812
19860
2202
184
23967
7872
7614
15573
8649
10486
15169
1725
11483
23400
5333
8360
10292
22155
1058
14283
7624
1551
266
369
11113
5908
6381
773
4825
7835
16709
24698
9649
1082
23043
20650
24613
1301
21266
19938
7559
25353
22307
18210
940
5162
3408
685
23068
1648
7679
10716
22037
19373
5763
24503
26579
16834
19229
24518
1154
2835
10335
20389
1077
678
596
2519
16443
23542
6914
4548
19775
1491
14162
10630
13744
19602
539
104
8256
1598
17945
22352
5586
23115
1339
11543
2899
4556
23421
2358
17168
887
19946
11963
25179
19445
11688
136
8171
23883
26581
2923
3265
7562
1174
15339
2354
6025
5114
1122
23592
2884
4761
22224
2610
15825
12866
5207
1441
1430
7382
9979
9808
26298
25392
2531
504
21465
2803
18304
5436
26364
16340
3638
3774
9928
15287
10234
23410
11253
16022
643
9053
15106
1352
17155
924
9767
23666
16119
10663
2956
13808
25789
13271
17336
11639
12614
4661
5196
16504
332
10807
4603
15687
21478
17814
9359
11644
7002
2368
25792
16282
4146
16230
16772
2795
14994
2921
26422
4282
9672
11323
6334
8595
2329
5025
1787
1544
14603
12652
694
21380
3636
23778
16146
3702
2186
4462
5447
5523
18355
1633
16592
8970
10488
11723
17968
2131
24612
5200
4030
1890
10426
12460
7574
11911
730
1500
4965
23083
4139
15443
3917
16563
3611
8007
5138
3185
16531
16923
23384
10261
25263
20958
25359
8241
12252
8213
21616
16446
23138
19130
3540
3249
756
9604
1328
5704
20101
18537
7744
11047
3678
26466
13071
1658
11886
22382
9081
18726
24033
25817
15658
3358
9716
24254
4707
598
25351
4714
23467
1046
21491
4831
8641
240
13215
11594
17364
2945
4302
12638
11766
3654
22587
12833
21455
7322
17640
24413
17294
2498
10931
24393
25893
2722
20266
5129
14774
10432
17568
23157
12104
13770
4605
9755
23743
22632
5210
7815
14859
7447
2396
8642
10399
11470
4491
20504
24613
22242
16946
1310
4976
2192
19505
25076
25010
22872
8186
19656
26607
1720
6864
2459
1713
4858
945
20552
12286
7006
26854
962
20871
21278
4652
1264
12066
17416
24357
10448
16762
620
6899
2745
847
22584
11141
20833
9527
11106
24076
22530
20470
9094
1535
2758
5003
21201
9005
3341
18276
26141
16338
7043
1254
8285
12265
24823
1639
9532
12418
22480
17719
22273
18388
9780
20023
19382
3068
17944
1566
7561
21255
3810
18611
6770
4500
4989
4740
5910
5277
2497
2293
26860
4559
22611
23022
19358
1868
13785
5974
13746
24409
11424
7362
24681
17789
409
22765
1767
7241
3234
16077
8341
19603
26119
19726
6852
4728
3401
10686
21907
5800
793
9802
26642
12805
24760
16297
1436
3949
7754
1225
1186
8147
10953
23941
5209
5269
15088
21263
22549
21513
9606
916
3891
7257
19171
4561
26563
18578
5553
2659
22542
467
3787
3954
15320
14235
3900
12361
4374
24111
16211
15826
23938
27160
2514
230
25809
14789
25663
9860
8582
5695
17740
5415
16507
6145
18010
6206
22712
19979
5116
24539
15440
23346
3834
10415
20614
4978
2078
8246
12596
13606
12795
22831
9070
4095
13635
25679
7010
15796
912
24886
22914
8209
21629
7074
25318
6451
280
2275
22763
266
19573
14735
2494
12032
11795
4982
9828
9097
19648
26584
10312
1423
842
14806
2892
20641
19621
18727
4978
11530
4842
13580
2643
2095
1319
19334
8533
4890
16699
22726
26532
952
14818
2789
17736
13833
19317
15829
20921
3121
5327
17304
19269
970
13384
4641
7601
12597
9086
21718
15395
6257
86
3416
21056
21290
26429
21307
4241
9938
17076
14031
6187
15420
13323
11078
18831
17142
3783
20404
4136
24281
2675
21468
22770
5086
14846
25251
3563
9268
16729
4292
23012
5263
11738
9156
25488
19138
16349
17705
6498
4052
24296
2857
4551
21695
23672
22043
1017
11375
21505
5371
24044
1706
19504
7437
25624
18492
4774
20632
3309
2805
25019
27225
12016
14860
1708
22134
1164
9878
12807
6072
3508
25208
3587
3316
4034
15209
2226
10954
2997
19739
86
4780
19289
13004
11410
1940
21375
3116
23471
20343
8289
13841
2365
13053
26382
9617
5456
20973
3964
3287
10819
9552
16098
19505
26531
5855
24930
8801
16960
11453
3048
931
17186
7522
10078
22118
23754
24535
25071
4120
9659
3113
3023
14655
7225
8216
520
3250
22353
4345
1937
5012
18713
11353
20769
10596
2844
21137
27120
5296
18090
17242
22909
12974
21438
11345
27202
10400
22369
22080
7728
1767
8350
22421
26446
6008
12645
19218
21412
21842
27019
24261
12375
4878
25362
20283
26645
1148
25515
8945
8371
3549
1913
14859
23573
16613
2328
1608
8271
9379
19166
5100
27401
21291
1376
9890
2265
11492
16184
12627
939
26334
1713
10232
24274
21349
181
5214
4230
6358
25344
3814
4341
19121
10804
16439
4221
6384
17207
11056
27083
2455
6601
21280
5081
1313
266
4666
1955
6570
1340
13379
3556
22801
2763
10638
10338
2632
24202
26154
11068
8805
6976
16730
23036
3315
2147
26949
23675
10614
22051
16111
3960
23204
23211
11880
26023
24244
13475
22340
2825
16883
2920
6474
16921
23700
16865
22897
19277
24391
385
4872
355
3598
10099
2356
12050
7500
12175
11423
3637
25887
2533
2415
7219
24304
22538
20853
4432
8521
13619
22183
4081
19942
15350
2513
17424
9742
6480
20871
6619
14628
20716
19806
24213
24953
5794
22876
22397
868
24895
26028
2712
17045
6788
2768
10671
8614
4209
24751
3132
16371
3011
5453
27313
10668
12219
4926
2962
596
1825
20410
3711
1188
25225
11157
23754
9805
27605
18617
11909
14562
4859
21460
13262
15485
14344
5710
5050
1540
13925
25726
23957
18011
13657
15389
4500
1388
25040
9979
25703
1430
2406
13808
26372
13946
11895
10262
6243
27186
7698
4661
9076
4079
586
6783
26615
20866
1658
7294
24221
25322
12400
18762
2155
17448
8960
6143
337
21839
5566
6766
580
1223
16902
2579
536
67
2343
8520
5672
16082
6243
5303
14736
7858
20664
16661
7328
1098
7649
24846
8865
19402
6425
24443
10066
19715
14781
6619
1934
20861
17164
9985
7466
12483
16171
2516
12829
1794
11115
22930
12003
14802
14799
21288
2083
16212
19401
13054
12175
23421
2629
24549
3083
18353
16104
23417
15634
3144
21146
22169
11606
2509
5442
27163
14503
3480
13008
18365
26902
18397
3368
2820
3930
2177
21854
2064
14963
4092
9479
16291
21133
25028
19374
14573
23334
13769
9318
21933
8307
25218
15006
1826
21504
855
27624
25891
23704
6395
22272
1182
23908
1020
15369
1299
14422
3481
12825
17266
4041
1619
22008
6762
2913
9671
22053
12301
25657
14650
26
19069
4018
10870
13009
2140
1236
4293
23175
4337
3120
24219
22976
2039
183
16520
907
1150
4612
9646
2823
12060
23404
3585
3110
23228
13269
14893
4529
11565
3979
14636
15501
6738
20279
1899
911
23344
23834
11324
10406
4080
20720
8050
23834
17998
2843
18089
5264
3543
2813
25285
3889
19029
1190
19373
10521
3904
3308
13726
23131
15413
22885
24774
2940
2453
27691
26382
7142
9350
3609
7223
20942
4072
4118
13352
2624
2561
15636
9094
26527
4535
23096
426
24989
19459
1725
23039
16983
23970
24248
12996
42
3342
21007
7984
1484
16556
3316
12034
21208
11591
23834
7531
1414
18621
26741
3186
12729
21752
7553
10312
10560
5920
15639
2460
6485
3855
1019
11040
8554
17158
14520
20548
18214
1688
7633
10131
27562
19457
1552
3728
9752
25177
9061
17411
10070
7305
21339
20436
2831
19740
23210
27158
14843
7290
22628
11428
16737
4706
26277
2072
17370
21396
12663
12489
26455
26574
1996
1007
25701
7162
9897
132
6832
21670
20034
26661
20166
25780
20836
7193
2025
15443
14038
16921
11865
1070
9445
18001
22727
2981
7942
12910
23341
6838
18108
3509
3270
1415
9148
14051
24199
1281
14160
2069
10663
14613
24313
9722
18271
24230
19032
18141
21999
4230
2126
19833
20193
5282
520
4076
21137
2425
25956
8427
19693
2003
19024
22908
22394
3247
2678
2744
3887
16253
7127
5595
16390
26765
27345
23977
4264
11208
3212
15562
1928
23454
14683
27997
6172
2757
22693
3888
5575
12046
6409
17111
12961
208
25084
3447
23419
24879
7527
2669
5406
26582
7943
8603
16084
24568
6931
13146
24106
20864
653
242
22515
21377
18499
18157
14992
15725
21877
15794
4050
2795
11579
24153
22994
1437
1926
4638
8402
2800
25815
15755
12963
4297
24488
23625
3436
16445
11528
3895
5995
14647
4229
20665
2360
21017
18254
17235
6855
22165
11929
20086
22675
6353
10563
4057
17415
26907
2230
21900
9094
13785
3913
5129
5038
26558
20610
3469
15838
20036
1062
7525
22517
12374
4852
23564
20829
21836
23750
4020
20809
6685
218
2851
27194
26320
10345
224
9928
6196
1878
4618
21407
12753
5721
2712
10952
27678
14428
269
17450
1287
20261
19983
351
26691
822
3366
23148
4366
17137
7483
10908
17007
15616
16737
26989
23917
23028
17398
27550
2126
2857
20459
5414
1212
1778
1624
7799
14331
12799
1652
16133
15160
15839
21851
24834
2134
16659
25777
17004
5416
18457
8461
10058
28145
10195
17114
307
7056
302
21346
12303
19159
10242
2092
16418
4243
786
26760
18758
23486
11316
828
21367
22517
19306
11121
25749
21548
82
26450
7014
416
20100
5205
3490
7949
23067
25907
20628
25633
1822
14125
17829
16689
12702
276
8347
18220
2330
16953
14778
19405
27073
6545
6793
7700
6415
3194
26001
24310
18621
7603
27489
21076
19578
13369
4309
15402
16543
535
27288
7689
8650
19838
12776
26823
1992
20504
2100
2063
1977
8346
12893
24721
366
23193
8514
1661
23574
2606
892
22576
1959
5244
11365
14636
19525
481
706
4015
7208
2224
22088
21550
1469
14462
11871
13567
455
2704
1952
8790
13960
26324
10678
22130
24069
5157
26795
11800
24007
13316
4576
25921
14386
23637
19579
3088
27692
17014
8745
18438
382
9754
3755
13689
13437
24149
10386
3744
1259
15603
18246
1041
11288
15374
19021
19929
15948
10720
26058
21966
3258
18133
6212
3985
4813
2532
11689
17640
24182
4200
1242
2268
22889
1486
713
5330
21844
26922
16905
3639
13170
922
1541
13184
9391
2929
994
19244
13581
879
425
25221
9798
3688
21041
17544
23987
13780
9721
412
26988
1286
12167
5319
24753
19492
5547
26914
9096
18213
20557
21386
15784
1304
17000
21657
431
1061
13655
14036
10510
3197
6480
23846
25508
26454
12078
21902
17579
3543
4222
1044
26454
25937
17037
2823
10269
6799
7768
19791
28258
10864
23781
1119
14677
8310
122
27114
1294
6481
22745
23866
21784
13488
3768
908
19660
22871
21187
2297
18302
4189
2313
12856
18044
1552
19757
26028
5238
20852
26584
67
6442
2352
9561
1980
4161
23155
14400
11099
10099
541
22458
28357
18418
132
1253
1177
3846
27490
5240
17767
14836
25200
16898
5617
2341
19892
9200
2806
24196
26234
12596
25828
6952
7568
6962
1839
51
2204
21956
1423
5882
14770
24705
4242
25702
13606
13631
21911
27546
2639
4229
15114
17365
20077
807
23845
17818
19485
20317
15862
4879
21322
11635
540
4165
26038
25591
12927
6900
5529
14605
17982
25328
4048
21942
2281
24890
186
28242
12529
14287
9271
21604
14940
24809
159
21910
22973
9764
4490
3069
7012
4831
5515
925
722
26085
9162
22832
15984
17997
141
13859
17280
16286
21974
19938
26195
18743
21011
16469
17084
23790
20306
1450
2246
24824
2163
18262
418
26889
803
19030
24803
4795
12006
20155
13806
308
24053
2149
4523
15363
2732
5391
13441
1445
1205
5004
22658
2938
11482
16463
27618
22591
8983
15153
20398
26569
6900
23151
28346
24721
18962
12018
16604
7021
9475
7636
3671
6361
24158
13087
1946
2529
23571
4568
1323
24642
5885
9532
990
10700
6326
1916
12618
15114
2991
20608
7293
27941
4480
1258
24303
815
21372
4697
20917
2491
393
1043
8951
2076
13103
20197
24484
4526
24302
23686
17764
224
23509
13690
229
23539
8528
25162
15324
10903
14658
21792
24732
15572
6227
12494
13352
6830
20620
273
3544
3694
21025
18455
11957
15940
11917
1344
15665
2353
4580
6434
10518
11044
26213
10959
3005
27748
22095
589
22656
24621
8183
3223
351
1675
2
15395
1079
26067
13927
15268
21419
11854
10354
1362
4217
16027
26274
13239
10153
2576
1914
24498
2088
10146
3542
8130
9488
2533
19292
3201
2032
10518
1990
28271
2150
3659
23921
2236
18757
1668
15928
13978
26008
16930
6693
2728
19243
8295
13718
27602
2677
17020
5828
15425
24194
4743
27984
25308
230
14143
6175
2504
12190
26264
15720
9775
17122
19362
10507
11585
250
942
25893
6777
27141
1625
16609
11042
1460
3825
14737
696
13563
5076
2457
11988
19468
11291
25594
1594
2181
19258
22591
14134
14312
3580
12405
4960
8781
19052
8077
4890
3411
22262
27734
17355
27484
19658
14927
11719
2810
18817
21690
17173
23204
896
12273
11125
5294
18600
5373
4513
26488
18
11109
21972
28133
10378
21828
18825
3086
2526
4510
22661
1080
20186
22772
17175
22532
6445
10262
19871
18918
9055
11577
2381
4824
15568
19273
6699
8272
20596
26497
7774
28271
9778
13624
6825
21115
21385
846
4146
18831
8057
21479
8073
8081
23969
879
23782
613
1189
12255
14770
21856
978
11575
10057
22784
7173
25261
22271
2580
16328
1709
15201
25043
16063
7521
11965
2707
16451
6346
25316
2103
20812
16144
3417
15686
2452
19222
2495
8423
3065
2678
5385
25681
26147
732
12946
3202
4968
4292
12791
21556
9964
25001
15154
27149
24845
3975
12056
24342
13310
5073
52
22894
2750
12224
3463
24384
27899
12010
1329
19954
3832
14358
1454
20895
22939
8271
942
28872
1983
819
28446
70
10792
11166
9305
4995
2020
15187
11459
15594
2051
2090
7808
12956
24178
1695
7804
11109
13854
13514
687
2030
1369
6100
27040
7220
384
15289
27432
11576
1207
12205
18041
1491
452
23476
12638
20127
523
21613
11461
13561
10650
8494
634
27945
3413
10326
20533
27550
10052
13791
17367
12611
5364
20531
27889
26358
5402
20289
18310
19772
2170
27087
25618
21555
2240
11538
20682
28616
257
4732
10278
2779
6666
10197
26781
18046
28707
3129
2138
3540
5814
20305
553
4185
2609
6876
584
1905
24499
6416
28496
16443
616
19781
26608
22493
468
7905
9509
12133
20333
12584
3054
27492
28317
27990
20592
24577
17059
375
894
9197
28349
25159
14894
20377
23017
13686
25796
15526
16529
6989
2701
22941
2413
2230
26139
26080
24998
704
1269
10720
25655
28699
14630
3587
20633
5594
28027
16155
5279
1925
4104
25555
11679
5097
7276
3023
9426
25002
6999
16738
11005
7201
15177
20681
5969
20171
26268
1570
19856
13424
2331
24480
20338
4858
1238
22936
2968
2440
10055
19764
18909
1215
3318
10092
26020
19808
3437
3122
9488
25888
26212
14829
9791
9652
11911
16681
2073
22059
25978
25741
21315
10880
17689
13581
998
24944
14340
15969
17903
697
6491
22453
6695
3716
8646
27810
15638
15316
9657
21085
1425
2431
2294
2896
19871
1581
2899
10788
21206
22910
21181
20744
8966
26017
22141
165
18522
10019
4026
5843
4057
18180
4927
4100
4419
4880
1674
21851
28219
20588
12758
2640
3243
7280
14866
1549
20581
20404
15154
28450
6150
5998
4718
16250
288
14587
21879
17550
14232
13243
15615
28632
21580
13602
6268
2955
3833
4876
12073
10113
18269
16465
12878
21109
10648
28570
9410
340
29144
22643
23470
22411
4917
21153
2670
18381
17882
15285
7311
15218
16486
23265
25820
2089
8338
14091
24729
17329
18195
4896
22477
19707
10946
1195
23465
11571
26362
22694
26637
2117
2369
14991
15950
3784
25131
20927
23863
9704
23932
18680
14925
19363
9613
497
8279
2873
5617
2278
22302
5597
16727
7155
1565
21425
3762
23201
5741
241
12696
12603
5884
11118
488
21555
26778
9279
1101
24433
506
14771
18510
3459
28986
19850
2922
23414
2574
7012
27058
10971
7060
17273
22927
14894
2848
28043
2816
17243
3243
6169
19003
22274
14485
26582
23317
18309
5147
2905
5772
19039
912
1814
6807
17335
14301
2819
13317
28724
1984
18369
25884
24852
386
29164
16257
3044
2890
28785
5464
1026
26197
8466
17835
11170
18402
27747
10256
2061
11864
7038
23430
25904
2656
13817
2554
15235
14526
2411
1767
5665
3799
20792
25977
13238
4208
10910
1091
2758
12984
22091
2204
9662
20617
11844
3248
5316
13291
3070
4128
6100
22746
4119
13160
1676
19785
4676
10930
21112
21094
19851
2369
13539
8992
7346
23567
28396
998
23287
22453
20444
3293
15617
7564
734
878
13847
23570
2356
24503
15760
20111
3362
26919
2186
24568
2333
20182
3039
556
14270
5980
23125
8668
14370
5168
13077
20008
8924
19309
21599
3464
4677
11990
26235
11888
1299
17431
4851
17560
20269
8782
7167
12963
3262
26825
2113
1020
19336
4881
14002
16396
24188
20008
28381
2944
3975
13072
16715
21770
9134
2700
19518
6197
25949
2838
14498
10640
10492
23169
832
11020
3240
18104
26165
8101
3281
5448
896
25156
12408
4610
19110
996
2738
29011
15241
21748
11961
17607
6202
7677
2443
6348
23548
19333
28109
8121
15708
4403
1890
3598
10598
18484
892
3069
3034
3292
18306
24618
7959
24465
7827
14256
9121
19685
4353
12132
21699
24834
3425
605
11468
27211
12443
436
257
20288
21565
14728
8850
2123
22293
26437
3021
10456
21502
9510
28050
1426
15098
28409
12551
172
129
25635
16780
15189
22297
27363
13042
26224
10023
6363
6119
3898
14597
1228
7349
7982
17748
26017
14893
4902
24468
8879
5341
11714
28402
14651
23690
10509
10592
6972
16346
11102
17643
27491
18512
893
21321
14937
12925
28679
2086
10568
5749
645
1778
5532
239
2838
29115
12811
1661
5637
1447
12498
4863
3001
22014
25410
6887
10903
6365
29308
17143
6511
24185
5497
3117
28069
19642
26701
5070
23695
3755
18604
2397
7199
17033
23469
12747
14018
3610
8398
2168
22151
19775
13880
14489
19332
3789
12869
7059
20854
21401
13888
5576
22695
17362
7788
21503
22037
20116
29511
1922
24272
26553
15
441
4772
22515
12934
25084
6648
21272
10227
2702
15094
18620
2921
7189
18924
8965
10571
407
1299
26555
23568
978
19150
28575
13892
21691
11540
10238
3535
29023
2471
4741
19578
987
2811
871
10671
651
129
2409
12672
25247
15768
7389
15596
14297
14265
8271
16221
25461
4181
10092
3444
3107
9643
24711
265
13806
740
27680
7790
25199
5020
7863
7924
321
6715
5342
1201
17589
2597
19858
7040
11974
27831
16075
2888
27215
6579
6226
24450
17531
6885
10451
10229
23165
29447
6451
5828
20354
19427
29219
16299
7908
20407
8182
23686
24225
12765
26799
15123
1547
10923
2143
14328
3265
27289
26542
27400
419
18593
8375
26818
7023
12268
17945
15642
20011
4266
8266
893
7518
22594
21807
16399
23335
13483
11754
24119
12515
10009
28404
1036
22505
10717
535
19698
19064
28038
5293
1201
237
29005
21285
11813
3897
1617
7525
4716
13971
12380
117
18234
16234
23632
3
8737
12190
6464
25660
28943
12527
28471
26578
7192
15286
9089
25695
5237
22995
16328
1776
13517
5606
5245
19781
567
27330
14970
4320
8562
18206
22501
18524
22021
1288
11351
29440
7273
6322
10301
25236
22038
15277
4991
22387
14795
5849
1888
8930
15498
20666
16294
17312
3043
9008
1786
12479
2265
7408
17041
18097
6068
5940
24844
2726
6117
13234
12445
14358
6511
545
24684
19609
16981
20998
12601
1535
6398
12988
6466
1693
26424
26901
24423
5093
20092
1657
29068
9018
29044
14508
1408
10498
22202
8766
1239
24060
26851
1272
25963
28371
14268
3666
5267
18932
24275
6368
1245
2765
13625
15558
28911
26679
10887
204
9556
1254
70
21590
20730
20062
215
1
23754
26104
29709
18338
9048
23813
6405
1716
23305
1634
18903
1965
27515
1613
18584
22821
12833
5238
15877
18015
1339
9305
4223
6599
11189
26572
11348
18692
275
24532
8512
11375
1148
28605
14644
19146
13323
9834
27733
3375
13759
12777
22088
28486
24556
12618
4269
2733
13280
22706
5865
17647
29896
7083
5929
23022
8402
20926
21668
22434
1422
2372
2563
24134
29594
1881
9143
21276
21886
23762
6875
9827
11733
26769
6040
13700
16558
2410
15385
7564
27697
9336
22382
4574
29830
13012
12428
2858
18162
7141
661
25241
776
85
3674
11594
623
1619
25887
27650
1400
9958
20638
25375
3986
25985
1797
11982
12424
9687
17380
26494
23644
5104
19226
27285
24878
21117
17072
7009
29790
25449
2392
12369
6901
2388
16888
24677
28993
19316
25330
1251
5568
12110
11686
844
15168
10210
9970
5006
9795
25270
5399
13947
6568
1860
29048
28794
277
26445
10142
7292
4959
2417
17792
27442
3692
16893
257
25214
8026
19972
14011
28967
11295
9393
17915
27344
9509
29403
28172
43
27815
29914
4281
1898
19807
8857
2172
10486
17502
25069
11613
17508
8763
13093
1929
8613
18287
3043
9854
17020
2657
21546
11775
26677
16989
14775
8614
8597
21897
19861
23589
29965
8828
8172
3026
1412
13511
19994
22627
1984
11894
14084
5621
27903
13114
18862
10580
17936
3784
8714
374
13129
6780
26638
19016
1399
9794
9481
15534
21377
26806
823
12228
22172
14986
11155
20331
22205
8488
13804
7169
15188
27801
24379
5999
5175
27814
1116
17257
11996
317
19995
21745
3020
2582
22489
16669
18516
946
8527
1819
20606
3827
8938
23410
27968
1454
25464
6282
754
477
19002
6255
5125
2703
22330
23506
23539
2245
13790
8785
5746
3991
23998
22520
18157
2070
13747
1542
5172
12832
27952
25845
3187
3207
2510
1462
25953
112
5954
6202
3257
12794
16170
20790
7406
26656
8104
294
2587
21985
12757
18067
6968
2178
8858
13713
916
14787
22467
6285
12415
6569
19285
11845
8007
14779
12578
2328
20327
14296
6810
29568
9466
23801
3300
1964
20342
14612
15662
6516
2198
13888
26433
25783
16280
26393
29272
3271
1193
5222
22578
26679
18590
19961
614
12051
17636
727
4599
29728
8122
25753
17704
17254
8349
6674
28561
2540
2308
1330
14451
10947
25934
8234
4937
25925
27129
13777
9887
28831
12564
744
5415
28813
27639
16600
23818
10085
23857
26659
16764
2391
11970
7547
29331
5363
541
7821
26457
5355
2818
10307
7712
12059
21034
7657
14101
25798
25795
11151
7448
26659
5053
26542
12491
27416
3571
14350
10729
19269
27670
1887
8922
16196
14567
19782
644
26927
18858
13234
14435
29283
1093
21007
2120
5252
9490
19908
6094
13250
24157
23833
14187
28250
23437
29410
4422
17759
1530
19810
15276
17082
6523
27754
23864
16496
24210
12993
22690
13603
21731
14024
27352
10716
25067
1630
28496
15623
22510
25090
16028
22207
26929
13111
23359
29260
23402
16941
24767
8426
3957
28317
26875
10700
12616
28661
23487
27489
9257
24757
23702
25046
2129
6425
19167
11
11686
7416
2083
2006
2214
8428
462
1607
1228
27315
29244
22274
2621
4309
3422
21314
18890
23943
3197
4228
9061
22736
19862
21153
29206
15850
795
19536
20804
24555
26785
18669
12144
16805
26110
9081
557
25802
22293
12001
28708
5204
27147
29571
751
11811
18765
26094
14435
12264
1243
996
955
2883
9703
15544
5311
1320
8350
17818
301
9351
6214
17302
7345
29740
10633
26999
3915
7140
12048
28950
1299
5345
13396
4823
1126
1600
2737
5750
17062
20360
13501
24836
2608
2158
7127
9260
15502
17719
17411
4795
17645
5173
29173
15968
3793
2134
55
687
21767
18561
6592
8556
23772
9507
18110
29703
29068
30161
2997
22115
13309
748
713
11995
4781
16912
10896
14215
1695
24798
23517
27835
11329
28733
20950
17617
824
9707
249
5417
234
234
29773
18541
1675
20962
6898
18970
20808
8897
19070
19260
15311
16804
22954
17529
7451
29434
4410
22864
20794
3814
25556
163
18206
3558
22546
5747
23374
18611
22742
15084
19164
28520
24542
8865
21143
1130
11928
15384
20097
9078
2359
20105
28036
2992
10246
30179
19808
18076
21244
8208
4840
23064
23441
28538
21102
22137
26833
9934
23676
16501
18863
512
17093
21057
16795
8335
10586
22518
855
25866
14369
11065
19974
28115
16516
4635
24710
2851
27494
1342
14079
22094
859
8506
18108
20040
12056
18238
11322
7528
12328
12539
1995
27757
555
1030
17069
26303
13463
28379
7895
21495
271
338
25363
27296
4150
25261
525
16447
25363
2856
18539
713
18171
5908
11517
9750
25092
29053
3702
21963
25532
4619
13039
28731
11802
21030
20540
19897
2740
7517
2753
3047
16435
265
22151
14971
7172
24365
28304
17730
17489
18593
22119
16229
26160
17008
6650
29675
5146
655
16300
24447
26782
12142
8359
30579
16726
20418
7023
25094
9755
5188
21693
994
12405
6565
650
1769
1877
15717
15722
15921
17159
16882
29723
2893
19810
1545
7518
10447
4674
7048
13317
1529
5176
10476
2382
24605
14719
731
6511
25645
25906
22616
3698
9969
12477
20080
25923
11636
22930
1819
26888
17174
14109
3940
136
171
19705
158
19151
10698
19812
8677
9129
10486
8176
29260
12684
1034
16508
3511
868
18614
2659
16993
19849
21531
17395
14000
28891
16291
1503
6680
30737
24568
7290
23869
1798
22146
6493
13655
14837
20453
23144
28379
2751
3019
10544
21336
25099
4579
9269
9886
22133
14378
15381
1739
11177
24169
4351
1359
15226
766
17515
10276
29998
5344
4872
27589
26396
9950
19190
2694
1658
26663
29238
30643
10608
1551
12639
26582
26480
23312
22162
6106
21450
3855
1199
3952
18043
3297
25289
25266
10054
28942
24536
14086
28423
21973
24238
3910
21315
8304
24109
8990
20483
13209
29110
17845
995
11084
7652
8079
4710
1487
28027
16306
140
24048
21147
18439
16295
6798
10298
14596
23146
14170
26577
8328
30787
2783
26452
12294
10987
11712
13160
1339
14907
26433
22993
30248
25153
17161
14377
15947
14227
13351
8920
4205
9699
26962
30784
20915
15572
13941
29752
26603
16140
14187
22460
4720
10122
4102
14562
19022
6458
27991
3856
28071
27847
11305
20333
14934
20657
18639
11669
23505
12191
843
21649
4180
20726
10687
11270
10556
26538
928
1230
27313
853
1735
3842
3719
6022
13651
833
28262
3419
12732
6542
6441
4946
8025
7027
22405
8028
27685
3984
25579
22323
26562
1166
22959
21230
19390
2133
8041
28115
6422
8063
20636
6508
28408
20748
27285
26333
16077
6743
16534
14964
375
24392
553
23938
20951
10956
9982
25193
4243
21378
5727
3831
29974
22712
6854
16626
12248
2965
22787
244
479
22679
15605
14201
28038
17729
20578
14391
25725
30221
31014
6062
5905
20648
25232
1491
18605
3678
5641
29185
19873
21203
1782
15250
5667
6901
5600
29739
27283
6190
20178
22200
15620
19422
26371
22438
13303
30472
15797
12861
21097
12876
25693
24624
24849
16917
29188
12146
918
453
9709
27212
28376
19180
7544
17837
12529
14638
8518
2497
17530
29833
19870
10436
15756
16443
6672
14361
10197
21963
1112
1586
10395
3834
25221
4899
511
27639
8282
10883
23423
18898
27636
11121
29631
23859
5549
6639
8073
17740
10049
25307
14866
19212
30255
13507
27263
8341
13666
23290
25255
13553
18961
20203
406
28672
26596
29614
20580
27317
14424
12249
17803
30594
4452
22937
4063
3857
1482
10497
12274
30005
9751
9377
588
10784
15693
15451
7909
568
11330
1650
12790
19426
2217
21220
20975
23879
795
2298
22214
16057
22727
797
4110
9485
21382
23787
10942
18927
15951
26506
9268
8915
12304
14396
28282
1070
27583
1332
10695
1253
1528
17577
5961
13829
3560
16936
10529
694
15721
7726
21424
19562
29806
27638
1041
5978
930
24976
24550
23347
2636
20019
12888
19468
27510
19156
10841
12188
7758
22775
20012
4778
24012
25542
18472
29380
434
22368
28857
12340
23072
17011
14759
23600
21015
13837
24219
14161
1792
22447
1262
29767
28444
22948
1125
4810
4751
19856
530
26323
17858
1356
17181
8205
25350
30193
11803
25990
18298
20787
3261
22955
5934
18673
12085
6771
3208
12553
20660
4570
22247
29553
2863
10897
19591
2692
14435
15604
29605
30105
25623
18492
9955
23514
13217
19446
22765
20820
26283
21940
15197
29258
21815
5890
19676
18639
3809
6043
4746
12436
1335
22493
161
11518
15456
30587
22101
25979
24667
13426
28926
15383
5893
22078
23160
12874
16064
22861
5834
4116
17247
28340
29959
332
5678
9249
26482
7478
26419
18448
9957
3155
948
24130
9588
16509
937
14443
5197
29491
596
1836
226
24113
773
30528
19787
25155
30594
12026
2021
4188
18880
16367
26176
18658
4011
24816
26424
25933
75
1083
24673
8176
27307
7665
58
11798
28547
11979
25144
16465
6230
26377
11675
23823
13224
30124
16418
18798
25840
22501
11142
29778
13141
15565
21711
6068
30133
20822
24693
1085
16363
2178
10694
19219
13650
13267
18823
14835
25733
2
28638
23936
4201
10740
5488
834
2670
1359
18374
18803
529
759
5365
8734
28070
15543
23166
16489
28756
7486
204
8493
24929
30030
16859
29027
22703
24782
28504
27705
25735
13688
16647
24422
19606
18898
27304
18874
1589
10335
19711
18425
15854
790
27513
17385
6715
81
25875
6570
7056
4237
29816
10054
15772
20232
15209
31369
15821
2507
23906
4371
11026
15509
11643
24235
8932
25740
29580
3542
24455
25974
3220
11944
176
20267
27228
18395
3741
5962
13911
826
1906
6956
7117
17839
26406
812
589
21036
16817
14259
6383
14503
10157
26305
24833
30712
23900
15370
2660
23383
747
4502
5967
27434
4600
543
24804
24603
21587
5317
25618
19566
14337
20739
21946
28561
9351
20194
16912
26613
13669
5996
15173
14109
719
26980
23395
19445
14852
13876
7544
1892
4330
27431
20982
28452
19511
23256
12890
722
10469
23275
22540
26433
9542
27130
6790
23572
28741
29138
6329
12172
24048
31200
29100
9374
1331
24038
28775
1045
27366
23794
12047
11046
24075
5265
30034
12353
26960
15424
22022
27175
667
13603
20492
13632
15175
16890
30331
1631
30954
6
25594
8344
29786
21493
543
23890
18735
16815
18390
15004
5642
24109
21874
9157
29398
5180
3627
10278
7245
11582
22319
5187
30910
21207
24028
8467
23054
22761
2527
11675
8446
25539
23197
14018
9643
16021
13266
352
2395
30247
23927
10904
21878
3019
15082
4712
3027
21649
462
21630
3125
22713
21790
17229
29462
18286
26434
6497
21923
21169
2299
21743
894
1939
1896
29105
4844
30375
656
29936
14655
16567
276
1103
14132
23478
7613
23607
6539
9206
30579
14063
21521
3483
796
462
31337
2640
9735
4306
30220
30520
15383
17284
23951
10023
18724
21773
20773
23827
22942
24620
100
19141
22131
28453
15692
26580
20531
10843
16517
13524
1395
21793
744
16075
10351
3278
20545
30436
10227
587
30547
12904
948
1154
15133
26345
21145
26752
26972
30401
22423
12090
14929
8635
21853
12551
24004
28175
14486
27132
22857
7572
1039
14526
7106
817
8287
948
27173
19604
20173
23488
2432
5159
17262
26384
19002
20288
10894
14256
22683
27801
7505
4674
30350
14079
18842
560
678
20558
20780
19521
28768
22684
9232
28523
5544
5557
23094
10217
29086
11976
20575
10381
20633
20575
3129
590
29036
19604
11212
21061
4073
2946
25622
349
30884
24571
21234
9034
2554
5241
10303
18003
18001
17494
27197
2770
23456
21823
22842
7156
17459
9446
13935
26396
25768
16119
29221
8573
19262
12110
1308
19432
29775
17511
31020
10466
14362
22037
25901
22778
17862
25719
24597
4442
20388
9000
12128
8347
19637
17591
13493
13790
29548
6743
24262
7704
20916
23511
8568
27565
9781
11220
14660
15425
24275
11309
15836
4298
24696
14007
18450
27626
31764
3634
12022
10877
13538
7036
8255
19054
15340
2821
6125
5070
17617
24195
31532
22567
6086
18151
23162
15373
1243
23183
7948
16119
7296
31677
10094
30029
20807
840
5995
10434
26347
913
24364
21220
21138
14265
15780
9713
28751
29457
16939
6125
12779
9426
4456
9201
10981
17423
29045
13766
7607
14311
24894
29619
28251
4095
16170
23186
7694
8496
17150
24617
13396
23164
20222
4024
14652
26183
23637
21711
9445
27587
1718
26722
26689
1197
31556
5151
29465
15159
20143
16383
23377
9285
501
368
2414
27099
8792
2242
3669
22998
3732
26312
1621
19675
28851
10785
11624
31118
9498
31918
2230
2052
19672
28502
18779
31098
26246
16217
19562
14407
28273
1505
23602
25615
18940
1499
5824
11834
575
3076
7589
23204
4596
5447
29433
14486
19092
12102
10143
10230
5309
18231
16075
476
4055
23281
27330
25250
21751
16454
1761
27431
24835
30356
29409
8111
27160
13975
13145
9730
9256
13441
31620
13569
14568
18509
1093
8086
30441
28752
21608
3047
31748
25105
24107
10959
24316
7514
5629
910
7263
13711
26245
10175
19117
17727
9702
25483
22972
16377
28738
15901
24923
5729
2941
24149
17206
24706
14403
10177
9210
614
5196
9161
670
456
29150
2857
23951
27834
18580
933
26246
16860
9055
26103
25527
26891
12234
8205
26546
21928
21122
1905
10016
2507
25877
12297
17575
17040
250
6912
5134
16049
31698
20996
6306
21338
30957
17074
17112
17208
13328
28238
12595
3028
26997
16824
30824
7455
459
10651
14017
12109
21281
14056
30399
10983
21462
26499
9475
22300
17522
26428
7534
16985
21378
23808
5000
6425
26207
6224
23070
24317
15864
13043
20016
15903
22737
31464
26890
24740
13900
14495
15792
2192
24360
9577
25983
23006
22343
9772
8210
2769
23732
7771
10851
28293
6116
28453
4402
3529
8508
30445
683
16945
595
9467
25411
1894
1403
30065
10723
30401
11259
27008
18248
8472
22430
20443
7338
15064
8944
29036
17819
20052
6087
30279
14643
26717
31105
5852
1642
29459
1165
28016
12229
13050
18221
31694
27189
6737
30585
14649
17212
26271
27304
15526
29265
15502
4491
22312
22918
13820
7770
12972
31080
5712
14259
18662
23590
6410
23776
18059
15350
3743
24409
11969
26805
15235
5513
21204
12493
11655
10965
29226
20828
31589
12507
5753
12691
8857
22007
55
27996
30579
25868
14162
29503
23403
29313
5154
14726
11700
23177
21660
20127
10772
29864
4552
18627
10738
8307
10613
22741
31665
3991
28715
1165
17468
28956
16225
19413
7906
25067
13296
15731
28517
18062
12488
16105
6733
29240
31201
2969
6018
16133
31605
12077
4890
31618
4461
311
4208
20848
25369
22547
17270
2501
10019
8469
5196
20980
25542
23521
273
26222
301
17173
20985
18025
13428
15406
21407
21728
16397
8361
2973
2779
22912
8808
7003
7920
19608
20312
17700
17930
18216
30801
18303
29033
12028
278
700
11754
5136
20605
7373
2185
4864
2952
5975
7204
15296
7893
3081
11394
20621
23292
813
29331
28963
16664
6268
32249
1585
4207
25143
20424
266
22357
20083
4746
17309
2893
27317
4999
17575
27762
18878
24899
17447
14357
31656
13127
9235
28328
19506
207
14665
12506
15193
24246
10440
30724
25640
11174
9504
11716
17872
29746
8231
26343
8955
11569
17646
17805
27486
17745
19955
18055
25485
32164
2968
32260
164
11099
11988
1901
8387
18129
11305
11405
13641
27595
19158
2037
23557
12030
13389
9887
4632
27857
6119
27857
5055
30053
14039
16964
26592
14802
27741
18822
18914
24244
1596
9885
26050
22503
365
6381
6755
29070
127
27740
13862
27226
1461
1459
25019
777
25248
3655
11575
10028
16307
730
29542
4910
16704
10684
1890
7058
16459
13365
24676
31100
29945
3880
14299
16499
9541
9968
19899
24933
11253
8846
18200
24299
27596
23046
23283
5839
770
3078
16724
17612
21233
5833
6297
8852
12305
14395
13581
18712
20006
6494
3772
14083
15544
10476
16774
8327
1988
2366
21363
27741
20657
5484
13638
519
29573
16822
12629
19801
3161
23330
15511
6967
28939
27239
24063
13216
29490
15882
8200
21740
32343
24519
16530
29777
26210
31026
4844
26540
31314
27550
18482
23678
12081
7998
4569
16437
30535
19850
21128
32174
6543
19172
20777
13303
7527
4988
8769
19033
7819
8049
15228
1430
7492
16953
25997
623
7901
6466
52
14697
12887
19929
19616
28625
11614
11852
12792
14846
13691
25163
12341
29398
27018
16020
30002
19604
16239
31696
18438
24264
27141
21687
16017
21918
23383
20347
29013
9828
14099
13924
8583
27975
18747
951
1382
22621
21790
17629
11980
17385
20615
14529
16387
27610
24372
11642
25305
22164
8841
24874
13815
23795
12678
27174
9326
29581
19703
27223
23443
6456
9194
4576
21261
3789
15462
13568
6956
15403
21594
31034
25981
26238
20180
23988
31643
7105
371
8926
6215
30593
30239
21843
22203
9444
29943
4
11324
16875
27275
18835
8175
2036
32332
253
13549
23939
27969
23932
15001
13633
31995
30124
30514
24133
6858
12780
24740
10643
31537
15879
22436
2274
19864
15892
6395
2723
22593
19098
22818
22334
4221
30712
15888
5023
800
27908
11088
19697
8498
19699
5206
20905
17639
30841
18707
7111
721
27184
28871
12376
6997
12862
10007
6208
8284
21811
28511
22070
9034
4656
29257
32272
32564
21582
14751
20801
4942
21309
24157
1184
418
10028
23819
4971
17928
21481
1097
17291
14674
3914
12716
16153
21703
18123
20680
26402
18899
10360
20622
17319
16892
13070
729
13544
23320
4445
6723
18915
13245
17648
14909
24599
7162
25584
19807
28813
15940
28230
5628
11801
21683
32256
11514
22750
15983
22262
25312
27408
2405
6573
14129
766
17470
7547
23033
11855
11409
13804
27557
31371
3415
26469
28439
28382
24992
20231
8698
21273
3973
16854
12115
26618
20318
26395
28761
29869
4917
20999
12167
19858
634
24216
8687
14401
24055
21953
2769
20684
24583
7365
15724
21572
27907
29668
28948
29822
10238
2105
7045
6422
16306
23779
17783
12725
1977
20323
3443
32144
12801
15173
19684
27697
15482
259
4977
31610
26385
29734
27786
14055
17890
29870
9025
15379
17321
14260
30812
26750
10362
846
32424
5261
30899
25011
4496
32722
16430
3999
6637
21134
7611
10745
5408
22644
8909
24244
4703
22704
23411
9459
6732
12072
4746
16496
13516
2818
9778
5150
278
30310
126
2061
5130
2949
2160
1678
4293
31450
7972
21657
12146
18095
32075
18795
9826
22500
1243
10611
10592
20460
23301
10351
29502
15384
24168
22227
3508
3608
19844
32362
19307
32191
12657
12863
10324
14342
24784
5566
1086
32596
12035
7959
27560
8444
7065
22755
25299
25607
5644
26378
26396
21813
10671
21220
6793
5182
9698
25246
19874
1629
5768
32736
23426
4623
8379
29100
3117
18457
6078
28042
28964
7624
24114
17378
28727
7292
26509
11177
28827
10856
28105
28991
24124
20627
12121
3224
30548
8738
18785
25243
6205
10458
550
13767
31108
31457
6084
2588
5182
24004
26399
57
8351
6846
32539
27586
25288
26680
29712
10500
14817
3212
1912
30172
9576
7694
30699
20948
13512
1101
3406
10640
5422
7830
13639
20841
12696
13242
17395
4951
6447
3857
11484
21524
8150
28351
18469
4990
27907
10038
30728
19518
27853
8189
17027
30375
22343
3503
13133
13024
16909
3398
6671
24134
28700
1177
30929
6156
21479
27684
14002
31012
30631
26120
27357
867
16370
18002
21432
3040
15503
28800
20063
9373
31625
11842
25168
18793
4738
25469
13672
21508
21066
17301
31758
31621
22704
27628
14766
25337
29848
1958
25961
31565
4174
24752
18186
15470
5658
512
8252
31150
789
20254
30203
21866
7226
13539
3657
6121
31168
22400
30242
28040
23720
25027
9137
20500
658
22934
2244
8056
27604
7625
10622
11672
18381
28945
2891
16764
31607
13904
4121
21937
30268
16918
4550
5612
18699
25960
20948
24561
13226
5569
4452
19379
7246
22103
25954
32445
9577
18079
6909
20176
21955
31251
16474
30670
1740
32051
9609
26838
3377
11210
27064
27825
20397
15474
26790
12653
16418
9562
7259
29511
27368
15943
18199
20175
4196
17369
31112
32326
31965
8208
18751
1611
4748
7182
19301
5559
14834
24351
10154
7365
11375
24310
22399
24438
19727
9530
25989
1843
935
3649
16709
30644
20001
25883
31521
27426
31764
210
31882
6520
18584
18160
4212
28463
18008
14146
20487
5914
20968
25820
18328
23439
32345
93
26583
8903
12299
22388
5962
2695
22979
28067
30714
26368
4093
4675
13676
10485
26244
6089
28370
28443
19519
4167
4483
18117
22862
13110
14249
24512
17238
20594
24377
14204
27672
29830
3369
32621
15945
8746
12509
17073
19613
17674
23522
3827
26406
16841
8670
9359
6876
18246
13511
29175
20349
17694
4436
24149
30615
11122
20401
10098
1762
22506
27767
22230
8916
21497
7643
4657
16752
18531
2342
19193
10847
18941
27749
4437
3649
25524
4193
3642
10309
465
5841
26835
7671
8828
30927
6951
4442
28542
18825
31222
6455
9547
4409
29667
5044
27455
21591
19417
1832
296
6924
21159
1326
26117
3307
25581
17401
23565
29916
10812
25063
28147
16728
28281
1880
22889
21724
30338
23232
739
14999
14100
31483
22173
4966
23789
29665
15071
20227
28973
24859
30592
1402
7426
13109
13993
1244
20612
19187
731
26422
20702
24297
26163
17604
29103
24390
3821
22115
32176
19441
7464
7237
4758
12503
32232
23784
29754
15491
30561
4169
6903
9455
19059
2901
339
20121
3441
32672
29922
27098
9254
9049
28264
31347
31002
5502
13630
32105
23569
21068
20983
8468
10709
19450
5186
17266
8501
31654
12306
10945
2382
32400
13821
11340
3337
4998
27362
13701
28645
3231
17103
27476
32759
2348
802
21423
26927
3052
20462
15723
19932
16767
10400
23121
18546
2845
6114
16245
14987
8584
6847
16323
3373
25663
776
21723
17995
10485
22775
2591
6030
8001
19
7689
19029
7319
9043
19907
11514
25719
11398
32497
25943
16612
19186
15313
19592
32536
19772
13703
14323
9334
21128
16562
21382
28608
5856
67
28992
31370
24282
12943
29171
3823
18037
21667
11080
1410
30533
4055
28419
16263
2512
9638
6024
4452
5687
19900
15774
12626
14361
14929
31604
32344
2484
14006
24802
13178
23117
5165
31984
23342
9170
22782
8348
5903
959
26055
16088
4053
15166
1300
3539
8581
31378
6447
19833
6117
31669
23610
22333
3891
12352
26234
23318
19734
1676
28406
28103
9685
2583
31297
19556
16839
25385
27540
30994
22283
31159
11295
5390
11128
16263
23713
7153
29399
26005
17719
25650
23888
182
30577
2284
27171
24955
22187
8417
21145
9048
31387
26304
8505
14085
8230
13987
18750
27685
7288
1244
21065
15910
1619
12785
27732
26728
2471
24549
32743
1441
6500
11449
3726
16000
29580
30259
30602
19344
11148
2782
29895
20064
11980
27730
25614
17889
30597
1717
12412
8719
25043
386
28723
15059
22283
3465
2639
11816
17230
21560
31004
27006
2398
27672
31878
25179
26801
30362
20688
16968
2500
19220
15753
2539
9394
21255
4284
28529
30213
31651
23144
31791
30156
24717
31791
11656
1262
5087
24914
7441
1213
10097
29405
29683
3278
23383
7199
11665
13065
5546
29533
28011
6652
1932
23240
27714
14708
9062
11691
16510
5455
18548
19945
1484
22156
18308
9639
10251
31396
9466
28998
21865
3357
15384
26004
23497
8028
10108
1603
30057
29371
4842
16538
18625
2267
23116
7786
8110
3644
6647
9540
6607
21258
5168
13801
24111
17978
4079
2
4133
9942
5347
24081
2937
24469
10421
11688
11208
16559
29073
30681
9002
3055
25059
32237
9233
1802
20830
32344
25205
2095
10051
17901
12334
12511
31200
24911
14497
19199
18263
680
8094
31788
11168
28573
1929
17230
14289
2945
17080
29808
20125
20936
13341
9935
10779
21695
8997
18736
28361
5243
1759
20599
28625
16911
3169
13430
2187
17155
23656
12035
12098
2305
25662
29005
9531
4560
9697
17264
26611
9095
21345
16966
18345
6394
14730
12160
18204
21113
15811
2038
10390
7866
29494
21564
19497
12307
2865
26486
17209
29164
9420
109
15675
21109
16333
226
12731
21652
22216
12066
27556
32290
25739
13786
22972
30294
22713
22061
18542
26753
16308
4
26828
32508
8640
17573
18644
2655
23910
22408
8434
10484
279
4453
6855
620
26642
10642
29993
27600
7816
6540
10603
1978
20733
24276
30174
14020
19185
3836
29079
27713
18624
29185
3443
15147
8391
5851
9817
12125
1992
5715
3263
18178
29839
30741
9584
8270
26326
28166
1932
12140
5479
22999
15312
4279
18304
20699
279
19244
23931
4629
14881
5919
19630
8854
26772
32046
4753
1030
22848
24948
25374
14720
26023
20223
5758
3747
28349
6019
6625
21733
29932
6991
26542
2859
29019
19841
19164
9111
21616
18550
29087
23457
19860
1669
4936
23146
16438
4845
11622
2380
2578
18187
7218
23222
32435
26577
4650
29495
15414
14195
13051
26840
15698
20323
21924
3247
19605
22144
12761
29361
15600
26507
31909
11208
2934
15322
14420
26150
20065
28240
15248
26584
5462
27276
13258
6046
7914
23649
9948
2042
1892
13190
14316
14471
21700
3983
13203
396
1029
10268
10046
24017
31648
1361
2005
1713
1873
7302
11163
5745
16669
9535
6998
9424
2964
14942
32431
4575
340
7063
10203
29459
32206
8997
635
22169
9037
17339
27073
20713
564
8894
10709
2206
17798
8881
12407
13445
2220
29169
12517
16372
14963
29090
16127
2397
12629
2281
9641
28450
21753
14427
31857
7851
253
438
16498
22967
1266
30671
29815
9711
26024
2764
3172
6849
17324
25747
10194
16747
2832
27011
24570
15190
20586
12641
11476
8870
32543
3221
9600
22799
15586
27030
8164
14570
9847
11939
29591
23688
18877
23476
25597
28614
235
2224
30132
16353
4890
5088
13103
32140
15876
5284
9377
25920
3339
26212
32541
16852
8573
24522
20219
32077
20502
2606
8573
13303
14278
27986
29107
32181
13749
17232
23707
24981
23173
10448
24717
10151
17623
7550
11222
32016
1296
26812
16036
7770
28253
13971
25634
31758
30964
240
18147
3461
6557
6413
9348
17915
12913
25901
25741
24549
226
9868
5785
29316
11516
23446
7095
1467
24043
4695
32527
6174
30652
16179
16841
19275
26216
27607
7722
10877
6670
21103
1536
16222
6272
14617
24641
26909
18433
8602
18927
10689
22349
8529
24126
23997
26330
30057
18937
4548
22366
10066
11810
27358
24977
21873
5593
21692
23348
29718
894
27208
19794
6831
22810
19585
16326
12604
8187
23430
24061
4611
29599
1520
22781
29573
5076
8805
10918
11952
25116
1899
7736
13654
20054
21881
16918
19678
30363
10068
9930
24890
32359
7321
3912
1049
24825
29333
30327
27741
17148
8029
3565
2511
1894
8987
6650
273
11169
935
20201
9173
12009
9815
4994
14669
2293
31767
19668
10978
29657
13244
5937
26921
3371
26261
4217
7443
4708
29507
6044
31076
15498
31435
9562
16486
32524
13290
8781
20958
11758
2217
24106
21823
20261
12848
3140
21534
6981
18143
26961
22758
29017
28315
28273
26061
16914
12646
13676
22534
13861
5171
29243
2872
5102
30712
9675
20784
10329
28420
28157
4563
14082
31891
5873
10070
13723
29344
20868
19121
22159
25082
13079
9296
9956
20634
25235
21772
17254
10804
5801
2907
26882
7948
18783
30915
25712
25867
17608
15253
9493
3858
27922
4311
30503
28302
27591
25218
10514
13133
8268
1518
8218
15760
31150
16010
8258
22113
7581
22736
19309
16934
185
29048
7108
24951
21517
15596
23895
21549
27609
25341
27399
21179
917
17108
12963
12738
818
13099
17489
17375
10659
4797
28976
3528
16540
15610
15675
151
15770
14080
10353
11877
29731
10439
4915
11547
15695
30363
16877
7045
14471
3792
17400
31912
2445
16305
16831
23894
14268
10681
30241
30719
4754
8710
22295
19146
16235
6410
12695
21476
21647
22916
15544
26648
9583
13230
26646
22433
9260
26808
27000
21820
31833
27254
19888
21377
19202
17238
4291
19570
6125
14996
330
10069
29727
2225
29464
12479
24994
12321
1309
22770
26758
20036
32394
11368
32038
30871
1846
15024
7085
31276
16193
24441
15576
1367
31223
8685
2045
11691
8183
7744
26188
15908
31892
11656
23381
16294
31355
16335
18122
17318
5014
7270
29574
18215
30769
31869
6095
16873
12636
13297
10968
13789
17040
23653
13194
21211
3733
13972
29828
663
930
13797
6497
28882
21191
27201
18745
25549
13960
15393
17002
30979
3275
12011
25496
6679
18420
7550
17906
15884
31566
9483
19639
19124
1709
12840
19961
10859
9553
25631
14498
27141
25614
14988
23476
29444
17066
16679
13013
13838
1159
11742
23562
22943
29825
9511
6851
16636
8218
6292
3096
32616
19925
29607
28754
2969
13023
2793
11693
18285
11252
310
28764
12250
32129
5979
3022
18723
24326
6627
304
6994
21951
24877
20275
21218
8835
6082
28431
22972
18156
15078
8904
31845
26040
2413
30895
28533
623
21712
10285
18763
25670
26752
11196
17407
8260
31610
15414
23448
3747
24604
4434
7295
12153
26167
2923
13876
17048
9061
10884
9792
5810
5533
30346
3947
21441
21508
15576
4398
17573
16902
18177
13163
25615
30886
28361
14940
12447
23058
13172
30410
3145
891
13380
26239
11005
4387
13373
14589
21639
26808
2859
3184
32180
32224
10214
30434
31926
17685
2005
12206
23753
18611
18353
27959
5399
5199
12683
19161
9945
27211
27665
19232
26304
30631
12045
19000
30099
31258
8494
29861
11289
3170
17163
5684
32313
3288
2917
21810
6496
21063
6316
11739
16931
8958
7109
16917
13606
8740
24587
20831
3900
10060
5268
27908
207
13385
15029
15508
20611
32068
24008
26260
28950
14092
30764
29045
11915
8108
10638
12483
13959
30019
8807
4767
32763
20240
26822
24943
22019
3277
23120
19924
2574
20542
3973
21725
4416
13577
1093
22138
4372
15048
10642
28723
8006
5469
17559
28697
14576
22405
16105
29693
13555
11185
19470
2273
13720
3857
2108
24236
23927
17137
29794
25634
19352
26696
29549
24338
8921
31118
11460
21713
8335
5839
30740
22248
1648
22526
13907
2058
23473
6539
15359
27977
18795
30519
12455
24457
5699
26920
1965
12596
1354
14136
30282
23599
7202
13971
2770
19469
5219
1409
18746
6275
31804
14720
28887
17436
19038
13206
20328
21294
26901
3813
17751
20237
31928
23936
24380
2430
26948
10109
10403
13423
23364
24652
7183
8677
22516
17991
21567
16437
6309
24713
25263
9847
13667
3844
28514
17720
25302
24782
1503
3951
18278
9404
13178
12210
11170
26674
23252
7594
2531
22585
24741
10181
16684
14546
5561
17706
28501
26251
569
17394
13929
5711
30252
10133
29004
18306
829
19362
7073
7246
17343
7860
28906
3127
4846
2465
1777
9462
6776
22260
26472
19844
22844
11934
27852
16245
1873
31208
26255
10887
31562
17324
18549
13947
29880
26821
26943
22307
28657
11460
5255
9917
26384
1764
29675
14975
9277
15169
4973
9587
2351
5188
1306
7557
28654
20578
26602
30427
2270
6150
21992
26980
23033
4043
32146
21684
17244
23279
27267
30223
11525
8709
16719
17603
16859
29161
29359
26811
23534
1785
10718
32594
1537
22658
31298
8805
13894
30841
4175
26028
9832
7020
27049
15946
27854
23735
22664
2210
15135
4859
22113
8301
26113
18636
27075
16137
6695
11690
9087
5140
25226
4915
30475
19514
25590
19094
29224
31307
29129
30283
6083
5777
24568
9218
25113
2144
13906
17113
12319
28142
10505
18897
8737
5733
31342
8835
10665
25143
10748
11279
20642
32178
5272
27222
31677
10708
27159
13673
11284
1888
7169
32064
1038
6193
10644
30128
4994
27343
27916
16023
12063
9280
20002
23642
22283
23585
32211
5265
28874
32501
8034
768
22626
10940
672
31434
3260
14792
21355
2017
31566
28620
25205
9409
12023
32054
27463
30814
26154
19646
31621
12378
21583
20287
24435
19324
4710
14790
14264
26718
750
27113
7266
27749
11525
25691
28971
5878
21200
8637
20218
21735
18205
7606
9901
26676
17991
23621
278
14324
22106
22870
67
23691
29304
5780
1539
15392
1404
15231
9125
19282
30684
31678
14083
17958
21716
14262
22720
30020
19137
2907
32717
21348
2763
16198
32306
9987
19398
20489
15115
25690
29786
32703
19920
27536
12386
9703
24282
30511
30099
12658
28963
20181
15198
4378
31054
4652
27159
30198
26087
12315
17750
9291
31979
24126
21918
18086
12939
9364
5436
30503
23853
20856
25714
29472
27316
27091
2261
11487
31489
27023
15348
12231
953
26703
3386
2726
24905
30301
6934
13378
31016
17891
26456
7733
20828
29791
19167
27131
16704
2129
19569
29770
8068
30518
24298
10913
4469
18362
19097
24356
24447
9258
17895
3751
29424
28968
313
19721
24830
15522
10776
19395
9996
6405
10640
11968
31785
14509
8661
9072
23514
23969
28461
28184
11801
29053
12297
24940
12445
22959
6261
29791
1372
23526
5299
27194
2639
9928
32547
16619
24181
21220
28007
22944
14362
28647
22723
3989
28761
29202
9674
12586
26592
5099
20279
3897
10483
51
14361
5798
27316
22553
26931
10296
22945
27053
15778
8871
18782
10903
17088
21238
13237
19209
20297
16130
10459
29938
5564
32348
5364
2933
13828
5460
32474
32409
4696
1622
9242
1858
27488
3450
5696
24416
1945
14934
15701
19046
27130
23575
25509
510
23512
29648
11974
23290
19975
8465
10709
13966
21826
15548
17667
5053
17868
5652
28240
21778
12888
1559
10135
3728
21031
19726
15819
28651
4720
28258
1408
7929
22276
32433
16557
5731
11826
6177
4528
23712
31720
26868
8082
10020
24604
4189
20365
15828
23658
15762
14283
12990
31999
17699
12145
16903
2229
8330
8156
28196
31871
3075
31530
11341
22024
13982
31741
13615
29079
14482
4731
19938
32566
17364
8858
7450
21267
17128
30618
24737
5414
23032
4307
5893
5140
32291
11184
29070
16212
5911
12028
8818
3216
24290
23388
23372
19534
29701
25885
4043
12751
20938
23344
20647
4663
8920
32627
21210
7919
8709
29747
30476
8008
32107
25326
25935
28001
28606
93
4364
14922
989
4529
14653
23913
13990
22302
14557
13085
27407
32662
15261
20130
25714
2519
10969
821
15145
13991
26314
2168
32603
28766
8189
15895
32277
19366
25860
21164
23709
1407
14443
20960
32259
8838
17134
24019
26360
4982
30184
6079
5091
751
12815
31704
30002
12406
18015
13430
1518
31934
23380
10357
12435
2853
7772
18652
30238
7298
16780
25022
2919
1822
9106
29278
24753
28672
13291
20630
18304
10606
26454
7034
10923
23216
20616
16696
3249
21783
12577
7235
16464
14910
5855
27568
3924
22416
22801
10976
17326
23306
2639
3167
18117
17730
12905
7180
19217
15529
25757
19578
13285
9741
1549
29591
12172
9826
22640
31371
14232
29121
7431
17635
27511
2993
25554
4847
31047
23718
23301
25448
2283
16583
12982
6230
23903
29684
26840
25393
8264
32520
4460
15431
3024
2651
28406
26973
26288
14732
28462
22425
1678
29821
24569
19616
19594
16798
28823
13051
20500
5487
21278
1471
11264
15168
4647
8045
8668
15163
28359
28695
1921
24997
23233
24260
13032
19297
25337
23062
22591
7094
7724
23594
3644
16210
29663
26048
27826
24718
20373
13468
31074
28915
5189
14636
22291
27645
25611
3946
27365
14112
4126
32516
27618
17161
17666
18106
4310
21030
18175
14088
20576
2152
21201
24582
26442
10312
30369
22156
6422
8456
30516
21657
24281
21051
5475
14582
30797
10375
18379
10774
4897
30634
15557
24641
31891
13755
14489
23282
4417
31666
9198
1405
24380
28459
24197
3828
11871
31079
10791
31052
25311
28564
16860
9148
28194
4174
29022
21606
16853
31333
16589
1337
31033
225
2212
30742
11453
67
492
22065
9170
6414
9904
24251
22779
29574
30384
26814
1059
28856
29785
15432
7988
27834
28149
1739
6373
30260
26400
28356
10708
7967
13947
2715
32724
19149
11172
16074
13192
7466
20837
18242
15409
28481
8235
28682
21956
27906
13498
16682
3392
16450
24352
8647
26430
27907
7655
13967
21705
17142
22927
32600
27249
2110
29756
30723
3483
16759
427
16551
3099
15095
15210
4332
20997
14163
1353
31412
12735
26405
5644
16385
29275
3597
6242
16403
6180
30966
22555
16336
7031
10651
20373
4457
469
23369
10615
24379
3381
17638
2722
7667
30111
15410
14437
27126
24822
7757
28400
21504
3350
8570
31756
24842
24607
29730
29193
16754
21263
19740
1783
854
27287
20779
29721
17472
12839
29128
27030
9737
27980
10530
27250
2807
29499
14180
9405
23849
26798
17718
6666
25909
19438
3974
11299
29711
1841
136
25083
25645
32039
23035
30948
13800
17360
21679
5634
19238
400
22852
11264
1590
8325
13876
26881
20475
19480
30484
16602
18765
27858
16662
26494
11164
5746
22739
20409
7382
7228
13639
546
31371
16275
17437
24651
24656
11466
17197
10298
28001
14904
21316
19485
3466
7562
10275
29241
18759
2909
31178
12580
24874
29965
6902
23604
14461
22727
22760
29751
21289
22502
2152
4196
27350
1916
25610
21394
24404
12078
8112
16808
1593
27206
21840
2389
7628
24323
12023
5633
26402
51
29198
32259
11143
3332
20445
8468
12576
17176
8013
2819
25294
30423
25586
28331
12116
1545
17992
19747
25533
22692
24893
7476
1272
25570
2288
1808
27846
25495
28345
2112
11734
15810
18025
5087
813
17506
20691
774
20172
18827
28555
27015
27533
14776
9709
8926
22095
12387
11105
11108
29266
15059
29406
6598
27876
15670
19373
19638
1086
11759
32624
8416
13737
6961
4450
17184
5861
11981
736
29426
24266
9288
16681
18730
24880
25905
8290
22245
525
16305
2013
12479
25565
27492
13210
14918
21831
20583
12046
17839
16893
17587
27940
23496
10980
13225
8578
16430
26997
25581
16141
1472
16995
20344
16303
18259
2941
16873
6488
22696
26839
12572
1090
923
25892
1022
30330
9628
26983
15264
30876
16739
22475
12938
14301
22752
19918
26193
31055
9073
20901
32620
21089
29784
28380
2883
19109
25964
1598
7305
19159
6670
21748
17868
32026
11871
30449
8778
644
9905
26765
24839
8669
29499
19311
1564
21412
23568
29361
22098
20307
26962
31295
8431
32229
7074
28032
23504
30100
2268
16697
17848
25319
12545
9390
744
748
8053
28170
26608
4802
11371
9728
26308
22619
29341
30387
21010
10368
19776
467
27347
3606
29239
25097
27681
30367
31879
23446
2376
2052
31499
55
4639
913
22377
19019
12697
23105
10564
29495
31383
22076
18867
2314
14080
32158
15090
1885
11540
4730
14424
30590
20221
21535
649
23501
2215
26009
15341
27237
8146
32123
26977
23295
23142
17116
27436
19476
24326
31648
564
834
999
28665
13682
3313
32739
10028
11171
32566
12745
24985
19776
25592
29176
29686
17073
3665
8748
26587
8894
24374
28567
1411
25926
15707
31540
10961
28211
17489
23640
5009
17581
28401
12682
30465
19086
16638
13204
7823
2070
13318
32474
23013
24545
27529
1771
29731
16149
29790
26710
3691
7648
4945
3263
931
25634
26385
21809
14710
1638
24906
16054
668
28439
23310
13605
30300
2033
18553
2108
24911
30645
20373
14062
13158
26657
18043
1278
3886
26655
23739
3789
24147
15933
29694
20337
3940
16221
27626
19718
24789
32173
25926
24393
23882
25562
16479
17507
27923
4225
23210
30722
8434
1511
20394
174
6693
489
16660
10075
13216
4662
27186
19770
20635
14523
645
21461
29772
13407
13230
19291
1782
16881
9871
23352
27682
26974
27565
6377
20012
11048
17112
16655
17154
8723
1551
1730
11817
27938
15262
27943
1025
30145
5001
24389
21065
26180
21549
31252
12773
25744
31269
15575
1503
25880
3947
5036
11181
10764
32191
28770
178
17100
24653
25994
24839
8099
6282
30673
890
3506
10847
6541
22231
12074
9097
1173
17511
17343
4672
26198
31671
21849
20246
4643
11162
7436
7715
11725
19569
13386
27487
3188
24490
26199
9807
11164
18567
13822
228
1667
8737
27523
5536
13235
13996
16088
14586
211
31740
29203
31236
194
14664
28704
5707
16359
14895
17331
25854
4802
13048
31361
32083
12999
14878
18608
7207
7533
31500
140
3301
27010
1573
12923
6568
1729
25095
2355
18084
7078
16913
13866
23746
30081
1571
590
1930
16074
26532
22263
2630
28596
30666
21274
20580
11524
21269
16575
23837
2340
11805
32437
24148
23411
8078
12932
26305
8672
19313
22179
4942
8375
21421
30955
8129
13498
12749
15692
11932
2932
24067
30911
18497
13770
26477
30843
21850
18643
24984
18796
6264
234
19267
5089
27386
6913
21093
24453
16689
22584
6513
21392
14786
24494
25048
18238
15435
29334
16335
13953
27465
9870
15188
28402
27961
6701
619
2318
20733
22491
4270
415
4482
23270
28676
1912
31904
27346
30385
20837
321
16624
9871
4194
10438
11314
4506
21003
16294
10045
26546
26452
29016
5312
4509
9082
23412
5636
32076
1850
23573
12229
32607
11328
8065
12609
28139
1250
12556
4494
22650
17422
4921
14128
339
385
8995
24043
31740
28218
19227
3798
5374
11567
18579
24241
26344
9278
2363
26232
16534
22886
25449
10808
16563
12343
11710
25122
19069
7047
31239
23006
14280
5991
30561
23074
27718
32598
16289
20610
11781
5300
5106
10634
26425
18809
19648
4362
13628
8998
213
3249
26835
18940
10178
9437
23475
6252
15233
4018
16196
16080
7512
4714
18596
20312
16896
3307
24047
17991
26887
25503
10430
25183
25459
15232
12781
24985
11688
15474
27298
30234
24716
19926
18058
1891
15848
348
19302
5064
23570
8216
14791
17955
13513
3545
13077
5065
7008
30390
214
30397
24095
31465
24877
6180
5862
19681
31905
32505
28435
30098
26912
5890
23206
13072
24132
9219
3747
9564
32469
30001
14008
15741
23438
27881
11808
8915
4900
12450
16327
681
13188
5409
12719
32265
16476
6892
8082
10708
734
3840
26825
21778
1729
9158
13676
2438
26760
5700
22203
31365
22790
13200
1724
22025
31266
21131
19238
11266
30936
5579
32638
24556
2176
2521
19072
22694
9043
29597
704
25218
13355
25366
18065
30617
3466
24143
19238
25185
20958
14478
9975
28289
12547
27086
7014
7139
7946
31343
8611
2059
26681
22317
16077
424
18002
8527
25434
31337
23321
20256
22968
19218
13328
12451
2100
32207
15237
11395
2588
4808
15054
18761
25632
29429
20948
22225
22526
1332
1998
19455
7007
6553
22863
11438
30203
7941
26499
3049
2820
22266
11445
32350
20930
31661
23061
4367
379
3165
17081
6219
29845
13284
30689
27357
18174
32140
31359
23939
13260
19491
9719
4770
30241
18258
14371
29239
12626
13098
6810
24081
9288
26112
20786
30270
11302
20603
12739
451
23083
19435
18734
20368
8411
8924
4510
9138
23641
2028
24078
1227
14872
28377
7948
32191
17330
31710
25788
10161
4376
32064
16927
4142
26092
8996
30101
20391
15915
27043
31393
25637
3599
26912
26861
9272
14644
217
17550
24112
1273
4029
9096
30608
2601
12158
19605
8384
27099
9702
13090
28930
18838
110
29851
32423
23225
3597
15080
18307
28954
11086
10296
32158
27886
5285
12285
3116
31721
13059
311
26816
30118
5800
26102
1212
22344
5177
15386
29452
8802
14354
27486
5652
8980
989
31893
27110
24951
10851
13875
16057
16955
15779
25102
30615
6799
801
8294
8533
15169
25217
27683
30152
14119
8788
13407
7990
26813
26418
12068
20491
31503
10505
18807
717
31194
4788
22677
30290
11502
32720
28796
14897
17110
3275
941
24438
3771
27965
12337
8602
23942
31868
24026
7090
9797
15467
4555
24038
6608
13970
6970
30501
21932
29556
32117
18199
15919
31772
15139
11347
17381
6650
26317
25299
6195
18669
7325
9892
5434
4001
18789
28386
23806
12827
25314
21732
29640
29330
30019
31668
22985
21633
10725
3010
26623
5626
11105
5849
29789
21309
2760
30801
294
2185
2605
1415
31642
26162
28772
8842
19924
10996
18954
3863
18419
30855
15301
32712
9336
22131
18893
22408
11247
22310
14508
5450
15314
4932
27458
18939
13482
28478
25099
10932
4983
24358
16293
4917
14930
7362
30348
3215
11345
991
1065
11296
16555
2279
23819
24260
4380
32182
28276
29770
10123
6314
22807
32549
12011
29177
18720
23652
11103
27464
3957
30693
32161
13689
24635
8389
13732
26820
23197
538
30840
25353
15816
5093
32111
24676
28474
6210
26238
515
13885
30946
30693
14132
20654
6331
29458
15554
17667
28158
6339
9858
5517
30794
5740
10025
14585
26399
25304
2656
31773
1173
19986
5403
12530
14414
18566
16422
20188
13993
9572
256
26674
12344
23621
5357
6394
5493
3601
583
21236
17072
20768
17429
10971
10316
2207
21471
2791
17195
19254
1472
28310
31079
7399
27324
2988
12099
58
11604
3192
10337
8855
7256
16218
2357
10227
22525
24450
3257
22959
21807
23290
16994
15548
11048
14823
26707
21252
24386
2828
13778
3077
8969
31119
10744
10431
14485
28672
12972
5841
28951
27799
16338
1759
31153
27325
5823
16950
27275
1486
31216
947
19491
14622
30972
22497
1764
24890
31944
18529
28923
25200
25594
22159
28262
6289
17328
2402
22349
29685
8305
4756
6294
26560
13156
20227
17076
3428
4031
9816
31423
8551
15491
3558
458
15719
5735
13013
18033
29531
3601
3967
13489
11803
5772
28698
14333
31523
22519
10904
9101
8595
31354
3531
29946
10875
7551
19405
9480
15958
20254
25503
31426
31700
6104
19984
5325
11229
28297
29152
7414
30418
10392
8998
23053
32534
14961
12783
5110
1229
23605
19496
32253
30435
26287
14014
7018
5456
31883
8707
21077
2203
21442
7508
8380
4765
13145
28153
10195
15496
31051
19788
411
9768
15556
21021
5302
23144
24719
2390
23162
19735
10706
475
19268
26092
12025
20404
25871
15560
13040
19054
69
27452
16533
2750
26324
5963
6765
27496
24965
7025
21141
4447
12170
28644
7932
16174
7253
14617
15824
30614
10161
8074
32310
13177
29707
21687
16702
12023
28432
26986
1814
4566
26750
22848
23678
30503
2867
28517
15483
6182
27787
26783
14928
7779
9704
30350
1962
24863
11410
2098
11035
4601
23490
31661
31433
7370
25849
7498
12136
16077
6806
6079
9061
6403
18600
14767
4708
16853
4097
13427
27885
6652
30604
14362
5218
26782
10208
4270
4917
697
1300
10425
9559
453
6869
5384
9460
19861
3767
3503
12125
32127
3273
30798
5702
21692
25196
26514
28977
24081
15205
13310
25386
27311
13616
4587
26805
30809
15511
18637
16901
17092
27012
28601
19822
1091
19732
21284
26141
10660
26092
26606
6919
32084
11984
28575
21023
3530
31602
12784
11212
21283
6023
28557
15002
22538
23584
29209
25392
27099
12088
23922
30850
5128
8585
9783
26695
27323
7845
20872
2990
26813
25409
25101
28748
25750
11732
5690
11609
24822
23905
23505
6429
15443
29328
7336
29349
980
9988
18604
21434
28014
3817
16678
32532
15693
30924
2365
24266
6773
32688
24508
18189
5801
862
9750
20758
28043
31484
14504
25181
16134
21985
7229
13324
18665
24232
9431
28339
25556
21635
31149
11837
18264
11986
6768
547
22874
16117
18898
15839
3256
9310
329
11684
4912
18154
21008
844
26237
19313
22384
3986
27842
13980
7741
7041
15404
12790
9635
30252
16851
10054
23843
2720
20450
9757
17368
4631
22264
18347
3327
13934
20174
1238
28086
14553
4633
12942
30724
28886
12722
6234
10010
14175
756
21815
216
4708
28005
1699
28819
13432
15257
26101
16150
9419
29524
20463
19430
9048
30959
27286
27595
7519
509
23873
4235
17942
6958
20209
7673
10140
17779
7904
4142
16430
28258
2909
22295
32669
18397
15062
2864
14591
17134
23351
24462
23717
12790
19315
29987
3662
22023
863
29502
27546
23438
11719
2385
5826
2613
10428
15863
22917
11271
24619
12085
29798
28629
14004
10240
28180
19161
28856
12032
30506
7578
21940
29332
13848
8207
31694
13846
3937
22791
29102
9312
15880
9417
14991
11151
20548
3831
20630
17927
23675
952
8546
21687
622
7189
14564
28318
3250
2468
3697
18829
18015
25956
10261
8239
22796
26089
2091
14664
18170
16569
6442
29754
21903
15093
3010
32461
31750
11580
23336
6191
10854
32460
27566
1338
31920
23530
30614
6646
11869
11141
15912
31839
25095
2070
10498
1128
4455
16330
23472
23871
14719
8163
24956
19411
5912
3931
28039
16020
1903
15563
24857
2681
24876
25484
3126
31048
22931
27676
23666
3346
18942
27587
28166
7420
27019
18294
13090
12102
20242
32251
9605
13445
20314
23886
13900
2099
2956
10052
28679
23146
17383
26990
32530
26349
17078
3136
5155
7528
29567
23922
21791
7929
31358
6567
20530
13550
24657
14669
9502
9425
9717
1220
22739
1442
21745
13250
1857
31331
24529
7158
26474
30170
26326
13035
21947
27538
13548
26416
22684
4643
2268
5302
21318
6835
32451
6265
23252
445
11715
18274
24989
23825
19960
19564
11458
19228
31406
12807
18435
26474
25809
6842
27607
26729
2468
27915
2491
19056
16822
30371
29386
11263
15379
19118
19598
16201
14775
24449
18454
29935
7496
12159
20296
17423
8964
24893
7289
13181
21752
15076
28731
2128
3954
25815
22902
15777
10682
16278
17339
10639
5885
20707
16340
29574
5002
3107
15008
16322
12865
31238
5662
13326
24135
874
22727
14802
9471
25469
26401
8524
23606
1314
31633
2590
30878
20375
20592
13577
10366
9812
12386
8952
1703
8246
24803
9536
31146
14812
6947
17190
4936
1874
1812
6306
1066
10476
27841
4706
30675
1909
4065
11026
27858
7049
27052
3547
23868
17472
13549
16937
19289
28941
89
17586
1694
8933
15135
12724
15579
2211
28608
25725
11190
15019
8481
12337
1624
22989
32223
5576
25446
5485
24034
6998
18227
23777
15925
10383
7732
16411
12052
3210
15284
17288
26695
4293
12488
11063
30639
15722
3974
318
15903
13008
28274
23386
11885
15429
16441
9173
712
11
21410
27053
23627
28832
4033
31730
211
25410
16494
21616
11022
28595
1781
5518
8405
32058
17167
8054
956
8426
2065
118
4071
12582
29284
17574
15647
12901
28981
26828
30244
307
22637
29820
23109
23929
20196
32644
15663
15101
27857
9863
22787
31532
7814
13031
26283
29720
8026
31208
4205
26813
8422
14099
29376
22152
29300
26073
8031
15386
15540
24185
22173
15689
9649
14884
27384
18535
28932
16990
752
8391
28743
28583
11546
29310
22477
15195
31344
21351
19344
18647
4843
21866
14443
10717
30804
3581
19850
16954
27479
14058
10782
3749
9945
19539
4949
21227
25995
19444
18057
29513
26047
31145
15288
32025
24443
19760
27700
8882
8396
27951
29083
11913
17501
23417
4362
12700
13896
13965
1678
28944
31532
13408
9435
22296
28032
14940
7489
27418
25895
13992
987
5389
32068
7850
25610
12326
27727
14026
31009
12467
8809
1913
24418
24903
8684
9074
20778
31511
17991
9024
17512
7588
27913
31233
31827
27034
13627
1897
25437
17144
18675
2826
16738
32370
25894
23762
8742
32276
5054
3797
32766
295
19436
23628
1741
11096
27840
2526
818
1815
17911
6943
20992
1854
8980
343
25583
19443
3250
10116
10641
11983
13336
32674
31623
23104
15630
29993
21236
28715
23023
26840
26162
982
28160
6577
32196
27398
10752
8005
5516
10852
22272
22833
7742
293
17269
30697
29461
22506
1676
692
22469
5861
3517
32504
4784
10046
10403
7352
30556
9141
1803
3163
29989
31880
23883
25007
32303
4759
8917
10285
23199
3526
7947
3199
15371
29347
14421
16191
9518
15177
14705
29954
31201
30596
267
10133
19271
14389
20366
31878
13383
18936
10041
29926
23103
773
29301
19022
26102
10324
25702
7456
2259
11781
18368
22543
25165
22270
12252
27874
22947
30678
16395
20084
16333
24818
32042
19456
19890
13293
23926
12699
21147
10301
2722
20994
9960
788
2599
23958
14082
18053
16348
10917
14992
23528
32454
21227
27630
15743
7217
19033
21466
25434
14591
21269
32113
30583
13633
29377
9819
5422
516
19712
16194
6092
17773
1846
20616
15487
1289
6544
5945
7026
19038
12613
28222
15416
30150
2075
22484
18798
13181
21804
15165
10140
18168
15082
10933
29533
8312
22113
17832
10944
28896
21436
2850
1517
12227
11275
12423
17164
18370
28739
20612
26978
23829
17798
1605
18365
25191
30373
18665
12819
28647
16100
6963
16998
4252
12797
25474
8426
31224
25959
3
5994
25009
16087
27429
29672
26060
3080
1101
32388
15099
18360
20684
1695
5416
12275
18702
19263
32338
4499
1555
17077
3992
27912
25379
1406
16531
22613
26558
24680
16617
16987
3539
20981
4127
31578
14386
30468
18351
9909
27970
10926
19291
31221
10743
23919
21440
27921
24831
26502
1838
16365
31292
23198
5303
31008
26231
5805
1414
16890
6995
9757
14451
17350
2943
9514
15316
27212
28464
14475
31125
12186
28879
22356
27019
21764
4590
27675
15877
11626
23681
4441
16036
23737
13387
27924
17773
12468
23702
28603
4637
30453
1575
31314
26556
29742
31089
12238
10357
24757
12553
30147
25509
3648
30810
26684
2610
6893
25242
17642
15646
21893
11773
4482
27228
14081
26408
352
11234
5453
24808
24176
7423
29517
21540
31054
6639
4638
15376
25772
7597
10142
17060
32757
12808
24110
20813
5423
9721
438
6626
3622
32308
32234
11225
1223
21501
4556
27067
13002
5693
23666
29397
1172
24789
9994
21809
21339
24114
4123
7108
2699
26401
31758
3305
15464
21733
28396
11534
27125
14728
13161
22957
533
29294
29474
4223
23537
18736
9251
14060
12441
5799
28588
30149
22510
7238
30261
32053
19647
1965
5295
17653
15410
21628
3853
7360
9318
101
17411
8455
18006
17798
19981
26597
28417
20213
13748
31317
23496
7068
6413
28067
15895
839
27778
12576
8775
4603
14548
25626
15811
11658
31329
18443
26730
14692
1443
8977
17717
11440
5370
9886
24090
20123
25515
11889
14128
3312
31272
27589
7443
8426
3986
20680
12938
30278
9340
20558
359
2203
15090
17863
4783
10990
20409
6510
20987
28033
30937
29892
16414
5613
19801
6973
14600
23920
31306
15161
20715
27016
10503
19253
3228
12993
6842
18243
31035
19915
7458
25271
26390
19151
15508
548
19403
7939
22336
4487
4013
19581
30134
2753
19049
15429
3241
16459
13034
32429
3058
16421
18041
26085
24279
25359
27433
11978
16782
23548
4466
11263
4093
23492
6428
10047
29124
7449
32094
27889
1917
27836
3144
13821
32066
496
11614
25567
9840
15152
31622
17146
1707
4893
13860
18222
27683
25018
19843
30380
32533
15835
3703
30473
27284
4827
12608
28818
649
16014
20402
15328
2809
19318
1683
3500
1158
6970
17989
5348
8761
5459
5796
16125
19582
11785
21042
5772
21872
22942
7282
28688
16983
16329
6033
22802
20079
17254
7499
32113
2796
12907
32525
30455
16442
12830
4439
15151
29833
15237
1637
7035
15241
15390
23566
2913
13170
11985
24812
8486
21320
16675
5309
1182
28253
22700
26633
16450
4375
3275
7942
10371
6899
26776
23480
19806
14794
2330
4956
10801
10836
27579
29447
1997
25066
248
30603
17612
1424
22365
15514
30757
21042
29361
18222
8701
23086
9070
20263
24256
15379
29300
19510
20593
13992
29949
18939
12862
15921
7380
18282
19032
30445
22722
9587
11777
14563
6473
26850
3047
223
3477
21380
28848
29367
11440
6283
14806
20690
24309
12339
10933
3307
23495
3750
22498
22035
3971
16925
23743
18421
7602
15433
3916
8030
21380
19185
9792
6141
7802
988
1369
22375
23394
10225
9200
2397
4488
16797
16848
4434
28203
629
24136
29992
5166
9245
9599
25915
5136
20584
18440
1440
8222
21696
28854
23727
20711
9417
19634
2750
3569
28737
22986
12080
28330
20523
28428
7855
10145
20268
13204
20149
22518
20789
30626
6737
19216
7778
9200
17448
653
5410
13122
22970
7295
18329
27198
23526
27093
2114
16766
20656
18711
10713
13796
8771
6487
30328
29485
28466
22884
8704
3273
12291
18240
15290
14570
21998
5076
25406
16860
18146
32483
17556
8596
23241
28477
8090
31627
15885
23349
24229
26829
23899
5460
107
19020
16039
20815
22817
5499
27504
30007
28384
20248
20549
2800
30029
10313
13704
26084
11385
29163
13682
20728
9990
23079
21335
22720
15244
10310
6187
1518
9530
27334
22598
7185
6081
19373
1636
12412
19053
32541
14320
11651
16021
41
16002
5614
17718
4071
31398
7335
2011
10950
19423
25782
6336
26658
16875
32111
20022
30742
29513
28394
27977
13202
7417
27316
26529
29357
28547
29892
12454
7484
11578
6321
28136
10659
32194
32546
1725
32235
6864
30597
22316
26389
14897
18948
2569
6830
22798
26036
24162
30372
19566
16144
23578
29528
15100
29351
15316
31732
25611
17
1554
8447
22487
12583
11678
22831
1293
372
10538
17534
16270
6630
20531
9599
9328
13513
32555
1267
32582
32246
18134
13208
5282
17224
10997
7745
30168
2384
13346
10283
16900
22602
22779
32655
30798
21839
642
8308
16236
31692
12228
31175
18025
2866
31929
26797
8869
31983
4204
32280
20254
5790
13915
17049
12525
27770
10017
27765
17684
26649
17490
15354
23414
10071
19367
29203
807
18320
17755
5403
3046
28946
12756
30703
16616
14033
14982
14151
16600
7773
27157
8518
5915
25618
12217
15183
31320
20366
12775
23067
21560
11369
13358
8
30314
15136
5215
30132
8427
11857
8944
20683
15748
2094
23202
23837
29844
27692
15202
7156
32527
14587
19565
19876
22983
32443
2488
14691
15850
9581
16527
10075
716
22439
8060
16638
19687
1420
32106
19354
11809
5116
7178
28973
6989
3080
26998
2938
23283
24233
1301
9564
20820
4273
3006
9819
19881
25345
28448
23677
15532
19197
23649
22622
25689
20285
30213
20355
3318
7301
25874
30956
15185
26360
1393
6120
24649
27528
12696
10542
8591
9649
29030
26152
8110
3431
4174
4754
23881
29005
24248
18500
11172
16679
8868
13644
16487
23698
31633
64
22686
14835
15773
18131
3331
31149
2029
27301
15232
14743
6735
8288
10736
15533
11806
29952
17958
15109
22119
15730
10032
28165
11081
9313
13276
11476
17570
19021
4732
11534
18408
11229
17895
15292
3412
17014
7104
643
8262
4876
20475
11547
7909
7992
2460
771
15621
27787
5314
18803
28239
5667
32229
403
31643
7291
29276
22250
1953
26503
2594
21017
18129
12033
24281
9161
28287
15614
5135
7138
8003
16068
13505
8445
20128
6111
2589
15389
29667
27506
20364
3225
31822
20428
26608
14429
19062
24635
30762
11347
17642
8485
2784
16667
14357
27220
8573
6146
3942
19346
22137
17458
10670
8054
29914
5158
19657
16509
10491
3937
31872
5212
11916
31840
14510
24981
8154
717
26274
9033
19024
15861
27077
20301
11326
21372
12156
17024
32730
25167
12880
18267
30597
24027
14413
27337
3919
10621
20647
4921
6076
2105
21668
3570
24009
13486
28597
1703
5162
13641
29414
7500
25046
16570
30585
3624
14789
18084
5326
8234
24568
28825
11655
19840
16315
12101
6121
23142
30503
10217
9604
20028
15338
5644
19990
732
32075
30061
429
15914
26472
2107
26124
2541
11202
3464
848
15837
13052
15356
9171
28668
7136
21702
27473
16170
11171
25304
26953
11252
4970
31316
10918
29614
12044
3137
3743
8641
8474
8835
25308
19269
28701
6154
2778
10451
2334
8521
13968
660
19308
14570
27731
8862
409
17600
27127
16769
27590
1789
8503
8476
16160
12197
21334
18870
16043
8770
4103
7498
20799
17370
7051
13601
14544
25886
25
15782
20210
7396
20098
17527
27291
9943
21013
11448
21291
6765
15296
15788
25771
3610
2169
32646
18770
31428
9948
23164
27726
29558
8214
11294
2497
1368
18433
18150
9
21471
14480
4112
17988
17729
7278
12203
11283
21292
3298
1777
18079
21431
1782
24788
11994
20121
15320
4313
29960
12952
16512
29737
28029
32581
24723
2278
15016
14055
6280
4027
14416
11445
31497
27575
11294
840
1436
13403
24412
28495
10370
11761
1532
4741
1503
7200
5852
736
11292
8894
31048
21003
20362
10469
11201
10519
18248
29257
18428
19566
20838
25288
2094
7176
25162
8259
12679
25569
851
1709
2044
4266
1213
8801
12106
7358
1733
9401
7480
18777
7693
1756
284
30724
5953
20183
17568
14420
7675
10992
2502
24020
19172
22326
18986
12864
23837
349
31624
6132
8925
7881
23933
12451
21851
26857
21650
23628
27630
29638
30326
9322
10866
4828
11147
26476
28399
40
2468
22628
629
31106
19470
9987
29002
18477
3277
25541
11848
26285
8999
29801
1408
14552
19303
11428
8739
2608
31707
24342
11171
18032
2847
31357
15893
8293
2973
1833
16858
6911
85
6320
26238
10408
20186
2018
17632
21716
4765
2303
27795
11226
13678
29224
24709
21762
28992
17940
18142
4831
7981
22276
20523
7647
30650
5625
6588
3360
10331
25124
3914
16773
25146
27806
4062
1802
17972
1113
23021
24660
21028
24151
712
12429
13157
11801
32052
14190
8850
8795
29524
5021
11408
6654
30672
16186
3279
9542
21040
15028
31948
10053
27273
23010
7387
11159
6236
26447
23075
17488
22715
4565
30186
1075
12205
22637
4627
26917
14548
26693
26340
19169
11085
8467
1549
8684
21720
13226
20198
15052
20537
3786
30713
10613
31454
3645
20928
4356
28097
8223
9904
5039
32144
21630
23670
32508
1548
2851
14976
2098
1199
13230
31167
11533
18065
21481
427
3254
11660
18518
30344
19698
20638
29450
31976
24474
31632
19646
22130
15435
20949
3108
15329
25182
6325
22391
6224
14107
27819
13398
2484
5161
26123
10706
19114
6729
28903
18630
26995
7237
23604
3687
28732
13858
25641
21787
25251
25757
15336
18319
13432
12502
23136
2563
7616
17478
3698
3561
28672
30966
7762
17327
20664
14835
30257
7897
32045
18429
10777
8274
31595
13951
20248
23300
23691
13508
28576
9894
29746
30567
7982
29909
10586
22027
28970
31847
17493
29005
22286
12028
24078
29943
10699
11477
21651
19062
25193
10986
26832
20367
17901
32566
27037
25933
2175
18262
4092
27454
11212
23890
28827
31455
7338
3771
9889
30548
21498
18934
7079
17756
32467
13783
4355
16261
29149
26482
20045
15004
27642
10797
6428
11880
27692
3610
23057
22168
7859
12420
4887
24569
9589
29384
2792
30188
16291
4966
20948
17432
5274
23896
958
16476
9735
24995
27495
20743
11599
28459
27375
9036
26670
15563
19864
17904
6302
31141
26318
23622
15354
14263
8804
32093
15715
25776
27169
4984
10083
17665
1147
20414
6352
9526
20642
1587
243
13703
960
1511
26346
17322
19327
16750
16459
18156
31181
23439
6922
29312
7644
27712
7837
16919
11884
4563
10333
13489
10572
8810
1840
10674
19486
4528
6757
5176
19036
24267
22495
30892
9368
7820
32118
26775
1288
30185
29082
28855
17729
6318
5945
11603
323
8303
6371
30923
23478
20417
28461
26739
22387
5546
9811
2977
27206
25941
10017
8453
11506
13834
1811
13881
19574
16222
9147
26009
8335
17831
3427
9813
2942
2739
1268
25285
1803
14010
4374
18684
714
19856
28313
2463
30621
1055
24596
30968
21626
2581
8395
17990
10351
7130
32470
15703
11747
28869
24704
18009
6942
22927
14574
6126
23564
8968
12289
20350
6461
4360
380
25553
12337
1449
22378
9693
211
10419
9146
17372
13379
9048
15661
674
24792
17442
17266
8494
12134
7977
3727
6783
26044
32393
11650
14761
31345
14099
14376
13351
5601
13635
30815
15987
9330
22130
11879
20180
24092
25165
29839
631
26408
14470
1549
22722
28215
1738
27949
14565
27527
6898
23726
30130
25970
9597
14440
17326
24119
62
4403
21864
20221
19794
6149
4617
21525
597
19546
6701
28288
13269
27097
3825
32433
13575
22836
20301
23699
24505
10320
8101
12494
6280
19878
28570
29511
25427
15081
12838
13029
7152
744
31720
2715
10013
5815
23484
26531
12217
24073
8591
1287
17460
12001
1906
16486
26692
26730
28908
11253
28377
13602
13461
452
12372
14398
9184
23619
28915
10827
17721
22532
2960
10513
29776
706
13452
16060
23732
15267
26886
25662
675
26810
24144
751
20001
9680
1443
14710
19527
20580
30737
26605
6878
5360
24252
18240
12844
24942
11078
4054
270
24859
13448
29556
3911
25979
2951
28254
6680
24733
7331
13247
24337
21664
28946
14666
2342
23670
9357
9762
29701
12776
25417
10487
14759
21722
1065
31090
15909
14289
4914
2260
11726
5554
24639
9690
8566
21709
26102
6115
23824
6937
7418
30036
23680
30657
3938
14652
8874
17888
16491
23604
32463
11401
15465
29834
15385
24587
25860
8606
28532
2163
19872
18059
22432
29010
15389
22538
900
26304
8641
16788
12998
25504
8306
9671
9368
29990
28713
32267
18645
30615
14499
23925
1868
4176
13146
23276
4444
2314
10675
26250
29121
28764
9081
3652
20141
9089
22922
30158
4634
9564
16592
1465
27743
26297
16755
5599
25858
25558
28237
5888
28110
15138
20639
32685
11301
8516
7170
101
27799
22111
24224
17151
29875
149
419
14663
10012
4042
11758
16108
11744
3754
26891
4762
7942
1261
32357
27235
20326
20185
2232
10083
18366
3593
12229
27812
4097
5998
28234
7487
17650
659
29745
1476
11250
15909
30984
13532
14614
19890
4785
18221
15229
5297
25691
10878
9185
21187
14769
7196
6507
13624
25168
26236
20684
8661
24959
8737
22921
7892
17946
32192
21910
31789
16080
20899
20263
8724
16015
587
8387
10435
17723
30297
9114
7545
8358
9135
6168
6339
14781
30674
31930
2554
16895
8082
18209
23565
21812
29166
13157
22400
25435
562
7595
26037
30436
7522
6650
6507
11039
14043
15946
8324
26357
2104
21214
779
12246
26739
23764
21365
10482
7756
14075
13351
4780
12783
11492
22073
24139
465
19516
21882
10739
7899
24664
5556
14549
13258
19474
1329
15266
31702
13780
26749
32069
3217
14834
4974
18385
30483
5949
13154
5560
1108
2517
3784
25407
4313
18494
24034
13358
19347
22198
8392
8652
23556
9414
5809
1290
13219
10520
14958
4351
3714
28552
26679
29076
26414
19837
4266
17025
25046
12410
7441
29304
29360
15088
26852
26271
17305
9047
29839
29252
7420
2428
13684
30413
22004
13853
10036
16365
4021
30899
554
28702
16424
6031
15161
4427
20437
1576
12488
7628
20230
21940
10506
5528
1577
5109
1411
29622
25975
3158
20424
6133
6099
7990
902
30941
15605
9092
14789
12773
3783
1676
6510
16871
30223
7696
12555
3536
21071
24731
7631
31644
30953
30738
9174
14722
12167
25228
7085
1387
9658
5475
22805
2217
12770
22156
28420
7142
21837
16419
29933
1882
19363
8778
12609
4930
10625
14132
19766
31885
20068
23933
30151
8664
11721
19645
3580
31900
13202
30812
22123
15014
18348
5288
11775
3016
13551
29220
20472
30671
30533
8995
13107
20660
13583
8086
28332
5399
26564
23331
18241
22248
30683
375
19129
31336
20460
19676
7172
24912
11026
11022
21700
22095
8851
9290
8205
19642
16067
14505
29289
18560
3877
10156
800
604
3540
22040
27318
7246
21025
17924
2740
31307
22142
21808
8876
4916
21915
13720
13943
19973
718
21577
10689
16207
8632
8820
13512
23272
16678
29889
5728
28128
7477
27877
10043
29880
27834
8567
12903
8655
7648
30719
14104
10269
17939
25937
30632
7715
18717
2073
31196
3362
31631
20918
23657
140
17507
12620
9654
10680
479
29972
28644
27609
13757
22007
5644
25649
15496
24924
18119
17026
5193
13630
8180
1478
30307
17025
14261
28959
18620
2438
14011
19729
10781
1277
26564
18671
7644
14074
24673
4243
6840
3147
9981
27218
260
2570
31259
28976
15368
31086
7391
16207
4772
1510
19664
7342
27446
361
17628
1552
1726
17159
29085
8249
30528
21445
15066
27488
21866
23975
1617
19170
31095
4366
22451
13620
15187
29764
12785
8219
32256
20822
7606
32031
2616
13858
31028
23101
31828
15024
29988
31452
18796
454
25352
32002
8128
10166
14516
24264
9814
4987
27916
30731
24549
24068
4623
15461
13554
17360
20501
22875
26937
21691
9812
1240
78
22040
5289
4059
21892
2815
4758
4460
27406
22248
30599
15828
13412
28281
14425
15885
24553
2717
7708
7032
25546
20950
23064
5070
21033
27604
6927
26969
14459
29510
1986
868
3630
14832
17078
29424
30351
4862
23352
12200
23020
6040
20383
8471
6645
6582
1233
18457
25960
14646
22281
7311
28398
20268
10199
29527
2880
9081
3432
124
31373
8351
1799
18857
24864
31187
23268
7396
13118
30548
276
24440
6221
23804
16346
18739
2364
7956
23845
24530
11806
22893
2393
18106
16152
15532
26450
14057
27774
26086
21927
13099
4665
21613
23851
19601
14956
29161
26810
2847
13143
24746
10802
20165
15483
1084
20671
15505
3838
30780
29788
3106
17746
26987
23190
18784
26130
1281
30867
24170
5676
29252
22100
31184
13893
2648
14135
9475
28505
16985
11200
7945
29346
31655
28824
20341
28860
11905
16086
26007
3078
8918
29054
30704
19019
11095
9287
14312
18850
5841
12194
3524
15506
19386
9719
12498
29050
16906
13874
4070
26928
20300
6014
7690
16617
30964
25168
22386
29529
16627
31400
4782
13595
8329
28564
29219
28754
9562
29685
2492
9105
25797
21637
3293
10232
14705
3865
6297
8864
32552
28452
28196
9530
16617
21373
12683
16882
3384
354
162
5786
25785
10428
30270
4868
30461
32164
28069
32431
8604
2855
6723
422
25988
9030
18335
13478
18064
4161
21901
31871
18781
27414
17572
13500
857
15172
26354
28038
28956
17364
2287
16582
1788
8602
9904
650
12251
7865
349
20650
11844
24421
10469
17835
5047
19437
19952
21219
16960
23544
28694
1502
11342
9998
15438
15617
18115
24155
12201
3949
24904
5040
21056
27687
22755
29131
7786
13429
22731
18904
26675
21899
7547
6712
22794
9574
28165
29312
21434
1785
16297
22725
21660
6535
14246
5143
8714
30544
32592
75
24854
18287
7779
20222
25212
9987
20375
22998
15318
11661
884
27147
271
4249
1384
6438
12826
10913
30487
12041
12516
26926
5618
8496
21383
26176
32523
5942
26304
12528
25895
6299
13475
2388
27925
18372
25485
5027
9279
20035
16731
18073
17791
24153
20185
6429
16436
28089
8061
13090
13716
3471
24918
9675
24644
961
8511
28370
6694
2421
8024
19242
29810
21203
18359
7395
5640
17420
9050
26703
21508
30619
21856
11363
14483
31179
30841
6751
27654
23929
28828
28850
13349
3611
1272
32023
32198
769
22060
2565
9374
14299
1210
15174
27990
3708
7097
7653
26081
32221
5067
28494
8206
12901
591
24497
31321
871
18648
21415
27399
25069
22749
26904
370
9396
24498
17244
4513
21879
28342
25248
15899
25456
29647
2700
21501
24349
5651
31779
11595
9024
19144
1770
3460
3881
13967
13644
11385
13879
11996
6205
25438
10397
28585
30238
12322
14690
22892
24800
764
26028
19270
30573
2631
16701
28029
22083
28815
3134
44
31586
16620
22075
569
8553
25998
21104
17544
22012
29850
16707
15726
20328
16181
4881
12393
17802
22237
10285
32270
20973
32000
21030
12354
6962
12487
31305
5805
20405
20275
4455
1900
13165
31084
11481
6150
17684
13654
29888
25250
16008
31844
18321
11127
29810
11441
14034
31363
22821
4173
16670
32128
9929
28372
28015
17940
29880
23878
11165
14408
15400
16402
7713
15675
4107
13172
12575
3608
3123
19969
8868
11077
16314
29057
24620
21469
5793
7676
23911
4449
1719
31512
18492
11178
956
2978
15887
6434
32455
16234
26175
16180
29925
22356
5619
5889
20739
20396
24855
2645
9486
17594
15521
7385
32344
1430
5657
13706
22846
18750
1112
7273
30728
14822
30096
116
8464
19087
32396
6614
2087
2779
12089
15451
26420
27936
4198
28198
2590
12987
11976
22182
20972
29351
22337
6598
29483
28238
26721
29540
29584
10398
23854
9989
10975
29536
29984
6087
19211
26309
7536
7319
13215
30530
32659
25763
5212
7582
22785
18
8996
17738
58
24819
26903
29936
15115
26740
27387
25934
18957
21589
12513
31301
19824
8348
28933
21037
26358
12681
25079
24428
15682
22988
30712
16455
17491
4342
4519
18680
28492
28206
22493
29696
12150
15141
21717
11454
25735
13132
1680
10305
8741
17220
28791
16475
28326
23701
28739
1270
24346
12708
23066
30635
13451
28127
8186
9617
24195
15931
2139
4947
1743
15840
14352
12166
2691
6946
4975
16185
1086
2228
15025
30925
19375
20248
9628
16647
3672
4698
8799
15971
26002
8190
15293
13995
3538
22839
19053
27337
9002
3418
13761
25818
1811
22673
10119
27779
21353
23252
14125
5512
32439
23317
20520
7322
5557
10939
22421
1649
11791
23890
21793
13595
30312
10369
8999
26516
1951
60
27161
22422
23377
17210
27425
27058
2975
2986
24072
9120
16433
30754
26198
23764
27770
216
25531
23889
17214
11540
8621
24258
850
15589
10835
9159
420
6932
16546
6541
5243
11094
17862
14241
17407
18629
3523
4614
25595
2193
26460
20869
31458
5363
23348
1604
6672
13411
26163
2202
2899
20747
13099
23586
30634
5243
6075
18702
27468
27550
22644
8126
23276
1773
30779
23186
3644
10978
5870
4604
5040
25776
9035
30425
8580
30513
25613
18177
2048
5152
7255
28700
6395
13704
20310
21688
10398
11132
26403
26521
2922
12809
17126
4432
13692
9065
28737
5136
24336
6777
5100
25020
21061
6510
17820
6212
17952
2243
25386
6194
27346
8821
7921
27008
2878
7539
19832
25261
26550
11600
13905
17936
11781
10812
27712
18795
12979
30002
28832
15299
20356
27763
9731
15727
2882
1074
22041
15984
28348
22417
20179
14080
11023
17868
23239
20077
29988
28596
6359
25640
14970
10592
30477
12057
4902
13343
21706
26422
5400
21680
4128
11604
27807
6582
636
9533
24112
26214
12424
30210
5475
5507
12623
9363
25918
18572
4259
31884
23990
14132
12475
31570
23155
4882
28449
29023
28372
21402
4300
19930
21299
32332
14728
18539
14186
16171
29343
23885
7829
25969
1202
20389
10266
6273
10472
9746
27111
22813
21835
21893
16379
8921
10350
3667
13608
16847
14419
24456
26903
12437
18573
9343
6028
4716
11170
28847
9451
7610
21427
28104
21500
2747
22111
24575
2283
23155
26596
17573
15763
2535
4487
16127
2811
1420
10039
18258
27681
28928
16493
20541
7671
5880
14422
22091
16556
5498
31028
3529
7724
6732
5890
8917
14826
17324
32086
16312
3549
31041
13452
19830
6344
20818
545
8867
8639
22070
26717
5239
21735
16395
18741
7717
7549
30379
12399
4713
24858
28636
2311
2912
53
15815
16850
3229
16361
25004
9569
2937
248
14035
26920
20906
26641
2502
14303
28184
23374
12221
15145
10220
30977
12890
26740
10217
27568
25494
5408
19455
16222
28156
5603
22813
7180
13589
28012
32584
2432
6691
20038
25578
8261
30993
29696
9836
19443
29099
6027
4870
689
20747
739
30678
5623
12115
2033
20528
153
5538
24241
14902
22017
16448
11920
27304
14011
20764
18200
4861
28216
1657
19406
28082
7627
18916
22363
25826
6392
11113
23019
1815
22254
7430
14035
15968
7506
608
25974
32163
18494
26805
6505
22581
21386
31506
13781
14248
2378
1734
4125
9188
31127
9238
17857
20857
8083
22322
10627
27188
22439
15720
3016
17393
2831
6808
25152
31151
13465
23272
4809
6890
8873
23736
26001
25893
6785
5849
25211
15302
16575
28409
7621
21030
27431
21602
14311
15337
16291
29413
5310
22411
17544
4624
3561
18236
17947
29864
9332
27630
13652
19539
30131
5804
25570
5524
30577
25645
16750
28668
16203
30377
32292
18079
22870
491
13936
23750
29192
23976
3077
4835
22357
4623
20516
30666
5400
4769
8987
31261
12469
6979
11532
19976
18428
25489
21487
23343
5969
7286
4826
18149
11018
27641
22144
28319
16409
23386
761
26280
6123
27486
1729
20758
17296
17127
7938
8444
10779
11207
12566
7649
20044
20950
23879
15217
5996
30787
11994
6515
8569
6439
3405
16379
22659
9056
21212
27617
25430
19100
11338
32625
8537
7604
9693
27492
16310
22332
2475
9232
10683
7256
29460
30427
22657
7632
15248
21493
17867
20327
9387
24647
1584
10601
25421
25510
20093
10372
28735
26445
26709
32728
16875
6282
23066
12625
21347
17335
17937
53
7333
31596
17600
29177
24606
16371
16027
20825
29036
15100
2272
26536
22888
25490
18880
24676
31588
7758
26559
2829
8113
11723
2141
28471
1893
1881
25078
26335
27994
24566
25831
13051
6266
1402
32754
15956
25402
22545
996
664
23653
30702
27252
17323
25883
31550
1135
5439
28697
16475
21266
24228
17979
12355
4279
20705
29758
1352
11445
771
17867
27145
16001
10421
29105
1184
13337
5905
23411
16925
16290
2998
3586
30260
18511
27163
21451
9010
25222
25379
4084
32309
4926
15089
15587
925
25260
8445
13313
12222
542
20071
8893
12247
2343
24204
20691
8008
3580
5592
7118
9471
7454
2779
19403
1332
21561
26014
9601
31574
9292
10551
23934
28741
32523
15259
20659
24769
29570
8116
9779
2083
32250
5555
15928
9034
3872
5544
4711
24537
3684
22607
27477
19360
23456
25133
3913
22615
5114
17628
20036
18322
7691
2724
3902
4849
16705
75
17075
9367
19585
20781
24158
29662
4113
10639
17989
23113
11958
21296
18165
13499
2585
33
1295
9446
20079
14295
1539
1797
24921
6783
13852
28622
14345
28305
4029
18082
22695
11432
18410
20488
2803
32145
9225
15449
31787
24225
23786
3773
23087
24652
13062
28757
10723
13044
6148
17338
23765
30207
4482
3239
27168
32044
14609
32754
28304
39
32129
20417
6150
26715
2400
2042
24606
12551
29373
3835
23056
3476
6193
7820
6100
18982
20257
18705
27274
6769
18237
24325
536
19150
18252
18595
12309
1933
10028
10214
20966
11917
11028
22196
9766
24331
9245
5462
4428
15288
31233
32044
5511
4878
546
2975
493
25059
18382
22870
7381
25663
10689
20909
19841
10347
28907
32355
2305
22602
17524
15250
1619
11500
7934
26597
32207
16481
10538
25861
30659
12747
7517
31828
28250
20407
6340
31710
18114
15534
32149
8077
25997
16902
19096
6812
25176
17662
3047
21837
7851
4619
18674
13023
17441
29292
5061
29626
28105
16388
7566
2030
203
27497
29785
26075
30799
10297
19999
14641
10394
13229
1279
32284
15738
26992
10443
23736
30693
6833
18886
22731
28381
23415
24748
10675
22422
14900
30707
20125
6363
5534
31313
13048
11694
1210
19070
30506
6959
1337
2107
12673
32191
25608
9875
15212
29028
5155
14177
24299
22895
26538
4114
30788
19293
24374
11180
24568
8444
877
28175
12533
30159
31956
11388
16141
5042
24037
8019
20903
4801
21346
8481
30388
12407
12008
24281
485
8723
32711
23906
3099
26176
11793
30802
1824
23028
19441
15866
14740
5273
4414
19618
14122
20331
13648
5397
10516
23585
6931
9825
31419
28367
857
26328
16052
16139
14709
24154
24559
17487
28165
30167
29490
4510
13327
20495
15558
5226
21584
8092
15985
15030
27344
7731
24996
17528
698
2343
4596
17473
9323
18222
23502
4895
2505
7016
25447
15299
27862
2461
18419
8415
9349
20423
18199
25298
972
6352
13472
18567
12026
19612
6773
12186
23371
8522
5322
18365
11449
20919
16023
7515
9750
7492
16969
14203
24408
29914
25271
19686
30260
31019
4183
21644
27886
11834
24242
29988
27503
2077
28181
6163
5784
13569
7562
9103
29142
18544
6406
8196
32502
11215
6116
19638
4155
30763
24466
26537
174
7477
24203
11454
18102
31114
29573
20510
5352
18488
13547
30683
32032
1918
19597
30933
18897
15572
15255
23259
409
14891
6847
26643
18713
18550
10947
19356
5891
23401
18707
881
28276
12929
7370
10641
4997
2884
4067
22621
28189
18634
26794
11841
3849
13436
6000
13462
2894
15388
3203
11719
8637
20742
10846
3763
24265
19637
10268
10067
12950
32392
30771
16029
11602
18118
1886
9640
21960
25313
26587
1552
20018
20215
15575
28572
15183
24734
31271
26910
8630
32481
19512
2203
11626
7046
15433
22188
6062
20883
25815
292
7963
19728
19033
8435
17903
24589
11310
5963
19112
26855
25044
17921
3794
28104
6234
10037
24605
4461
1048
2101
22450
17708
23197
27551
17351
23605
10473
22214
20337
25624
23005
3671
23738
26247
239
1597
17652
30813
15650
2241
29517
14816
18486
22774
3491
11331
1563
21588
8089
112
10412
22435
31722
17156
15258
27419
18429
2458
11430
31177
26042
1356
9236
6196
12189
7799
16732
7745
15112
32191
4130
6228
5342
9811
18792
21432
11341
1394
13571
2625
24555
6959
16203
28975
24837
8305
5911
12118
24883
20029
26601
32380
15920
10808
1125
31747
8169
31847
5384
27848
15572
21050
7958
30794
14467
13001
30676
7951
20601
26717
30712
28739
19260
818
862
17059
23980
31099
14588
29849
31378
2215
24344
30632
16508
15331
24504
11019
31177
15328
26971
18841
25344
19414
2022
28396
11110
6089
18913
30658
25551
14347
17891
16803
20404
3586
5195
3525
19590
24107
4401
2860
17218
19295
31389
19477
22598
5973
16118
10901
19811
19561
4029
24702
18995
13467
3195
22146
32428
16859
6647
28315
21494
19332
14765
19882
8058
17702
30076
26718
3132
21128
13215
22359
11882
23789
1758
13963
30005
3479
20229
5097
28383
20874
15766
12605
4885
19090
4795
7508
1920
20871
9854
26720
4759
28112
4668
30621
12471
26150
3671
15413
32629
20122
22572
20834
29491
14298
13381
17874
2801
25520
24783
5199
30310
8907
3150
3999
25167
16322
9359
17833
24328
6998
4574
7642
5465
24056
12922
14023
15762
25227
10822
18196
3290
15978
23233
1428
3268
2733
5944
23729
4387
21160
26939
27919
16416
19381
31053
9068
24713
14900
28639
26059
25196
10191
25216
7121
21989
20227
8526
5743
17460
24539
30896
6849
7954
511
15175
5174
14918
14318
10273
12786
883
1928
304
29552
27700
3023
26107
26732
14954
21486
18068
10240
13013
13179
714
17165
20962
26617
2463
13788
1732
14241
3325
7429
9414
28002
7588
12688
32480
22054
17255
20571
24968
9047
26008
4283
24266
22177
6081
11878
8347
6906
7828
19089
13675
12000
16677
18517
2809
17378
14935
18519
2923
30562
24212
1960
4254
18585
18882
9706
8635
12252
10610
5813
12043
15133
30554
16953
16396
21428
14341
6436
18372
4448
4553
8134
4949
16008
20474
13426
1746
29127
9821
5416
7249
24744
18655
26738
22849
20398
11143
19852
11774
17304
32426
14279
29603
22498
15198
6447
31776
24207
21552
8300
26764
11558
24090
3558
14780
15099
17839
25645
20244
29871
25753
30615
18333
26874
2885
8491
31064
12968
21213
6333
29394
17378
19319
14939
15097
30383
23180
15080
17198
1723
23979
4103
16283
22614
25966
3899
22983
12479
7342
2124
29031
17315
12275
24300
24440
14817
18734
26522
28554
5520
29611
3015
863
5955
31809
31031
5300
2187
8652
24747
2399
4030
10717
1981
3482
28919
11695
12811
26783
24670
13149
9623
32629
18858
26451
20078
31241
12516
2562
17800
16000
4205
26073
16112
14028
22594
24944
8996
5245
29311
518
22463
1754
28962
29229
31573
5937
18706
24772
6303
8043
15968
19494
5336
3811
26060
3489
23910
29049
24459
14634
6333
27874
12103
9550
24193
10306
21864
12140
15082
20988
3474
4130
365
14280
22126
21509
12953
9479
9902
19605
31039
31572
29515
3440
725
14684
27409
18885
14108
25583
2910
9740
4865
1367
29223
20980
10945
14056
4411
32413
5969
26840
9932
1288
21245
23633
7979
20684
18767
965
17363
25354
7730
15746
23465
418
28759
7302
8322
26279
6872
13204
11750
1041
14876
5767
19732
12210
30714
1511
16965
19308
25377
30906
32565
15776
21943
30876
24288
19945
12096
1042
20105
14859
26050
27420
2049
5926
12838
23049
16678
21296
23522
1679
29866
27297
26581
13083
10262
9840
11890
31846
21262
30271
7457
9545
19414
15059
9954
21714
23829
5318
10292
31383
26841
2944
16949
19786
15580
8291
28938
6030
31750
8774
24961
18185
16690
21797
18933
29115
24373
16918
19059
17806
25116
17279
6170
5678
13750
8583
30664
32026
5459
21194
19443
16380
10442
13649
14804
28982
29377
21441
10699
32445
29736
2770
9983
9002
10503
8963
25157
27918
17018
12941
23619
20614
16889
23445
31445
30480
23005
15013
3503
16797
14112
6493
1604
12520
6245
14694
26343
10245
22072
19368
11568
15677
16534
26557
15266
3353
30128
6053
1674
17341
5612
19387
2090
20599
31021
19175
16407
30616
18772
29462
16864
13955
9735
24039
5872
11779
13745
15783
30646
1762
18377
1664
8195
1207
27736
14317
17075
15103
9397
23153
24719
6255
4499
1417
1650
15497
16958
479
13995
19310
2338
23488
419
13299
31117
31184
4544
7158
29366
3069
11912
26355
23549
26289
31498
2770
30324
7756
29561
9987
26527
30417
28187
4557
24952
31711
9057
20451
2998
21732
344
10809
4687
10637
20032
22037
32060
10881
24185
25449
13692
4686
24999
25952
23387
12963
2830
2359
20980
25025
6462
3918
9205
23596
245
23167
9634
28326
16193
2478
30749
31837
5861
20385
20964
13668
15614
32018
12443
4448
14566
28931
22540
25220
31577
25426
17004
5311
28886
15757
26079
27955
4936
30215
29503
24042
16102
8492
29209
16836
20056
11537
24057
5300
16923
31568
10472
31788
30502
19730
18226
13270
12494
13677
10349
12933
31207
1521
16822
7019
8492
27005
3390
20364
21729
8535
8966
13170
8630
6268
20198
32035
22767
16693
18388
7760
8642
28907
27747
7887
14848
11836
10378
31564
10744
9551
26791
23611
28569
13924
15811
14608
25814
21167
5912
15283
25935
7014
13520
30766
30509
30489
14352
19625
31565
4418
29749
32153
10402
30749
25950
25140
22228
19641
28714
13608
23597
14671
20163
23948
694
8660
20251
17431
22685
17098
18037
2192
24538
12891
24104
11141
24850
30632
7583
64
26044
11359
21925
31479
7554
23691
20703
12099
13034
6321
28058
4819
21301
28184
1224
22626
28040
14696
16964
30438
27977
1911
21086
12555
29644
30815
2195
12511
21807
22740
25500
3023
23682
26036
4779
17106
6955
28128
24561
4836
18313
17995
9315
10678
28376
17488
10430
4772
32341
12873
6088
28647
26530
29277
26073
21516
25707
17305
20891
20388
7498
23874
25102
1854
14312
21610
1487
26002
4198
32706
14233
15871
8699
19887
19468
29496
25310
16544
19629
30266
5990
1438
1071
12673
24687
22821
8177
13435
2305
11826
2759
13117
22316
19357
25853
11893
25654
21417
15769
22431
16377
27098
28897
1404
25478
27398
20509
19648
14094
27567
30366
4363
12035
28816
28671
8731
17530
5494
5035
14656
19668
5713
14751
27408
29853
28299
11378
24923
25012
664
31890
29026
16556
1999
6352
25155
16755
7800
20511
30648
18225
21030
8344
5377
20339
29767
30658
3103
21641
1273
18449
27971
12076
7711
6060
27270
15205
5300
27763
9178
17578
17504
14657
28481
32073
14665
12398
28989
1290
11308
8089
6535
17167
1196
14500
22531
5888
21994
27647
7668
9573
2389
14378
32621
17235
11204
4725
2312
17739
4290
19723
7641
13663
16424
7726
29093
13462
25074
11460
29520
2962
7243
17939
15253
11888
6122
8393
21498
14320
7841
20799
27138
8150
2099
21246
17060
12432
26983
19331
508
24
14682
27199
6977
28700
24857
2530
31991
31069
26991
30425
19813
18005
15100
32533
19274
24860
9351
12047
9932
30860
7062
24585
26289
164
27451
31638
11729
12842
17712
6236
29899
11668
26918
21529
3064
17705
22107
3812
31133
12900
15211
27574
2149
15001
6248
14888
6670
1754
18220
11646
4706
13084
24046
1253
28265
22678
8212
2297
23517
5994
29000
650
25822
25479
32462
3744
999
6350
4885
29628
13313
6772
18316
23649
20790
423
2230
6867
23881
8052
8321
23071
31908
21992
15060
24667
16274
3189
6247
17967
2990
17304
25559
18325
14748
3001
23802
4572
15094
25427
20080
13043
23689
16468
378
3556
30914
18631
9231
30879
11875
32432
21805
26361
28538
25399
19310
18164
31892
21769
18907
29249
8238
11772
22276
22787
15980
25586
27217
18902
3342
12543
915
31504
1951
1742
24798
14663
29679
20800
18075
24339
2756
19543
3545
31252
6349
29011
27876
16695
11223
16154
11801
16438
8259
25053
18680
23646
8888
32249
4475
5781
31253
8731
29094
11931
11690
9384
24928
2960
23463
28764
4225
3511
21460
1073
30508
11641
19075
10882
16479
2989
14276
11120
17096
22294
14039
32389
31707
11053
31207
16279
16673
19489
9717
27375
7123
25629
11026
9387
679
9673
27857
3937
26090
30739
20220
30213
16847
3887
31366
19725
11015
5852
28353
20178
2449
20970
13009
14138
30164
21241
15201
25236
27627
12931
22676
21443
18752
26141
16446
26015
18524
7417
2133
11160
28413
17840
9634
17821
8809
8510
17084
11068
22019
1870
823
12810
2076
16313
1817
21317
267
5449
17037
29880
2176
1474
32220
14559
1301
13091
4504
6732
14886
31273
13083
22089
6115
21013
25904
27327
20899
22959
24847
11094
11900
13707
2959
12766
18448
9099
19095
11758
11177
26533
20181
22474
4489
30182
9651
2698
7803
32183
10119
18809
25518
14944
5642
13500
4291
11466
32524
12596
3109
8841
14182
18341
26009
11801
559
32535
22294
29800
14387
13948
18390
29589
928
16788
1453
9976
1027
19726
10394
11362
28275
19952
21660
20134
32268
56
19910
6488
18592
14531
4758
22996
19368
3695
28803
12674
17793
7805
18133
7513
11989
28729
27577
5794
26711
15324
26517
12543
28851
6321
31385
22955
14020
22135
8343
7171
23560
1543
1812
3910
31570
30006
10655
20889
18367
8701
2145
13390
6123
26839
11510
32101
12645
29291
29051
25171
26720
9323
15848
8195
26539
6588
12192
21531
13539
26071
24391
31616
17639
10095
14548
14876
13452
11860
6631
20447
31122
14487
10844
24323
8151
2799
8992
26517
26315
26715
30531
7217
21284
11529
4943
29709
2259
4215
9945
7736
310
21208
11349
14884
29071
22969
9007
31075
30133
32740
12311
3758
21257
7300
6044
3627
26540
1419
18172
8944
6639
4433
24378
15811
23563
23421
30322
8483
6163
20777
874
28301
6182
18497
10089
6392
16105
9772
19020
24738
9268
22959
15574
15374
27148
11278
21832
21069
24018
11636
14897
27262
14777
16532
20360
29841
6782
2449
31224
3920
32083
17435
11387
12191
23068
17628
29738
19714
11741
10770
30292
14177
2419
32637
5325
31240
30851
22907
11400
28658
21681
11122
8808
27975
22802
23918
12884
8739
2531
25867
13450
6809
17531
26006
19765
32760
2942
7023
14913
32588
25428
5809
13166
31016
21209
2325
4259
24227
23638
11028
10886
24481
689
31820
10569
20052
12000
25381
13766
23554
2467
28596
16591
4872
7539
17888
21695
12831
21685
29379
9557
19678
10292
12627
20931
21888
4558
25153
3329
29672
5998
15137
8295
19938
570
28876
31867
9388
5645
24834
19464
27573
23847
32596
15728
15524
23587
2369
30274
19612
16938
17824
25871
18110
26983
21310
25978
12272
15290
19143
27279
14301
20401
14314
9046
6973
20916
11704
19879
31575
3455
31309
11071
20164
11222
15795
19732
20341
30835
26627
10470
2552
17476
25293
11543
29174
14291
27066
18108
8193
10758
22128
3572
7308
20232
25526
3193
23611
21383
11225
21108
20830
14368
26190
19862
14008
279
10392
5732
30596
3660
11885
10194
22714
12138
27924
13588
18318
18530
30225
4529
28985
6680
27908
24537
2045
859
5327
30968
22883
19995
14327
17547
6600
23766
28749
28979
2327
19540
4557
17415
21720
23956
15558
29231
23402
15366
23355
14511
13452
29691
3465
9856
8995
11609
19019
19685
21559
32403
13691
18940
3902
27608
29402
24979
15261
26251
30609
6206
24428
24820
7960
1190
31609
18997
1879
19236
26768
1663
30731
30607
6650
14213
22892
10578
26948
26929
32269
17857
20290
30358
17411
9389
11858
15143
20809
27445
4581
25638
28515
2272
1852
30303
19010
2793
29552
23573
5736
14810
2741
3901
25164
13660
19679
13290
5888
590
11046
14089
27665
16148
15142
17742
21167
29234
6954
11886
7181
10009
27561
2191
24331
19776
529
10236
24851
3447
14532
16158
1600
2425
96
15016
3270
14784
5700
11793
6030
23965
1104
25671
19488
12679
19947
26786
1990
24500
28235
7190
28654
24294
3057
10926
25041
13192
1394
30005
1362
18169
15229
17206
1833
18728
15386
20776
15936
20577
13104
3810
16477
11110
17482
8789
10754
6594
12698
633
7570
24154
29759
16008
15796
24645
10691
17771
9980
19933
31464
16753
11465
30230
24484
23623
23913
19471
25706
32549
4484
18663
21675
25413
2743
8146
28317
1689
25983
30828
1083
22717
25177
9037
11661
13355
18983
31965
28713
30638
29142
29289
32762
21529
8510
23927
32064
8760
24905
10583
21464
21767
30040
30459
8126
23586
994
13065
15056
2685
12894
21037
22484
21845
14436
10164
20157
32614
11791
2647
32298
1119
6565
15188
26160
22675
122
17348
24665
20721
32529
15400
6380
18230
11397
12869
11631
20065
19751
8498
5227
2919
6249
12207
12911
1577
5627
10424
16471
1699
22067
25178
26318
21094
2482
1734
13074
24136
15429
29604
18680
18522
14089
9129
30255
11802
19923
22124
2760
13034
7118
27253
6902
19137
29542
7575
3603
7457
1381
10113
7908
5193
860
25231
12574
27819
16709
30438
8233
22688
6758
15295
27427
3163
7545
17155
25128
17947
17417
17177
14545
9893
14623
21243
8698
28146
29470
11408
22729
28709
9452
26934
15084
22208
19026
27805
22561
534
21414
29148
6908
7940
13479
28350
28389
17628
23208
16733
1888
12194
19953
23539
11409
27259
610
25324
12543
32354
7001
28992
29848
31005
9942
30463
6389
24687
5085
26158
19168
26000
26652
8657
17683
27866
30926
25417
28739
15813
10975
2528
17501
28437
32337
2211
20240
25426
26846
26224
907
27001
17375
1103
14216
22001
20844
7685
29065
10176
7365
14567
27745
3583
14832
29933
29687
24971
10404
29703
32583
26366
24166
19380
11177
27870
15346
13520
32086
6676
29148
28077
2344
159
6263
614
27553
18569
32502
28528
12591
1818
30161
21106
5038
5709
6251
7511
12591
128
23025
32673
8184
21615
22917
31232
972
30051
16796
20515
2156
15271
13988
19662
25949
31036
6379
3117
20204
14029
7612
16488
30832
15589
971
9335
3023
15712
26322
4408
14915
12576
30333
26814
19038
15873
5252
19436
18252
14606
7702
20035
13657
6389
25726
7161
28594
27832
6401
17995
4976
10918
12293
10772
7122
27530
32633
9373
5066
26146
7280
2743
188
16082
15375
5639
27266
32666
7082
15522
9395
19526
13354
9946
15653
9956
15538
14167
13232
22651
16514
22889
24373
20986
19483
2460
9183
6511
30115
19597
24233
6009
17548
2045
10785
22784
15473
29220
24683
6435
3904
2887
32392
10098
15006
21901
19673
32350
5255
16143
28894
7661
2869
29230
19524
32435
7236
41
19743
12541
18195
6639
4980
31823
32365
19249
4090
4881
23913
27580
33
11909
9102
15110
27476
9980
15419
23046
1403
23626
21830
5961
6853
631
18660
16707
26788
9911
24265
29411
2073
156
10384
3690
19761
25483
32092
23164
16336
25709
22720
30071
4525
1958
8412
4869
13726
2891
6089
14317
31766
8591
31800
26671
22763
12159
7509
31567
13917
25584
26098
2801
31061
15029
8929
12198
6890
16405
2209
6
31529
10364
15422
1535
20758
4208
25458
7788
23534
30919
16
30441
14767
21271
6818
7654
1754
12911
81
22779
11128
29764
6150
13691
31067
30126
4815
1868
32678
10453
31620
18934
14224
7845
27050
6137
28260
22730
23447
11364
4300
30680
31703
8867
15184
6601
21967
26777
13338
31917
15776
5871
12796
14749
28495
9131
5300
11249
10530
8964
29294
22707
17741
2676
7818
27219
5837
10768
3488
5275
3477
20501
15041
29926
26088
19139
29184
17037
26374
15470
9265
25507
29962
30162
10225
14818
31251
19111
3047
15332
27298
5237
24137
11927
26947
22442
3489
4843
19824
16106
18129
7117
4530
24742
29780
16473
27913
752
17096
15947
7054
20877
20137
8375
6743
14924
24416
7931
23195
25495
21372
26609
12310
29000
8767
11625
32431
3006
5724
982
27481
23855
9727
27207
5175
31039
3086
3737
5123
25298
1710
8683
21680
9247
24330
20819
30030
11527
7760
14031
18223
27556
5115
22143
9800
21284
4440
31761
12505
17624
32323
3196
8785
3976
11058
8177
21868
30986
1142
30734
12702
1554
2749
9814
1972
29772
13530
30430
8633
6824
7881
29512
2582
9206
10733
4597
19966
22450
29341
25975
16137
25889
16095
24645
30751
25757
19059
179
10648
812
5140
31009
28833
3160
4090
10354
15842
17979
25507
30400
3934
21466
3795
27213
410
4532
9690
2237
31745
8346
277
22659
31879
4800
1463
5786
18061
28437
27593
29813
30980
32464
9584
29240
20438
6475
19311
10536
5249
25109
13036
6752
517
11587
4215
21959
8193
32262
19528
3390
22809
21379
27592
26654
20634
14302
13396
10977
15201
17816
27453
1823
16377
5916
22291
10173
8707
21652
26147
19809
15579
21505
7742
3880
4472
32651
14780
5020
27540
30229
5569
21984
25101
6677
21951
19246
13964
675
24636
31876
22628
720
6358
26777
3773
15160
31620
16918
3569
27099
32030
24067
31798
27688
21792
26239
10622
10075
5291
9653
32411
19209
11980
32011
26535
8697
22017
23708
15779
25910
21241
20201
29534
17762
14492
27851
2456
7757
6475
19885
3688
2247
8553
18423
11227
16050
15130
5581
2526
1371
8010
12794
1886
4618
30706
295
3757
7383
30614
6993
2344
5568
2579
18810
13847
12281
663
2974
26836
14211
27377
15080
29232
25856
22539
7206
14610
9158
26548
30331
18017
32306
19363
595
18468
9278
1465
17564
20456
16470
14727
10804
20578
3688
14096
30621
7766
26939
8912
24824
30904
16897
24317
24113
23568
13871
6668
3959
9507
14220
9847
17903
18127
31368
32702
1193
5943
7888
8364
3539
30752
17951
3803
20524
24219
3415
16250
18620
32229
7120
14670
11459
6539
15600
6135
28655
17105
14332
21621
31441
1365
23085
30442
9618
18160
26375
5537
19170
24285
25318
17744
1842
10269
27610
24218
30755
4889
5300
15576
4158
31370
30305
23065
21221
16278
27511
27751
3209
28987
10766
26701
23326
753
12241
3222
6860
22155
13397
23382
2792
7519
5545
9263
16162
21670
29486
973
12544
24870
27304
31923
1419
3598
11158
3386
23368
29473
21695
26326
13417
1558
20494
10908
20805
23359
8351
20225
3846
22890
22298
4837
7841
25861
8256
8656
10252
18053
8643
19835
11691
20488
6491
146
17419
1592
29206
20152
29138
20595
17392
17868
19446
29738
29091
25706
8750
24455
22720
22965
20390
1875
18431
29268
1015
23574
12243
22203
6230
6784
16706
32428
17675
31495
28404
32253
19238
1234
1162
3739
26221
2006
18481
31695
7064
575
23158
21184
14017
29969
18524
31802
3606
27663
939
9133
23761
15580
13708
3961
19050
16736
8019
20072
29194
4461
32156
24188
32324
32674
8601
12524
11520
23952
13482
12137
20407
19228
23086
9893
7142
5412
9114
14870
24508
26470
2760
17656
28438
21917
26257
19601
23726
32748
3485
26552
21391
22144
7034
16280
9421
16498
3052
3506
23922
10730
8324
15137
30907
15754
17524
1314
645
19722
25250
19155
15874
11551
25083
26683
9392
2210
15370
17035
20876
28398
25033
27043
11395
8586
25271
29400
27177
25864
2602
28917
13229
22828
26343
11647
2829
7249
28912
1854
16262
15881
16797
6648
1615
17668
4590
4992
2950
19507
29472
23024
3947
31532
30078
26418
25548
24017
12666
32197
24000
24364
26364
6845
3992
27550
9978
18700
24339
32313
15177
14849
19409
7530
16563
18190
31242
2779
10057
16590
21888
10903
3322
12102
24754
25968
9829
26476
1107
2718
10732
6629
29434
29864
28938
16147
29979
30088
17382
1103
12598
19978
808
7795
17486
13429
9227
9628
16029
11885
12979
24110
22662
16920
20162
4888
29643
17024
22054
25945
15616
15160
12852
13507
320
16195
31483
1534
3102
7985
25810
2513
8670
19083
11316
10653
27110
24689
29646
15658
23919
13186
18645
19878
3712
17660
16797
2539
23325
31524
27240
20481
24764
5865
29820
28644
17400
11460
23416
2951
8329
9442
29927
14360
13684
1669
7702
17542
8575
4776
31779
18753
17384
29154
599
25921
5462
31116
12981
19529
3344
19494
19667
2669
26221
22775
24297
8402
23180
32500
27944
24501
8772
22243
9037
8622
21598
26816
17525
19510
29698
20576
19763
14696
17264
5460
31712
28420
12017
14864
13106
18105
25612
17997
27408
27556
26876
20651
9125
20756
18530
19355
3764
1680
9528
6524
25387
3355
19206
11268
3834
4534
3672
13026
15141
12583
4463
7585
22040
10489
16695
29904
6204
6596
7801
20064
14023
16046
10066
24909
14552
15922
29924
31873
8899
30752
24907
25845
27561
29925
18898
24345
29005
23053
16743
26486
24098
2054
18253
24209
13737
17703
22033
11283
31481
6640
24255
7464
9631
17044
1109
549
22697
22964
11128
20333
4094
8302
12902
17813
14321
1942
25900
25798
25365
24131
537
12131
4690
18830
25202
32748
17208
27030
7015
30243
14484
20424
11078
16237
12609
10845
1775
15994
321
18723
7048
22056
16652
24449
6258
23461
1832
10165
5499
29652
24570
19297
26965
24563
30684
13638
17479
32122
11120
12367
25378
32070
29235
30673
28279
5622
22357
7441
23047
13718
29896
26119
22651
30331
9367
2401
14165
23405
23673
27595
14119
5900
26534
17006
13314
25196
29417
16054
12850
9987
7926
10073
9000
32709
3327
661
30392
21901
6530
13753
19589
6847
14693
15846
22969
27179
11588
26135
22265
3381
32522
7775
2712
11571
32190
22642
17162
13335
11168
3431
21916
8270
21109
20668
30051
20456
12831
5275
30322
1784
32112
859
20816
13630
6464
4682
31402
16131
20925
12714
25412
19781
31235
15865
13365
26900
10733
5750
6996
26172
3626
31968
15342
24868
32403
8833
6074
21494
20155
1643
1038
1792
3272
2306
32594
24667
8834
22714
31414
22218
3242
7202
27680
3044
7309
32034
15464
20854
30681
31104
26056
7715
19118
7337
22158
13645
24568
1711
27668
1593
5117
25742
6642
1645
21810
15795
4466
2909
10067
15039
32069
26439
23730
18824
9588
19804
31184
16992
3993
16672
30506
29339
28494
5395
21845
12363
31462
15505
14157
23374
30811
29943
30475
28555
5768
2567
26709
3192
26264
14734
15834
5600
2495
31299
17534
20963
26408
10739
26867
10302
32302
26331
15241
26316
10446
6230
26183
12109
25180
27320
18746
29287
26230
17017
12557
7146
15415
27286
23514
21592
428
564
16448
31653
2956
28038
19126
16699
11555
19954
1310
32065
15504
17775
23710
12061
10032
2354
31147
17719
10842
1929
24166
4608
1101
9479
16172
4660
12646
21729
18792
26716
2455
4248
19628
12694
21012
29400
31233
6040
5967
31137
11643
17395
25383
13220
30224
6293
9052
23792
20393
20882
21575
11981
17274
29732
17352
26344
25231
12016
127
18865
20136
3978
18751
9218
17735
12604
4287
4097
24839
18691
27027
327
1327
13019
28251
23618
10119
25660
31291
7383
27755
26597
17803
20556
18717
18136
15055
26214
8288
678
6121
7630
3394
1260
12173
4025
20537
10270
24310
7880
4721
15747
3031
19757
29541
13441
16021
15888
5293
18203
11443
26161
6166
20408
18318
12238
17400
11302
9034
5575
16836
20958
18956
31232
10973
30602
20329
15111
22441
30660
14367
19703
9447
20769
2563
22940
9027
26478
6203
11223
25895
27193
24493
27204
24277
1172
1975
25883
3251
14869
23329
31572
21477
5409
19792
23311
20769
2666
24508
8498
2495
13751
31652
7252
13072
21476
5120
14042
1009
7721
9143
19551
17568
27295
23570
28250
4302
13823
6000
23546
32757
31405
25660
12629
10219
30966
15389
4546
11704
21654
15212
20867
22693
11134
27883
25256
23445
2516
32180
2351
18584
24378
28015
6768
25278
22867
3784
19385
16937
18307
27681
21557
32358
27639
25731
26130
21246
24038
5339
17122
29255
24854
24931
28482
31360
22177
13150
18874
16669
11001
16136
2277
26720
25898
26061
25810
29481
15199
2233
28585
19215
20648
24368
24978
27823
32762
9695
23506
11844
22648
14834
26423
21625
12016
29831
12727
27003
26793
23139
20308
2641
25436
29668
579
7792
7808
24887
20044
11658
2506
32459
23412
18344
7413
11782
27610
13176
7359
5686
26847
22248
12596
29130
19337
3571
12590
15298
25642
25531
18205
20836
17724
25049
21252
23601
21904
27121
11716
6167
19880
19849
12701
18920
9313
6171
11250
31243
11988
16232
7244
18290
30591
11792
25762
26315
4256
23648
20184
8699
26082
27499
2949
27592
20795
30300
3577
23509
30485
3594
27007
9940
11692
4813
5087
26359
29623
24721
12583
18599
14922
296
19627
28537
1531
22757
9035
10078
11076
358
25332
13850
10792
18097
874
24823
27929
31363
7236
31418
28442
4580
23608
3542
3361
16639
1432
30432
1727
2353
5149
835
29186
28000
28644
26677
9883
16526
20918
9705
25660
17069
15500
11014
14404
32693
12370
19545
26270
9461
31212
25798
23014
16550
17527
12677
24270
8134
20433
16011
11969
15908
28763
30533
3526
31927
15357
12172
32678
4659
2155
14550
22609
27102
7847
22441
11134
25760
18376
11606
24466
12378
5881
27107
26563
10617
5316
23113
27005
31435
12177
9952
20740
28561
5481
22039
6492
11221
23296
26472
19302
16126
5107
6795
30795
17569
16462
14058
13085
1946
13137
26454
19900
23388
22388
32248
23799
8069
29608
13450
18420
8630
21984
15559
26322
20897
1744
13599
29836
31587
27380
21936
22561
31765
29909
26994
2290
9373
19592
26545
4715
16074
4215
16833
31461
26785
4964
14573
4555
14833
15274
20656
26876
26670
26566
12584
32113
23675
31767
3527
21280
28681
32226
25676
2080
17056
24473
10225
8973
24443
25181
11494
8366
9305
12481
26623
1237
7889
5841
22186
29319
21478
31571
8995
3933
9691
32332
22763
13866
19529
24774
15734
15582
4718
6609
8483
20907
20424
15560
15474
13158
20194
5333
28018
18735
5743
6583
27000
23892
18581
8643
14102
32627
3211
29993
1099
20959
13926
9849
11512
17989
8496
21606
1427
3472
28475
14537
15903
16137
9396
10473
29020
31427
20603
27385
13371
2870
14130
1250
14740
18986
13461
26691
24091
19671
18185
8118
12433
6986
31095
24918
18999
30474
8026
10878
2952
29948
5911
18643
4391
28292
1678
29828
29975
3565
17902
24528
12330
31243
27853
24521
12220
25886
13688
4696
29600
762
10887
9602
18523
10853
21173
9193
29072
9665
20207
27286
22716
30443
7851
11253
5156
4706
32379
9249
23051
21932
5346
25186
13351
15605
24934
19445
1878
7162
8678
15371
17294
24101
8750
25875
20498
4601
10697
22332
2028
17329
31766
20534
23191
27428
7839
14393
25852
28908
22949
28745
5792
3783
9984
21944
14107
3901
806
7916
24524
12420
21641
30051
15819
11936
23846
28915
12319
14542
27226
22615
5681
22051
14072
19175
25217
32113
13210
14247
17816
25706
10548
17795
1342
18952
27119
4313
21484
16428
1076
25144
15492
14469
11270
17000
30272
22707
20118
4010
13544
22956
1041
30784
18761
30303
21437
32304
9698
11672
32324
26694
7136
23332
16976
17496
25677
27701
20311
24269
18820
13064
23225
21344
1256
7620
2824
6946
9429
21670
11686
15294
3799
859
27286
31745
29210
20909
27276
16794
15906
20322
9030
31774
29116
22369
15903
16719
22069
11799
19682
32413
31433
24345
16604
25581
1118
7691
22581
27546
9587
11968
30080
9145
21075
6306
5520
7330
1422
10581
22413
8364
10409
2711
19272
6455
29973
28523
31180
17648
24926
7286
23606
9040
28325
20393
13510
14694
27216
19232
32309
5079
30720
1866
25929
10787
30659
20555
168
1833
7308
21150
15082
23278
18144
23295
8945
22938
30673
19848
5757
3011
28720
6170
31483
29678
20479
9214
30878
11603
18981
2764
27569
26593
16485
4748
44
25986
23441
13596
11141
23712
29691
14034
30920
25576
24109
4193
23274
19278
28634
12289
31067
1617
20756
21962
10970
2944
28094
3937
4749
19773
6981
5847
4945
12225
18059
6350
3407
8288
15908
9694
6608
12814
27845
21303
14674
25379
6137
20103
10202
28763
30486
26910
19341
22817
13936
24144
29050
30989
15052
22810
19643
23211
14616
32009
27580
10110
30297
30296
6106
22852
17380
21848
21296
4220
3025
14613
26797
13350
429
3383
17002
16074
19311
24358
31291
23739
13997
3698
22661
16285
19984
23665
13647
19237
25350
7978
28571
32544
24502
7025
28406
17079
30009
19028
25422
29937
31239
3510
14084
26233
3247
6202
26434
8354
20172
3171
13967
7592
19508
5881
28064
22073
25202
2222
7793
18483
15479
13057
7573
23216
13964
3171
9675
17216
16011
24472
22993
20597
1103
2657
6269
15781
3689
3928
22281
29675
1812
32539
30127
23663
21868
31916
17013
10215
22234
24856
7755
12126
19667
16983
30803
21044
21186
24948
4992
30055
28738
17390
19042
2064
7057
31837
17728
12593
16449
26200
22120
2733
7729
22935
28867
3480
5308
6229
27820
5041
11824
31992
3842
4653
32642
10996
1660
29111
12352
18157
21309
10164
16070
31260
19625
29899
21685
17651
14710
27813
16289
25860
11782
10993
25098
21023
9460
22956
12430
5818
1517
27807
3932
1942
3777
13865
9196
7840
21177
14654
28398
32022
17452
23728
17024
22762
31821
25517
26787
22891
13639
20362
3568
10018
10892
3774
17543
13050
21353
7474
13129
30885
11231
31160
17735
16442
32686
5336
28025
8995
27570
7379
21172
22582
2418
19170
30678
2850
30967
5567
13380
17165
15578
28006
4246
7291
7329
25629
23440
23154
332
26802
2900
4828
42
30212
16087
31276
2033
23492
29586
4676
25614
1149
17274
16534
2618
23762
16177
3978
26190
16392
14462
7968
6232
3524
4347
2263
22766
19733
24845
15053
30658
180
2841
3623
10359
4235
3829
7347
4531
27765
12701
6604
21110
19525
19752
12927
29098
12553
23802
14572
27643
2960
6714
7918
21480
11305
15495
1022
14362
24494
13030
23124
17397
24001
26879
26448
20078
27734
27786
8985
19228
23666
1796
15236
20881
17457
8102
15927
12010
6670
31127
11790
13733
5471
8801
1981
16307
30751
9378
31159
5838
9712
21252
21327
14093
11360
16238
28445
8118
8300
12924
7332
9811
30019
14125
19761
8
12364
3804
2054
29987
7785
8562
27064
29429
28286
15833
13014
28641
21805
16052
10699
21938
7652
26445
21510
26161
19738
3278
19032
19960
14293
24501
11421
22913
13424
27010
30878
130
18587
4786
18486
15229
30883
17649
15028
22418
7156
32140
3457
15513
23260
25637
10243
22893
14737
14762
7872
10890
21622
13192
29127
3803
12698
5915
2636
24269
19329
10601
15250
31144
14632
18193
19214
15647
5955
14462
17353
6950
5833
5728
6406
16899
21682
21085
23589
2728
24320
14339
2503
8512
2812
31234
12851
7176
194
8088
248
29792
8191
26188
26580
5666
8698
27615
28885
31026
7377
13440
31678
31062
19461
24895
27308
24648
16953
10948
505
22026
26679
29761
32609
11130
27956
2725
11363
13094
3157
25619
28650
7265
19314
29586
9005
1175
5913
25862
11732
13021
24534
21855
11612
12748
7345
23312
11196
15248
22265
29378
10569
11324
9024
9290
32215
28256
11175
29657
21793
5598
12124
29555
19051
7417
7008
2211
26469
30639
8334
14956
2643
29001
27353
7042
30571
2096
24021
9403
6526
15362
31353
5056
13787
485
21027
8712
6001
21276
10972
10247
30003
2520
14557
162
6081
80
4435
16615
580
9747
14944
6139
8857
32669
31842
27475
19635
17449
22647
807
1338
3527
18497
23332
24440
20398
10982
27490
29302
1747
859
32149
10594
22715
27619
25223
29492
5261
25298
7110
5522
19051
21655
19865
9968
27906
1785
3385
29691
12640
18849
24382
21560
8454
4057
31320
12776
4671
22419
8767
18736
31408
429
12013
25206
20527
32627
5130
3086
27609
31078
31912
5910
9054
21308
20272
23454
3232
12583
11676
2061
8061
25178
17895
32703
10728
21706
1730
3315
19007
30257
3209
27109
25560
9817
23157
25911
16862
7831
13331
9621
23643
29333
10997
20633
29589
3669
13479
6380
30110
21875
23780
30639
25127
18347
26634
5401
8341
20122
31180
9313
31831
6345
5159
14046
15222
9703
663
19053
877
26710
1418
5907
60
8170
21013
24547
440
20973
14822
19234
805
614
3962
1450
20742
4762
6800
13708
16692
26836
12509
32761
12590
17762
18177
9827
16048
26848
3514
32479
28295
28601
28503
19406
13731
1770
368
14012
6254
24073
16085
29320
21596
31366
7620
18629
18371
20530
22111
5729
3054
17149
27996
31620
30061
30212
22271
17083
28334
3019
17989
17238
24786
15302
31843
17167
7865
24863
11374
6892
1631
26291
18268
9062
19564
13406
17451
11210
9734
376
14432
224
17642
12447
21683
18123
22971
6327
6665
10800
4249
24368
23202
11418
15350
18311
23444
4125
8613
7184
10872
9786
7732
5106
31587
1539
4732
23155
8984
28031
20342
7030
379
21072
29777
14657
28745
26003
29377
3972
2567
3848
11673
26519
23864
9075
26012
516
24531
23106
26768
22853
14068
18031
13973
463
9938
22184
4533
19279
16113
8366
11196
1843
5785
31739
26186
6252
11654
12199
22822
12402
17633
14220
4821
23945
17519
25769
18284
20036
9
23748
24994
28231
29004
15699
10793
16464
14737
26013
31039
6521
31
11293
9856
8631
160
807
11006
15783
24018
20686
10643
17802
3199
32260
20854
11661
27311
259
20237
847
22300
26348
16130
25757
23782
8366
22425
21376
18312
5930
15425
2937
13067
19093
12137
15371
27770
285
5780
19578
13973
18639
1200
3283
18121
20664
16035
30764
3680
23882
28200
27693
9206
23554
30425
31183
24876
23112
8588
13156
2208
25495
4579
7128
2076
2781
14879
6966
11021
8997
16693
7277
20791
27507
3876
14421
32168
12783
29573
4589
20970
12870
6756
18407
18813
13134
17230
8038
18820
10217
28331
19462
22719
22315
30031
31005
5049
20415
15947
30784
12611
10886
1801
14601
11040
24706
29080
28184
24322
14323
19780
856
15286
3263
19818
18819
20123
30743
8842
31465
17752
7000
10654
32109
14286
4655
9642
1488
20044
20481
14229
50
6146
27786
2103
25045
9657
9156
22707
18469
15553
3338
27911
2293
13866
19837
1249
6156
24119
18855
22197
26080
26639
6750
16652
7073
18870
18667
9759
22649
5180
5740
9636
21523
7220
21111
10472
2650
1640
1280
29982
21635
3275
28541
14326
4941
4015
10567
17010
20103
18232
23364
26102
28115
10513
24259
10142
28331
22109
17319
15827
15265
9713
456
3105
2283
7872
22934
4419
23070
30358
10240
31616
5434
26890
12692
22331
18151
31406
10471
3013
31742
31880
29751
6773
21579
25542
30287
21499
12946
18861
24235
30705
11727
10195
17629
29363
10178
9358
4911
11633
11435
940
1162
9346
83
3940
14742
14331
31819
3469
10531
27265
9080
5390
28616
603
3792
22422
17097
16587
5982
13197
2622
9119
24972
8778
26226
25859
11681
22150
9354
11673
4489
7952
26215
11468
32725
25027
461
2913
16386
17078
23236
27726
15358
19378
15678
28624
18152
10217
31227
27832
16663
18404
19114
21509
15711
446
16721
29368
2959
400
18158
1508
19518
7724
27999
21765
29128
26126
6271
18066
21139
30863
17042
8918
12439
32604
24547
30971
23069
23591
9643
23144
18374
24220
14389
24653
23504
5783
1088
12155
9877
5780
18341
28282
21588
14951
3385
25045
10292
17965
8181
8889
10374
29058
14676
9150
24651
13044
28413
30725
23030
24504
9122
4227
14195
29596
32552
25500
2919
5437
12808
13044
22458
10874
2037
25474
21843
4392
3519
7142
26914
20487
20087
7420
27236
21493
27604
2225
7714
3426
5589
2837
3067
516
9640
6578
4132
9932
24523
15645
20141
5656
8561
6346
27654
30250
32039
9508
11969
9177
2743
20445
28313
30086
28236
30339
29876
10834
23256
28501
12581
22926
5043
5204
27061
30324
12677
1181
17891
15380
11877
4085
23593
5520
32066
166
9345
22156
12418
14218
29736
22497
29674
20069
26274
19601
23998
13431
22526
25344
23337
31058
21595
1633
15326
14826
8363
21614
8448
25579
16567
7004
21312
17231
7780
29710
17477
3631
13876
19593
16208
25305
27919
30376
3360
27684
29508
3856
3859
8192
22731
20583
5519
19537
14029
9921
30112
26110
4709
5979
8674
20036
23721
20620
19106
593
13284
30200
18752
26894
18982
32007
23255
13116
5375
11670
28192
450
10887
6892
2196
17989
28577
10479
1745
4602
31617
29079
15423
18104
21612
7844
13811
24146
27071
2956
9428
15395
28467
17336
13052
15594
32095
12527
18529
30937
7039
3603
692
27624
5747
29195
25737
30831
18699
1792
32697
30708
14721
16844
7940
20033
12359
11695
13051
12986
11267
8260
1566
9198
22233
27060
31809
14700
24808
21802
24884
18392
25623
3463
2722
2878
13585
14934
20794
19365
17806
26882
9485
12264
31701
5702
16695
12993
9086
27622
17090
28199
23421
1693
9927
12506
9564
22614
29654
4668
31176
31391
4760
30818
1615
1370
6579
17515
30824
15797
4334
6416
31156
12637
28566
28541
16771
4591
23072
28255
24474
25776
25359
14143
9268
23165
21273
7694
18758
25605
15493
32513
16647
22069
24023
9887
19888
13044
6063
24
18048
27153
31215
32216
11780
9849
11292
28764
32149
31662
13575
16196
18978
1908
26028
14506
9776
23502
27482
27315
25886
17704
19732
15203
9134
16598
22584
12982
14785
14269
16478
10988
31074
20816
30339
23332
24326
29375
31591
28716
5906
15978
12595
10136
31902
10140
28767
8465
30073
28278
25555
23024
20333
6185
28748
1804
708
14185
11010
16591
32266
6430
9096
13712
24341
10588
1267
22044
15683
9365
21054
12438
26883
26893
16877
28034
17559
31887
31985
8988
6680
6751
17612
29422
4794
23919
17653
9633
13137
23253
4990
14612
532
16509
9460
5291
14753
19483
14215
22506
11586
11876
31082
30530
17007
11902
28285
6954
9108
8629
22826
30066
4116
2927
10892
212
28045
31074
15831
24269
32350
28676
25332
18347
24934
31555
31851
16614
16143
14199
13446
3507
18315
26261
3508
3543
26206
26021
21035
32441
20253
5750
9937
21180
18293
4496
17757
4811
21102
13418
8633
32310
8433
24541
32427
23740
27529
31449
13749
14057
6502
3415
13882
26786
22695
1934
32737
16894
3033
2410
7231
10839
12474
15930
23472
31137
9283
8361
22917
31739
26598
15087
2917
21380
19477
14152
24557
11376
9219
21669
12442
30555
26286
5026
2793
7644
24861
12217
5308
25950
24038
14517
4096
29739
26100
24681
16781
11466
32391
20641
16205
21387
2172
7513
27041
12896
9423
10029
5120
12014
16990
529
8418
1764
14576
13378
5340
9868
5493
24957
25868
19872
31632
13934
1207
30302
16466
10347
30257
13022
8777
23906
25341
29860
17081
20496
32566
29298
17449
1140
15405
8287
12833
24708
3668
28205
5683
32030
19035
16344
24120
833
23960
21611
30684
27005
26028
3863
17757
9640
27492
22150
20367
9939
17629
32365
22820
11132
25324
28513
14122
18438
3516
235
4821
12646
21689
14814
30847
8222
13741
27368
22509
24431
16169
22376
22996
23754
12839
24703
11931
19337
26349
26218
14947
12508
31029
21519
16965
27654
32650
2261
32474
3785
20981
5305
14337
6686
9177
31391
19932
29482
29980
27877
21276
9326
7815
14398
7295
16190
32112
20670
27030
29044
662
13617
2764
9061
10316
7345
10404
12820
5082
8824
4162
6566
26144
25586
10541
9238
32636
17686
30803
28714
15086
20215
21582
25766
25722
23702
12005
25535
28366
2555
6102
21202
11301
6532
23763
19030
3691
17276
27338
528
12962
9199
21609
19845
15236
15037
8674
15541
16234
12782
19947
13574
19820
24133
5129
5759
19914
11800
29711
16694
16779
31327
3809
3852
9571
28170
16510
5527
31706
30616
6974
17504
17067
30949
10328
13135
22378
10563
4518
13667
3946
24013
6317
934
1758
11256
32472
5217
27454
6763
17156
29324
17645
21521
22593
10632
1048
4460
14807
6417
21729
11308
136
17774
32445
4352
23829
30698
21274
940
7172
17288
28486
26972
5791
16883
21900
3383
13632
7348
8608
4920
26316
13991
23613
3385
12670
2480
12812
26193
16614
3242
4552
6240
5425
13728
30112
24552
14250
27712
23516
25119
6273
140
12996
31042
31179
31187
15293
6955
3019
20960
10678
3622
7792
28785
32450
24577
3102
31467
27910
21346
16818
19531
16086
14173
1984
10592
2587
23878
28958
1336
13048
8388
4775
27096
429
13863
26681
22831
20411
13052
2816
14925
4169
1246
7415
9937
14278
19087
3499
11424
18128
17223
7235
22493
31828
18507
15037
6421
29431
1218
13946
23481
11701
24516
18941
24786
22472
19637
31728
12784
15308
30161
28519
16483
13856
29959
2409
1198
9871
3851
4013
12857
9520
9383
9377
21318
32394
20050
17584
24870
15100
22019
10437
11437
13661
839
12811
10979
1247
28050
17144
31228
15929
18642
10633
12939
20485
24650
32463
22770
32358
13214
8106
797
16879
27178
8917
1648
3520
4248
28706
16893
16626
21682
23815
22779
18230
13172
29274
29043
11448
19814
16217
19261
10570
21801
24045
17195
26302
19535
3120
5764
1683
624
32556
31412
10965
2681
21222
23873
1598
6728
15259
24577
14241
2166
23625
25995
29833
23668
26225
16875
18205
9434
26395
25498
25414
2043
25884
2221
22292
17085
13460
21580
6750
2472
9146
22630
16809
60
25820
26531
22603
14984
22945
17306
9681
31992
9106
31557
25245
11887
7640
3505
8148
12437
9287
9466
26231
4723
19356
32119
20943
20797
28419
19762
10511
7022
14045
16283
15413
18970
31935
22909
2097
1152
12478
22832
26185
16864
9194
26385
19132
7564
23576
10799
22181
12608
21733
5447
16675
27062
20983
32755
23479
2422
9862
24606
13805
19948
5659
14267
9279
27324
12952
2742
11830
20314
23417
28971
10194
27349
16985
6615
31276
25075
6328
20684
24410
27523
19195
24168
5523
18159
27828
21127
19859
273
14884
4088
22593
31559
21247
11310
22416
26826
4718
30520
30371
13883
10330
16372
27956
3967
22504
10367
21046
30669
32576
7919
441
10245
19603
20037
6671
10052
17500
7069
21549
20917
31974
936
15187
16810
13070
27740
2032
20203
7242
16106
8640
6221
6634
24049
3383
19335
12702
19441
18466
8002
28473
5634
22924
13167
5044
22214
6366
19421
13686
26012
28747
6411
13778
1558
7787
827
12242
11182
15142
11207
17459
9652
980
6328
26288
18315
12962
16021
4228
24853
25912
23673
31786
7020
22169
24168
20071
3539
28746
14819
20618
7916
30390
30906
8179
1579
21713
26146
30418
394
19196
4615
29233
4990
1321
7844
31029
23850
23615
3152
10656
26835
18112
30619
28059
30869
15529
32153
7859
11604
4761
14974
23073
6645
4150
5739
27214
5837
17868
21640
27030
26969
25912
6227
588
5168
8709
21816
28671
25399
23764
23649
9724
2068
7681
31951
16148
23269
9091
27050
6816
4913
1556
23253
19138
3358
14739
7110
14317
28389
27814
31893
7591
17028
2979
22866
17549
22451
27313
11164
7576
536
23338
23151
8864
1982
12356
15422
8222
21444
30449
32578
19510
16722
25859
27665
20213
4817
17300
13938
8151
26972
22693
20592
23692
20593
5125
29613
31995
12781
885
21753
2184
17975
21001
13859
12434
21691
22225
18959
29760
22682
30393
7945
12670
23967
23982
857
18242
10614
21250
6168
11540
1304
11538
1602
9165
14986
10278
2572
25503
6855
9368
18551
27477
8187
4153
8997
21724
32753
32496
32363
21251
17103
13988
11689
15487
12801
12892
31190
18482
13171
24741
30303
24237
25859
8501
6194
9459
3126
17869
17173
9343
11817
6756
16701
13449
25547
14465
22812
2182
15946
10729
30074
2030
20427
7802
5063
21313
11358
14679
27824
6732
30513
14661
2800
10153
20484
85
17513
17797
13532
16068
18803
24485
11260
17695
15988
1707
18961
16810
5041
14486
26797
27907
3939
4745
8438
27139
15886
20429
24224
23781
15630
14872
7960
32170
4978
28432
12546
10683
3342
7947
2022
14545
19404
10521
30758
6418
835
14404
28468
30333
4747
17942
31745
29063
28751
9820
15289
10502
7459
42
32429
6991
4120
22559
14737
8859
20878
4074
5863
4272
14410
32525
15547
11709
31945
2273
6801
7813
5843
21467
21404
30143
6483
1549
6448
29885
101
10992
2426
16205
9649
9824
26223
1757
20216
22760
14594
28898
2796
22848
13466
15482
20549
26388
28355
27471
4881
31495
16163
29119
17483
6136
23473
12859
28592
16772
1313
18413
27598
15308
22434
25758
20574
30840
5068
17878
9939
21756
29652
1349
2355
3609
24835
18529
8998
3239
7526
4945
18765
28563
13766
17162
6868
30500
20442
29368
24907
13698
10428
20575
8881
10360
22426
9410
6610
8313
10414
4740
2260
6369
9328
20621
6668
25982
5898
25519
17174
22863
11276
7049
24100
19083
29281
22188
28054
6117
23682
20989
15819
4879
4329
1883
22839
29821
7881
24449
694
15467
27388
15149
10784
9505
26940
6018
3870
2678
30103
20906
1596
27283
25117
19905
5183
25593
3292
1262
21432
21702
4622
16083
22745
32563
28304
31272
1928
22370
9878
18594
4018
24151
17566
8730
994
11844
17570
29419
15890
7177
16274
27036
1729
4603
27393
18367
12869
2020
16671
14872
10339
15436
25831
31746
2589
4855
5785
18959
27083
15535
19563
26607
18797
3140
17275
15763
21312
7376
7433
20369
143
11583
23523
5835
8908
21775
22048
31564
735
30293
28433
30322
2750
4353
11637
8274
11582
23394
492
11352
41
17389
20911
6446
15504
16442
6525
6111
6498
3407
15577
28221
13374
17697
21874
22656
31878
27992
5859
11823
21685
25427
6812
20036
24050
18796
10272
5771
8677
22909
19826
27211
3785
16547
23497
3112
31170
26689
7307
20296
7025
20552
21113
25525
15046
24246
23335
16898
31254
18525
1200
31282
31342
30438
27559
27093
18726
4117
30033
7540
19385
591
14865
24879
7636
14937
29731
17573
5548
26210
18061
5652
25237
27204
28755
6337
31185
26887
16363
31387
17829
1958
23280
19739
19122
19734
11803
1390
14211
17285
6510
18390
4707
16096
11442
590
31089
27799
2084
6765
10486
4260
13676
12940
15349
5066
3278
18987
23300
18202
31396
15761
19803
188
14604
26803
8235
30188
20958
29015
22577
30275
31969
31865
24970
27704
11838
21230
12745
18150
26932
14663
20551
12560
11022
32504
14522
14690
594
2234
19465
20473
9788
23085
17247
15654
8810
25282
22911
30063
27353
4568
7767
28375
27664
30245
10455
23392
27547
27736
6915
27853
19643
8444
11335
1452
3420
27040
11787
31636
3911
14645
16008
20140
409
13239
7642
31340
32372
9488
22870
17320
12532
24377
16669
10186
5989
17314
23537
20831
13747
31700
19784
13781
19489
9557
24991
16514
26174
29899
13585
12009
22038
5221
10280
569
28581
16759
5875
10775
6289
28004
1625
19613
24
26049
15276
20387
4934
18359
29314
1853
364
17065
9408
11652
25807
28183
6391
1946
25501
14019
10996
23528
23845
10002
658
7594
30534
3764
11475
29102
8232
19847
19247
28760
22571
17849
19756
18666
22557
14638
26671
10754
26544
5665
16786
4965
30763
30477
32502
29946
22367
22990
12507
16154
3805
20995
19310
18439
17254
15032
8609
10937
10403
11074
5761
737
23830
13161
30917
10792
16977
8909
15522
23223
9574
24450
2023
23293
19358
4094
17477
5804
14190
7221
11246
18693
14758
18946
1123
7254
8940
30921
31622
25281
10601
16475
23287
19518
22210
30489
1437
15843
4682
25437
29571
11876
7030
7189
8166
11222
2193
23729
7564
28344
7600
20544
17751
7731
4073
6101
13081
10657
2240
4144
1194
23373
32226
6810
3896
2169
12566
27921
32479
678
27760
11685
5241
11791
20167
23842
30136
24951
15466
21743
17266
29476
18447
23606
27195
5932
10252
6213
24889
29423
3018
23605
19252
2533
25974
7113
11757
26522
31737
1432
13233
10998
22827
2159
11053
22210
26691
18417
14724
2920
22675
17536
29343
3578
6258
14945
19397
16502
31865
31770
7275
28489
26354
19487
8525
6161
909
31150
13757
3495
27477
17656
14139
7517
17635
20097
18247
6532
13521
5577
24435
27954
12914
19244
27580
7490
5312
30983
24346
23195
27542
18460
30294
2486
31008
25400
7452
25434
24463
15891
10577
4778
22289
17271
24742
29794
32768
11940
31854
23390
9561
5108
8109
32348
881
23739
29553
29442
26339
14961
23909
23075
14285
21779
1187
8510
17724
14534
6346
32071
25828
18110
3920
682
15125
11614
19226
32398
16106
11168
25162
30038
20164
9144
30297
27246
26870
16628
21093
21828
23746
13543
17356
26516
1925
20422
24825
2281
29230
30738
12926
11105
25332
17783
29283
23984
14153
17141
21950
15975
6665
7229
5252
13431
27128
14942
9119
4336
25707
5024
21825
32271
26693
12976
21367
24440
25893
14590
10497
1984
19166
24676
19553
26414
3368
16392
24882
6083
3989
22659
9147
27255
3526
11075
12996
22982
21470
24877
11176
1387
23351
17543
19628
7020
8020
4630
4495
21078
16151
25987
32355
22730
15924
17668
3227
24120
31462
4152
28260
6379
11233
22098
7225
27974
31367
22393
24753
6733
3422
13679
22172
3943
5826
6001
3407
20321
15319
17759
18236
1207
26562
32285
1734
11023
24345
3385
23891
29191
10135
25550
12450
15664
6165
14504
27231
25946
9397
29608
17908
7955
15201
26730
12451
10858
17524
9254
28625
12281
7094
21204
421
28450
5518
32660
27602
8600
25715
13388
27825
14369
29348
15507
17043
21659
1049
4046
32085
9533
13497
9880
3637
1312
9933
16232
2531
1534
30133
22125
20700
18233
16601
21693
4595
15903
25315
15023
23344
21356
10540
18821
11486
31248
8051
28751
17120
9011
17365
12
2116
13175
14073
27409
26907
23933
15500
5039
30343
1450
8173
28176
4373
4907
20777
31074
3405
21046
20009
21559
1672
19347
11306
28716
21506
13660
21870
10441
21552
24833
20273
16809
596
19086
7135
4059
2638
11569
3460
21127
20149
16631
7300
32469
5414
1494
5772
778
19676
16368
14792
17653
9089
2326
4183
24457
23620
7051
8188
25547
7468
14859
16918
8431
9900
22796
14290
14269
10615
27972
20127
32058
11925
875
10466
28805
17847
1346
32491
18431
28104
20436
27688
22958
27588
32508
7321
25316
973
4647
28292
29467
18556
20059
23658
32292
29813
377
17209
22913
574
2751
22723
10511
30289
19600
26223
32488
3951
27512
7215
12935
20792
32363
4018
13101
7417
5197
15322
22916
19653
12984
5232
31874
1223
12793
535
19857
11990
6747
23166
16365
21578
26281
10458
32589
18958
20462
23188
14789
25335
1663
9278
16619
7252
31803
13004
17977
30919
9234
32001
14002
32083
19140
18727
31176
1205
27883
15107
6014
23800
11836
32264
2506
25412
22026
24523
15677
4599
29963
28343
1253
13558
6239
28930
1395
14406
11726
18399
23449
17622
32082
4854
438
8095
23509
10257
14517
32495
31547
13080
30770
18946
31651
4671
10719
30419
8682
17022
13351
31281
22385
28738
6161
32277
22305
98
9830
21043
11180
9556
4118
19151
25365
21665
21976
466
7026
12438
23313
11805
19697
14908
8183
1309
29977
24459
26358
23200
1874
14811
18771
29415
18088
4251
32527
15100
27852
29765
24078
23366
16987
1425
21624
22618
3171
15594
25184
13844
29476
17950
22179
20711
17939
17497
21267
24945
16677
4692
23509
24146
14153
21194
30216
12351
17974
25900
6567
27730
30568
4757
31409
2212
29285
1792
28039
16158
9285
27321
27285
4748
113
12305
30004
10739
16043
26966
27087
30245
14927
15106
30533
21906
22232
15923
18319
10849
3493
26459
7075
5824
2302
17721
24216
21368
28754
11272
29706
21700
18882
8438
17856
12643
5348
6615
21644
32748
704
25883
20595
7778
28447
19965
31758
6152
32518
20734
24368
7542
2173
29842
3274
17133
10132
6681
11
30952
9384
23312
21707
29427
4067
18057
24361
28864
13826
4824
26227
7544
21083
6032
1863
31055
8734
9134
248
347
15579
1043
29235
2470
22084
20024
18659
32130
19765
17181
26961
31260
11249
24194
20624
30548
32175
26202
13848
29388
7509
3709
28849
20799
24963
1181
8851
27157
18899
30843
28875
28980
4447
29786
18912
13080
19076
6580
32695
22310
26598
5677
14516
7229
22196
25797
31778
17295
3630
12113
24021
7599
14436
25644
3341
28138
22592
21546
19102
6107
4294
27853
2638
19258
29083
25276
17279
8693
27844
24688
13582
25730
22961
3377
8314
26739
10618
65
16457
15691
12392
29783
32167
7056
10423
20302
10577
18977
21146
21023
15281
28106
21888
1293
24650
30486
18070
13343
20567
8804
30861
4051
16559
15933
30877
17937
26348
11237
23754
10078
22988
20016
18278
11346
20696
23191
17367
28492
1859
16523
24730
28260
17940
6922
10888
10657
22920
24687
27992
29037
30129
17550
23910
31045
20068
256
3762
693
26194
30652
23852
13444
22901
25575
10799
29228
9902
3310
4939
18316
15532
12241
1607
15585
19983
4802
22118
9971
12493
30446
14058
18316
19669
23707
16087
21038
24051
19827
23033
10501
3316
8479
19240
26139
9226
28696
9163
1227
25202
10426
21659
16248
13139
31387
15274
30079
19434
3098
21411
11625
29924
11835
26707
1894
779
690
29800
13303
17189
18493
3193
17130
23833
16695
31559
24203
29268
26731
29507
18201
31595
26662
31056
8823
10498
1936
27849
29732
19436
571
20678
20845
2196
32253
15003
9697
22939
4859
2466
7174
9666
6663
19515
32330
27915
13612
30224
9276
20763
18054
19358
16380
31971
18775
9969
8176
12159
16728
31150
14521
28254
13389
12375
2918
8868
25052
23243
15335
9676
11679
15884
27588
402
28536
13125
11535
26384
7717
30732
8599
8487
2068
21476
6750
1568
3704
14086
19277
11411
5788
13921
26407
26504
9591
2271
14268
19933
22914
27114
1631
20712
14022
1327
26777
9820
31033
20385
17695
2417
24906
29121
9474
5951
11963
10013
9510
19051
15791
14103
7157
23046
31236
27368
18260
32690
7394
9445
5846
26887
26772
32000
26160
22581
22167
1681
15342
14314
27633
9047
24676
9846
10180
1977
24806
15405
16419
21586
21308
4364
8484
26797
27984
17824
25143
21325
17706
4900
9654
753
19742
9962
5821
7446
24644
19708
31035
7612
29481
11778
73
9325
15556
9318
24251
4732
27564
27831
17909
24203
15240
13643
18177
16719
32454
20777
18910
8088
28816
4645
3866
21899
25339
3661
28579
18226
7554
21636
20186
23096
32692
21613
29417
15597
15401
32139
14166
7824
16314
22950
19929
15566
6385
9840
363
27270
29631
12904
12192
29647
32109
255
27702
828
17621
31225
750
27743
27346
10263
19354
32651
14069
19187
1144
19166
25722
16427
9918
27775
15226
1985
26998
23077
19042
26562
26252
16857
21411
29478
5670
26620
17323
30712
5171
9867
17173
6327
25671
29090
14620
5371
10150
1343
21078
1371
31135
8265
24479
3727
26139
28881
8530
20434
11893
5527
21184
4234
20620
22736
2522
28971
1047
2086
16177
9049
8761
3585
4641
27981
11094
12293
7496
31865
24356
5852
28477
19311
6917
821
31615
7935
29332
21516
6060
24223
13949
16940
22772
19473
23955
29939
26060
24127
1052
21590
4071
17258
30063
15396
19042
20099
29634
29839
20543
21465
12861
5096
3860
14581
13651
11690
10756
15298
3409
29370
10479
13554
7991
9965
10214
22940
28616
4043
6882
16426
9437
16531
31157
11378
12542
26495
26688
26403
23859
72
12007
9315
9496
4077
5954
15798
6448
19889
277
17186
15227
23906
17283
10129
2635
32481
11902
3190
11603
22239
16514
28851
30977
13541
25731
18107
15374
31383
19492
13811
2899
2105
14889
2911
32734
21106
20783
7546
6981
1360
15002
10085
17978
22669
14800
24388
7520
30993
32677
19430
93
11191
21013
7588
5937
3412
23609
3723
16838
5110
14964
3517
9671
13673
5870
14868
20150
22272
27203
28681
5177
27281
13436
28372
15029
23746
16958
22741
542
14467
21057
4915
5902
9180
12036
18627
6676
6633
4287
5163
12622
1571
23450
5447
22586
9440
3612
30155
25033
19742
29670
8490
24757
1916
28833
13239
27157
5769
30517
25866
26159
21569
315
29094
25485
2261
6838
18393
8275
7851
22013
31715
15823
22438
15356
18266
21074
26535
3228
6092
19774
6228
25472
28839
24929
23064
5362
9302
27009
26218
22301
10413
31544
22355
2940
2695
7171
22570
15506
17581
19605
21411
9180
32250
24177
17160
19460
29373
18359
709
9047
3423
26942
20522
4729
29254
31460
21613
27479
760
4642
24814
17502
7300
30436
16575
5099
5406
14999
17252
8194
15625
17795
25815
5698
26298
20059
14032
24600
14906
28690
28482
1844
22476
20977
16425
15929
3536
5607
23683
25017
9703
288
20124
1376
3416
4824
911
24943
23730
32114
12298
13420
691
13764
29265
27928
5737
3254
21894
12450
5271
1803
6695
4378
3162
26494
26584
2088
32524
7953
19555
2558
30569
6050
11261
17547
7152
3263
1739
24306
16524
26299
14244
19770
15220
19457
4121
3143
336
23721
30130
23049
19613
19529
25723
15859
21586
19982
31423
30127
21956
1803
29204
6672
30151
31440
10647
4168
15638
9791
9593
7003
13301
15515
10171
8659
24852
15074
17973
31670
12215
17757
8669
23733
276
885
9030
11942
27900
28104
24679
28724
30142
17020
3998
27605
13129
5075
11253
23293
14736
9472
11939
18834
15923
2362
470
19871
16731
14606
4271
26444
15845
4601
6286
7438
9412
29750
8081
10267
10144
29397
13399
17697
5827
18957
23306
32055
22070
4051
19356
31508
11815
21163
25936
16510
31374
6847
31613
20486
32273
302
24463
7923
23588
20902
19534
25468
32372
27189
5731
4922
27014
19804
17943
9692
17563
6758
32351
28701
6360
24567
21782
10995
2979
31976
137
31497
6224
850
32312
3184
3325
20969
5851
5778
20154
22412
25508
23655
10478
13594
14532
31979
11254
12678
6448
10191
24334
13358
6053
2670
18805
14696
18665
2308
5836
30046
11093
6170
23231
6429
10128
19013
14312
28136
3741
26128
28144
15058
14616
6199
4856
10380
11196
5654
31799
6011
25897
17504
6628
7181
14564
13844
19030
5454
23456
6061
26730
4534
1212
23194
6437
30277
18700
13549
7322
7123
4828
18775
9742
22177
23346
2900
32603
7219
2132
13219
31634
15202
5514
22777
31972
23213
26661
246
4547
12496
30144
15704
27972
11160
8134
10607
16072
30965
26677
23505
11483
9809
25505
8270
30556
18976
3195
3622
1247
27576
23443
20090
24399
7523
18908
9985
25560
31923
8047
7420
10755
3350
13267
17516
26147
8362
892
3970
19185
17235
16017
12887
11891
23562
13555
28381
30242
30840
17274
23830
3659
30403
9858
899
28854
424
21926
21472
32390
4810
19659
24590
12640
28489
26209
23377
26575
21143
10981
15291
20711
15239
14762
4072
15145
4007
11994
23788
19111
2256
10935
6282
23145
8443
24103
5031
3342
28758
16496
26877
20662
12696
21056
17428
23072
24721
4592
5230
23312
9989
1289
258
30708
3002
31496
12269
16582
6096
27998
13923
12596
26193
8379
17643
31743
21001
27532
25548
9633
13720
17859
21442
12850
29125
1494
26358
27276
11797
28426
26157
31918
1949
29937
22080
31582
8724
22577
12748
275
20268
136
27434
31249
16418
14349
19106
22998
30100
11193
31963
16309
24980
21797
26006
20161
28666
12693
2716
15596
26878
27190
10997
23920
25094
20900
22107
10862
12476
23215
6383
4565
5220
27743
3882
2438
2413
14134
30229
11958
31557
28596
3005
29843
18546
4641
21473
9770
19679
4998
5359
16264
26227
9213
8495
25119
10216
26154
16445
26732
11739
16394
19644
23767
18975
10475
23113
22491
31063
6332
30638
2406
22212
31879
24920
29059
603
21564
14348
3126
11547
23984
4053
29863
16285
28901
27457
17283
20205
29068
30412
11424
21400
31176
6301
8160
22278
8757
10352
29015
2826
2857
25556
19632
32696
2874
29334
30668
27511
9984
3965
10413
14679
13852
10551
29331
20900
22904
3988
3684
20667
9937
242
593
8220
11635
11257
27831
9665
14404
31112
30275
32174
28932
13038
12122
29130
18643
22622
23736
9197
18932
15261
30551
7738
14032
13054
25490
15791
6718
30864
9098
11002
11521
2454
2249
21902
13458
6711
10533
9463
16161
29047
6887
21610
24790
16742
15405
11425
22108
20375
2445
4070
12448
468
18427
3181
28118
8976
1517
26854
9150
29853
14269
24403
7973
24480
29518
31255
7342
23233
3826
18256
32466
22567
10123
22119
9510
20387
20977
13286
18652
14635
31636
22409
653
2955
15971
14487
23862
4951
11244
31858
6784
13860
21444
29549
3140
30199
2345
22495
10062
18686
11238
886
13153
6526
30839
3789
15484
525
9070
3904
10588
6657
17429
26367
6978
26152
21077
23393
31478
16826
15318
25979
22284
21387
21608
28914
30566
25477
9634
32013
18938
9302
25032
21518
3285
17766
32242
19651
22880
24844
14187
19032
29923
6913
2136
28271
2631
789
20378
12658
12576
4128
12277
21800
26091
18236
27249
25991
22419
25393
14336
15306
11835
4145
26210
14275
12087
4038
15430
9073
25179
22792
26802
29909
7289
2323
420
25090
4901
14264
22010
31604
23995
1139
5775
16546
1956
28573
6823
25302
6100
21475
17293
10813
12695
5111
17274
12602
12942
20613
19385
27136
29172
14953
26121
8800
1318
21791
32067
31199
11619
15739
22844
32268
21200
18586
4589
24849
12479
3864
15825
32391
5936
14467
24463
8847
26008
6928
22233
18206
8930
909
22676
15256
22196
14743
12857
27297
2035
5133
23675
12848
1161
12741
8490
484
22118
10877
22615
13212
2500
19476
185
21058
10416
14330
14159
17127
4038
29925
21063
1045
60
18629
8991
30560
4898
28411
9226
26943
29159
32453
5269
19226
30752
5629
18826
21412
8837
7172
13332
31083
28476
12537
25637
31662
4955
7470
2581
28014
10664
21724
15244
30407
16035
25621
32673
16513
24006
22267
26179
15843
1035
29232
11992
18631
7087
20365
16933
17396
25909
13079
878
14247
29103
11310
15582
7283
4665
22280
11049
18507
24774
21086
27759
12766
17951
15717
22116
32291
8488
20992
30638
3124
29541
28468
18574
29535
14014
10204
20163
10106
16511
10654
14507
14200
21923
4125
13228
23098
21586
30832
466
15783
5800
26836
4793
19455
29368
24733
9134
23404
31697
9331
11025
31707
26880
6842
4861
22281
17621
19538
1836
22241
19050
23937
23060
1541
5026
4909
17750
24235
31919
14415
2393
31658
24791
30628
12338
24532
5239
32166
30664
18311
16456
30394
10037
14463
481
15787
21359
17390
30077
20055
22311
11983
3327
20648
497
29815
22579
20422
17062
22381
8791
29067
20742
29819
2266
16952
6818
3077
28515
26726
30458
30106
29973
21823
26338
29129
20242
17645
25386
20022
11325
9043
32381
4077
1605
10491
24202
6133
991
17488
20578
30249
20562
8974
31777
24131
3129
28662
31697
29498
15236
6342
22923
23758
21697
12392
14559
23392
21914
16746
12151
19976
158
9390
4342
24290
10308
12387
12838
18856
11052
21299
26451
28806
1449
28606
16882
13097
7293
3144
20871
15386
9443
10926
27589
14410
19923
23711
16374
11502
3713
26632
14749
24460
15911
4048
30298
1110
22788
21702
21263
9912
5796
17112
21569
45
13667
7813
28097
12630
7981
1685
28043
4429
19335
24071
3566
1847
723
4683
29421
8728
26319
4529
5862
25324
25696
1570
27249
27891
29326
10254
11147
4172
17103
15781
14324
25285
18056
6730
24277
23282
11729
12868
30118
8572
17273
5815
13391
3260
19017
28115
7309
31368
16269
15180
28824
31821
9937
3338
32003
2398
17129
24609
14819
11148
24628
20995
1843
23031
5153
29173
2167
30244
5617
18111
25504
8015
5311
23720
26416
20482
11966
28577
23454
31206
28099
1473
1020
5082
27907
3569
4567
20034
3101
22249
4191
24993
21339
29275
2759
11115
27956
22637
29167
3348
22806
24429
1345
16749
15203
23488
17113
7216
28346
31772
8936
26585
14967
13816
8794
21944
21117
22080
24758
13381
1075
2636
21830
24499
13516
29971
24441
8392
5324
9372
13957
28139
11463
31670
31824
17023
10092
25577
30609
111
31939
23468
14642
4106
25267
13528
12538
12818
9927
5981
30056
14351
21810
7220
17122
5865
20752
5269
30223
1974
16878
20841
1409
10961
31373
32514
16023
24876
15587
26890
18849
20455
32611
15033
14662
16929
6014
3915
10531
23822
28010
26290
12213
23113
7458
21128
10105
15468
10414
28487
4945
12767
8100
32188
8746
6637
24559
12473
5596
24605
21455
779
4433
8639
20769
10667
4586
20933
32225
30265
6174
20180
24045
15781
17253
8091
28171
5936
25940
18788
28718
1939
20489
29928
19701
27773
25545
21864
11893
15427
8168
1529
14392
28115
15081
20768
133
7403
1511
5790
12002
16008
7988
17293
25560
31136
14399
4268
19958
30739
29371
31480
4121
17376
6397
10876
23786
1172
13734
15209
27559
12553
20099
7529
10791
2380
18097
32049
20504
27871
11269
27733
14220
24865
29610
15201
7860
23562
27148
14885
14058
10011
23029
21072
9461
28309
12022
12353
22153
20714
5897
28185
20750
625
26484
29973
23970
22877
18673
2331
13921
22000
28427
12946
6372
31468
24267
31351
25095
2635
2196
11437
5872
31279
14668
5269
32589
13852
9916
26591
13532
101
6970
21408
19505
2020
1157
24484
31412
1518
27120
7173
24041
30854
3523
19708
18420
19665
15838
2296
13660
3531
6047
31981
20495
27447
17158
19183
9126
11484
26903
14079
26347
26094
27008
5669
32408
31947
4988
13247
7522
23272
26103
8472
9526
22794
6899
9020
11715
15289
554
13067
21560
21489
28405
17293
14415
6172
15724
17029
19082
18749
13007
1865
20412
30830
15653
9168
15820
140
22050
19469
21942
18481
3406
18299
7890
24546
32100
8442
10073
20618
12536
2265
11813
11815
14941
7476
6584
17092
710
3200
24704
26023
5291
18020
18010
21195
25967
11978
4948
5777
25151
1847
10167
25010
17469
599
4421
22904
28638
13789
1471
14382
25488
24202
26282
20949
31137
10890
12883
20760
348
32263
1553
16514
29557
26105
5578
13295
17831
11579
15544
9792
8603
18404
2925
24403
780
2260
30485
30259
297
21901
3580
17291
18234
19525
21840
22625
135
4153
13351
19712
15221
12355
4035
31798
2035
23471
32021
32448
21780
22859
11137
31491
20989
29885
27873
7421
22018
22041
32460
19066
5132
30643
31000
26507
7486
11826
1437
16180
30424
30438
17724
25701
18267
92
1569
7979
24302
8495
12100
14888
7936
12576
1334
17473
1327
30825
11290
6806
23912
10575
2801
20151
24400
6135
29724
15637
15075
9338
14107
26550
22619
2875
32667
26925
20308
3961
9648
5066
22829
13344
21343
4366
17073
30437
9055
5473
8439
16785
7456
31751
19846
1437
12813
24401
28093
13824
8207
272
2419
4933
23890
5967
29914
32224
29003
20802
4521
17090
24314
10361
11130
5675
1132
21081
29552
12480
4997
26061
24350
17117
2044
2361
28324
12844
16039
15536
7707
21879
4601
5222
1588
8890
8137
30568
28699
893
7252
13962
24738
17248
22150
4001
24219
19704
20853
28915
30853
10457
5935
4332
19820
29428
10421
11795
7434
14884
12103
2876
9010
32259
21218
31742
17007
16130
23048
5479
16872
21689
30399
22255
8838
32379
25820
24491
20313
25134
15745
963
11576
27993
9189
22054
19880
19583
12115
31356
18688
27820
13942
21341
970
15181
24531
24768
25451
6212
7063
25270
13831
11836
27283
5208
20895
9530
5765
4861
11900
25461
16281
17841
209
20584
25391
22755
5532
20005
16351
8798
30413
23788
15034
379
6826
7420
10707
3988
8818
8873
10239
13499
27712
20655
21976
29868
31795
11462
11272
2049
204
25207
17092
5541
30359
26669
12950
8331
12046
31375
29280
32160
16058
25101
22174
26110
5787
14009
5611
31074
19658
5721
30407
17632
22621
186
2711
8661
17547
20039
6637
286
7953
29913
9738
30343
9683
3793
9121
6278
30663
22629
21214
2090
19727
5943
22695
13646
31333
8236
32034
13074
17340
28539
13175
12428
16932
1796
20183
27066
24815
1764
2237
9403
13842
13382
15475
3903
14798
25211
31705
4157
8591
29262
24930
25060
25108
23441
17247
2003
7376
29948
11392
30092
31888
28216
15767
31014
17759
12342
23712
15939
7078
6085
21759
32066
18072
15972
19720
10934
29133
17748
13508
15126
12845
22258
4594
20150
21008
21060
19789
23029
10404
21714
25869
7608
142
5815
10416
1048
20948
19703
25082
13656
21242
1555
3899
31002
9579
13531
4816
14290
8475
23940
31724
12410
875
6394
19609
13960
1357
25207
24825
3101
7336
25429
23506
11391
27902
12577
15433
6857
11084
12784
238
2273
31025
6902
31737
27307
31571
15700
15571
18812
12031
5426
13017
27602
17167
20238
27996
9538
30737
14163
7404
25265
19365
18478
14806
18119
29479
18845
29675
27297
27022
14281
20355
5830
5268
25493
5058
2141
17688
375
28186
5789
5824
6791
28433
19588
29410
5077
17477
19148
15013
16384
21421
1563
23651
12036
7201
13690
22610
12372
32541
1288
30820
15145
22466
24815
16235
12569
797
27800
21377
12011
15788
31259
26535
24490
31262
5626
26796
1528
5467
31502
29009
12197
3012
705
18858
18304
5052
25982
30151
31085
16743
24422
6036
7352
6065
3397
10238
6313
10899
5572
19287
30553
13970
29408
17660
6851
20872
28570
20021
18462
6310
11760
21596
32107
32698
18701
25154
17738
9646
26557
14542
32017
21073
21283
23271
16671
347
26030
4244
29550
7851
26185
9570
4200
22482
9170
26119
17916
9941
25806
8516
240
31279
32603
12304
25721
7702
11621
18674
24585
19199
28957
8879
22376
32100
7591
10789
4358
31429
22547
20343
24208
10221
9359
11882
13249
5238
21467
5647
8059
24463
25853
13219
23318
23037
12085
25779
25592
2400
26675
29827
21349
28856
23176
18609
26777
16935
24667
16662
30996
24057
30301
20205
15158
17121
31487
1847
7947
21381
28130
13406
10600
5437
17294
11032
1335
19480
8552
26254
16143
6177
5598
12222
24328
30688
8421
21533
21709
21539
8357
12161
27122
30974
30322
3391
11912
8208
30719
9360
5103
28680
206
13370
10732
5480
14315
364
12795
22665
24026
15849
31975
21727
14030
6504
18071
13695
25884
571
1067
6878
18414
22832
22600
3548
12860
7349
8623
9217
3576
20287
22549
14598
16265
7404
11055
24983
23931
1127
6156
31575
4213
1804
26791
32293
12139
9292
20925
29342
27668
9299
8924
12770
9119
30185
15549
21147
10146
9110
16851
26428
4947
9226
13604
29063
250
2491
31576
12114
13222
21968
29199
9354
2335
29246
4472
1656
18461
5937
19488
27715
7863
8109
8455
26807
25886
4469
5113
28996
30859
23596
27
13898
17014
5050
30917
20628
16393
10737
11407
26658
7636
27505
32431
14379
15298
17352
19074
5218
11596
3294
1384
21369
2540
28049
13013
17123
8661
2972
24229
2015
27361
5309
4528
4530
14795
25367
29855
307
7070
16597
5374
10637
25453
3856
146
3649
16453
21490
10988
618
28512
29724
20798
19781
24219
6982
20590
30704
21290
6181
8553
10354
26763
12178
28602
11772
31672
10984
32347
8815
22177
9646
20170
17693
12249
24182
15968
29396
21136
3844
3551
24345
705
4019
1866
29361
29100
18965
13817
29542
22151
16090
25836
22791
32625
8947
22368
29617
28327
22519
28576
18253
22522
17349
14366
16474
4737
19307
706
9709
21131
30022
4738
27893
16343
30315
819
20676
15368
12102
25502
21707
27987
23425
13783
5029
24955
31015
18890
32600
23807
11018
9751
30423
10898
6754
29472
21707
32459
7094
7263
23442
17438
6912
7166
8840
25355
4876
9377
26758
23189
5153
7559
28585
15606
7651
9425
18005
25745
20600
3105
8569
29992
14570
871
11284
32079
15564
26104
28664
19488
26913
24033
15310
20273
10361
20858
10842
3267
9309
20286
12032
3644
21997
27609
19335
20184
2504
18051
21278
667
23340
10125
24220
18826
27231
27961
22028
8986
21069
15055
13161
13801
8562
7661
25254
16300
23034
7711
25329
16744
15655
27311
3385
15334
26100
6847
9198
4193
30456
13204
4104
22913
24460
26933
28490
20621
31792
19765
22472
4828
5675
24525
29863
23436
1650
14126
24612
1399
32715
12564
24279
26979
17458
25247
24633
27769
18812
14943
26725
21241
4410
2221
18203
11051
14304
25154
16394
25753
32551
4354
2127
26491
22447
1817
15673
16499
11753
2121
14415
13434
32308
32130
25748
20762
29766
9908
30985
19679
6606
7905
15476
19464
22615
26230
13920
23937
21104
26587
29029
17430
22538
10825
12969
24545
31265
9948
19111
19460
415
29673
25391
1182
19837
14993
28334
10487
23595
10902
7344
11774
1074
24686
30627
5366
8216
29078
4062
31340
12675
4905
22498
4460
16290
3761
5599
24308
29897
31037
3706
18857
16219
24756
19661
20937
31213
25448
11183
1377
24232
26094
1078
1216
18927
23342
9595
11051
4162
21174
31133
12242
27491
16724
31753
21251
17079
14307
25848
27550
21230
31845
11833
26825
30951
14674
21808
7140
9165
14128
32287
24256
12935
21604
23716
27147
16463
12104
1411
28687
9376
13949
3494
20381
10838
4995
6754
29507
16913
9094
18172
12485
13274
29307
876
15563
5129
27756
20576
1752
32613
14608
31876
4475
25230
30111
18177
6857
20632
16612
2883
10506
11513
19860
23040
20403
11429
28382
9078
16533
29303
21315
22260
32083
19155
25000
7067
15641
19082
27818
1638
23179
21757
12337
29032
24060
19846
19784
22613
30689
30739
14380
24132
32645
19732
19618
24755
18942
17560
31886
15308
27999
23730
19650
9191
17455
24354
5140
14415
17690
10801
12467
13129
743
221
10171
23378
26794
9782
25350
6569
1595
18440
326
23053
230
31930
27728
6088
31844
22646
10683
15340
4106
23947
6570
12509
7233
19471
6118
20239
5174
5320
13104
1809
4051
29517
28373
27851
14829
29544
17026
2052
28351
26047
19546
3623
7831
1971
26950
26950
18639
25225
10124
12383
8959
9671
18340
29918
16497
225
16199
2404
19925
16405
29384
9671
13622
12436
6311
3162
15917
4066
31588
5230
32341
2687
3473
15896
11774
3527
1067
13109
13606
28951
27434
22956
1189
14897
26711
23283
4007
226
8286
17621
31071
13794
29220
10098
19194
20731
31834
21639
17874
10861
8531
9199
9701
914
32018
24938
26757
702
424
18334
27473
9833
11709
11355
30563
29584
4460
16931
3275
25432
5460
4842
572
21493
14315
6170
19718
202
13590
5082
1348
17873
19447
3984
31319
12862
5894
9124
27539
11871
10852
27784
14647
14535
27756
20725
8611
32427
23690
32119
24261
21388
15440
14635
14293
19478
20166
30663
23362
73
8706
19676
5356
14550
5881
9304
13459
3020
7061
25679
14479
11379
19208
23547
4290
29304
26719
9217
3532
23627
26458
21493
20605
4294
30587
12577
19856
9231
17757
14978
14742
9151
26183
13844
28976
11844
8705
9040
12673
6532
3814
14066
13539
27842
13371
17407
2009
12742
9919
13831
10822
24888
21379
167
20700
28238
27900
10323
23254
13735
11863
18514
20458
21366
26892
14858
31353
9442
4278
16766
29194
30893
14626
25365
10742
13076
15014
18077
22628
26871
28852
19343
18808
13882
18094
12949
29384
21355
1788
73
23312
11941
8285
32064
10790
2996
21882
30535
30000
28537
2753
10220
6932
23184
9840
25665
17712
5937
14064
31196
24652
7764
21349
23842
8652
22553
27267
3270
27946
15206
29603
20108
11684
4306
13846
10579
30770
23746
6841
16466
2491
13521
15305
29602
30088
1142
9977
27132
6137
1249
1474
26565
8567
27685
8187
5959
19881
6044
27817
9794
6891
13703
9496
23715
5628
12790
3627
4243
3574
27368
27632
7091
17540
28594
21367
13734
28239
20389
20197
22481
6073
15339
1988
3678
16846
178
27549
23175
19319
6541
32457
2577
31473
25878
20868
10262
15230
15321
19267
27400
25435
28269
16456
17395
5617
28388
1395
29442
5711
10598
30299
17733
7640
20504
8605
24497
2873
7746
3956
15209
32159
22194
22154
14140
12326
347
29454
25198
10644
11330
5127
25787
5191
13211
21224
10137
21100
21806
2404
9406
8818
4864
14723
32226
26558
10544
15350
16838
27553
6943
10408
629
10887
7123
11669
8393
369
21918
18399
28978
20389
21754
4894
7603
24739
6840
8952
26925
12892
6490
6899
14304
27551
8637
30854
303
5844
763
17270
3747
29932
24975
6240
11315
31896
2490
16785
11715
22969
16678
21022
28138
280
23498
30514
10744
11352
6157
29602
24376
21033
1582
31175
3442
28350
32483
22412
692
12416
27968
10438
5202
23812
28635
964
26924
570
5422
21543
14639
18408
14140
22516
9759
30039
14968
29416
4499
32589
13282
19468
5185
12858
14963
27017
31355
19638
26555
16060
27130
7723
19401
24717
5339
32207
22603
21501
7655
11734
1782
11007
4631
32485
16168
25481
6999
18377
16076
15594
20619
1385
2687
30558
18128
14073
10480
12768
18436
19057
11661
23103
21128
11582
22108
25460
17988
21815
16678
13875
25324
21970
31707
4032
31618
21912
29746
17156
797
30678
2704
4064
22248
3734
19499
1217
26989
10445
6255
7797
13076
20694
13729
6717
3046
3871
6338
11811
21143
1315
25782
7053
1220
13464
25765
20499
11385
18153
1442
2190
18166
26854
5002
10865
2227
3771
15663
18269
8865
13342
9142
32495
27827
27853
31038
13021
6557
22840
29379
16705
22492
21370
4417
14644
1014
26766
1564
15775
20483
29120
14015
2638
1132
25185
9091
20294
15859
7615
13779
22105
19699
26965
14735
9975
6633
20286
1453
7239
13108
1264
6182
8566
26649
10790
10512
2128
5386
29726
30983
11789
1320
6405
24274
25197
3334
4016
22596
17671
17072
30604
8799
3293
30444
15576
7360
28213
21439
19729
31799
4772
17459
28590
4277
22380
2392
5902
8811
17928
8329
15791
10800
31492
24304
9120
26915
28434
26189
57
9106
22107
22258
31753
795
2579
25362
1808
25617
12368
10044
24366
4642
5660
27683
23260
14390
28616
13728
19482
1945
29572
17146
4008
23133
557
25700
7289
21754
21094
18887
10085
19256
20970
11970
12062
27727
12577
2032
1125
31308
19697
5481
8830
4278
27350
32395
27617
15986
31541
23290
7986
30436
21997
19685
6259
7767
9520
4235
12921
13727
29329
9470
23708
26876
2653
29223
14515
1602
10543
4107
21824
7735
10175
4940
22503
21821
6395
755
11301
10033
3673
23404
2622
8850
30315
17106
27255
24294
18868
21102
14470
12889
31162
6522
23367
27304
22108
15658
25776
3389
23910
23021
32263
25244
10339
2544
25682
20733
27826
13539
2320
19002
16860
3329
11046
20716
8741
23882
31772
22737
22881
3347
9609
1650
22025
31937
17100
4610
4238
8146
8957
20872
31981
30749
26404
11841
14980
22106
20648
2367
30244
996
21514
21335
12903
14782
17362
23610
27204
2260
10186
7394
16864
6020
5227
304
14759
22621
5781
29907
6044
7719
1923
14187
31469
12579
23805
15342
19915
18836
18895
5963
2424
4989
17019
16974
162
8109
14891
12996
9199
26105
11241
4063
29913
15561
17426
1500
6844
27094
15880
31970
20013
12337
18984
14126
3726
32648
4092
6765
21983
10405
8369
10345
16087
15159
28107
27368
20788
28885
6167
22225
26703
18752
10977
27281
26611
15336
5992
3005
13167
8882
1167
26617
6890
16889
18133
23832
13047
4563
5255
11397
19050
11413
18997
32225
29289
1689
21346
29933
19654
21310
2943
24235
5260
15153
11035
14784
5335
18411
5460
7709
489
10363
6545
18398
26747
13190
32115
18802
10065
19084
25352
10493
10001
620
24386
27898
17493
13611
21672
23589
8191
24817
26188
29848
18893
30804
5885
24116
31021
2009
26813
23618
18514
21688
4214
602
9607
22752
4584
12420
28355
16443
22502
6814
27518
19251
7362
24318
6340
14965
14086
28760
31624
10229
7780
22241
27962
28978
15600
3252
5788
5819
24717
31093
3281
13554
24741
20789
17590
31248
19486
23190
20598
15721
13193
24624
7001
7154
25500
20787
6109
15872
9186
21837
5128
10834
19889
22478
10236
19026
20317
19978
29388
920
28587
15614
6542
2736
25992
16951
15538
21277
6139
9200
22418
16541
6745
11387
15945
32175
14520
21730
11721
6995
10405
717
8744
24081
12826
23974
26427
23612
25770
32508
5990
20856
11519
549
31922
19322
24198
14120
2080
5135
1385
31962
21310
31840
5310
1606
24567
28020
17662
3922
2735
25078
14008
17568
25232
11577
11654
25267
23582
13177
30529
20563
4626
30564
21361
14386
2149
8408
28423
26063
9643
24815
18511
27035
22178
22329
3872
18523
4107
23624
21846
14797
8888
21874
9089
14990
5607
30162
17887
30011
31694
4240
25992
18134
29815
24674
16873
25196
21198
26707
7795
22517
6137
20932
14484
636
14567
27568
23015
8576
25132
12084
23208
8601
11788
27982
10346
22623
213
2533
9484
14215
32627
26633
29161
15183
21566
27517
31567
6173
13846
13170
22579
27490
26034
29334
21026
29637
5429
2125
10619
5246
28162
16190
27100
10239
10450
21778
25306
26074
27652
12152
6389
24543
25652
25197
17098
23172
19214
27578
9867
1163
20580
18366
27565
20958
6527
17261
13536
32190
19123
12185
5700
30748
20278
22897
15322
16967
21299
27719
21561
32456
9241
8342
4994
14474
27449
23619
25237
9535
30352
10275
3717
26366
993
7870
3146
4401
16904
14418
9398
29870
31882
6171
7339
30500
9584
16082
11658
31161
12630
18036
25070
4849
31167
2884
10907
8146
6571
26131
16305
28742
30828
23487
8742
4800
30389
26106
20850
802
29172
14668
2444
16607
4577
11355
7446
4188
5207
9323
16340
27549
2916
11041
21859
26141
16796
4492
6184
2045
14514
17510
11398
25697
30281
13718
29780
28440
4871
32506
13966
21883
16363
8804
28490
24215
13793
2786
23534
5774
17300
13123
6049
18746
28036
5590
23551
4116
21592
18805
14865
30548
21877
28610
24444
32346
6607
22705
15352
30541
1791
32583
6916
2562
18071
17313
1497
24095
22450
1591
412
12416
24271
2146
32215
22489
10207
13852
1834
31901
3740
15623
4670
2079
16669
5298
29435
3832
4263
23575
21499
15016
17607
12392
16958
30336
9373
24843
8479
25535
10875
9443
6790
22779
5551
13521
24416
28866
20124
28538
19532
27522
20752
27211
18071
26790
4305
5051
25963
15106
3193
19152
15171
23665
644
4069
21410
17596
31912
12970
14597
10174
9573
8556
5910
24262
7132
15767
19746
317
14820
22905
1229
28809
91
17224
8453
23344
7610
359
6452
31553
17132
9189
5306
5104
14945
20295
23194
29312
30046
25735
26995
30310
919
27228
19379
25771
10495
7100
31751
2706
1503
16287
28182
29563
1317
11783
3950
13831
1279
9789
21694
7293
28073
23133
10055
11372
10884
21524
18061
20882
14695
5801
29266
12285
17465
8762
28868
24944
30912
15433
17654
8712
4788
8567
10637
12319
19480
1166
9148
25457
10186
32453
17010
16253
19032
21824
24017
1327
21781
14295
27363
1979
30572
23832
14216
18636
10869
8079
8883
8158
19142
69
9430
28904
1164
12934
15515
13887
17882
5351
5077
25015
11072
15240
28854
22795
6816
28567
18242
4479
61
18453
32515
3779
25109
16349
16639
18715
15729
27874
25063
16061
25274
15544
15505
13434
17294
23126
4264
27041
26387
8474
14755
17185
30859
16653
20979
12781
9257
30825
5761
22693
13859
1624
7767
13426
12297
15103
15005
19762
18517
18619
4808
12501
2115
15018
20750
15878
31715
13422
29469
526
10348
24365
4876
11766
15571
10204
15506
26348
12444
12990
8822
30185
17649
10279
18502
6800
7153
16006
29772
1368
23114
9634
32190
15597
1802
14116
19253
29396
7602
4182
5472
2894
1676
31018
16890
23680
26943
15486
27385
26832
3489
21918
26121
6290
16076
5899
24632
14052
25716
11899
25075
13782
18040
10784
20273
32207
11958
25389
14318
19500
23844
29079
3291
25897
541
3352
3156
7429
13048
32634
31634
31841
3295
3090
34
1002
31198
28811
11669
21303
19515
25317
7034
14068
9222
12476
6025
25153
21232
25550
18465
22357
12897
4024
21237
17255
8132
11520
23554
20942
4902
9560
28868
14951
1023
29985
13225
3895
4175
1583
23494
3409
6637
10188
23752
29946
19996
18431
19246
11532
19296
21006
20662
13720
22928
22081
17685
11727
26667
24297
16107
28963
18159
5793
12534
4009
19624
9172
26502
9666
24647
23935
31281
22266
6195
15672
1479
28720
25572
12912
17033
29944
29613
15093
19093
7229
21209
25786
9381
43
26618
7387
26361
1355
20350
28636
1682
15600
17539
7986
9889
18131
3053
12292
31807
30202
5557
22322
6750
15582
18563
26263
14848
9420
11136
8075
21159
21644
25189
3756
5900
27201
12249
21727
10771
11408
29177
401
8191
22276
19768
25155
8162
1457
31081
27461
14680
1048
25882
7617
17013
843
8996
3836
20988
31570
22144
29913
10706
15308
4188
23455
9650
28633
21614
26875
545
6456
14217
20553
4005
18093
19566
23567
9778
2470
21220
12490
27877
28445
23819
11502
18933
32704
24301
2600
3814
2896
23638
9190
13567
17223
10470
1817
15871
26813
28260
12089
3340
4492
27989
5258
19436
18611
11213
28575
12407
3576
1670
22044
13900
30930
22575
5312
8388
645
11014
27298
22820
15247
10409
2490
32023
28739
15401
164
12635
180
6753
29089
3258
28628
9350
15071
12092
28125
22783
29690
22939
25072
18038
25794
6391
14076
13615
22847
23243
28642
31384
30450
32032
18135
11042
30558
12032
23561
7760
27591
13614
14213
30989
28218
26388
8792
12867
25549
30717
6900
17833
13352
24708
26838
2269
6724
31820
4966
22194
29299
12274
16415
1227
10657
11072
15343
22377
12761
7076
13281
26497
8203
25312
24825
12050
22284
9730
11103
12213
25566
18583
2241
26486
28466
10268
6642
2018
26667
11189
19415
9057
19557
31778
32643
17606
12598
30702
32161
9509
29235
14313
14610
29668
10486
14297
9432
25877
21023
30573
8499
31235
17305
10098
17417
14347
22559
14153
139
16814
29694
22169
29206
1508
18204
16193
20055
31154
28729
23441
17075
4094
25973
7353
16614
25507
17938
5505
32490
18369
31100
11579
11802
12886
16262
32502
11671
13587
5623
14581
15339
30824
5957
4192
27628
27874
13984
7480
24803
9910
32050
12944
5614
6046
11430
1787
13475
6883
27367
16705
16118
1979
23338
15702
4189
15830
18478
7564
31282
24628
17346
31751
32600
12857
24457
20593
29473
19203
25338
24048
32623
4859
8874
15701
22042
16298
23758
22423
4498
16847
16123
25727
2246
22958
31025
16804
6724
17834
536
13722
12961
16150
28809
29543
4635
14665
3664
29238
5501
5872
2097
27984
1603
18857
24361
8263
13823
4045
32501
4980
26875
17548
7641
3236
21536
30272
18842
30735
12822
14075
17868
23946
13229
23394
8020
13821
20348
7103
6437
13590
13512
19281
22093
23359
26023
6631
25909
25550
15460
5037
4132
25468
24614
21317
5894
11033
27853
6681
13932
17022
21021
17136
8147
4034
11806
17088
18217
32433
9922
11203
10637
15481
1737
26317
29015
23463
8674
5853
7000
29778
17427
23282
355
5270
12378
25120
28171
5445
29333
1506
7599
9944
2207
24242
20660
10924
9916
1751
21266
11371
6967
32639
7442
4039
5449
27661
29014
18031
21309
6068
7193
8763
31698
31045
14264
6058
9953
10565
6769
1167
22847
32323
20843
20231
30693
17256
19703
28846
30286
15696
8726
16915
17441
28952
1339
6761
15888
25017
25170
6015
9728
14228
13824
8690
26218
1614
3117
417
9473
9437
18368
5729
26773
19427
6057
2290
22071
28219
15653
2098
18846
32722
1853
26257
19657
7865
10128
11205
13030
21112
17491
28351
23155
21924
27542
3037
23203
7604
19401
2913
8195
5392
21886
19490
15453
15211
10865
18049
28124
8275
32197
31647
8562
27654
18832
25805
29815
27272
32154
30532
31123
19698
2914
4119
17629
5389
29538
23653
836
24351
14228
4563
8495
32261
22325
2873
17504
7554
14281
7580
7454
24279
8031
14685
21139
9108
9238
11183
3699
31405
13536
5198
27614
25552
8070
25455
19848
23798
14317
29682
24343
28217
1175
5599
17868
10213
5228
7440
17510
18129
25019
18475
22083
29424
26236
5076
1481
19491
17880
20000
516
14673
12011
32332
14224
11706
23752
29871
28858
22664
22461
5869
16610
29351
23513
15470
16164
7895
2220
12046
21559
4096
15950
9238
8084
27077
19363
16748
14299
3931
20956
774
19059
21660
321
5284
24177
17751
4910
29631
16060
30443
9564
28092
20334
6164
23138
20070
21117
13060
25468
21147
24474
21942
22410
13125
4953
5247
31580
23693
14739
6886
24364
9547
30473
16053
30060
6848
13897
18768
1731
13447
23510
27462
10066
1225
1411
3622
4411
14513
22816
30868
2148
32031
9816
30875
11128
7073
24538
2117
22063
25503
12215
8297
30928
13269
11019
11717
2292
14342
26848
23628
28556
12015
79
11457
6181
19579
12776
2181
1387
3125
16469
18350
3820
2050
15417
23896
11295
10000
18270
7744
28837
14602
4880
21903
7630
20878
7620
7155
27999
30688
29694
9460
31123
32480
30833
30342
26207
6457
30567
16090
12282
32220
2403
15482
17053
12461
2309
27797
16264
17275
8239
29591
4933
9014
12390
29693
16688
17756
6779
18280
2103
18869
10602
19952
17631
25664
9346
18362
13447
9069
19654
27853
32241
26252
18836
14113
8958
6278
18564
4857
16313
715
21651
26995
14999
19595
10369
14686
18942
31273
119
12875
29443
237
12013
1511
25976
17145
30923
25480
22822
1918
31950
20997
20567
17199
10798
23499
25496
17654
2686
16685
31420
6886
25299
9468
5924
17266
28712
26456
4926
32476
17153
8901
31564
21744
32335
32642
25447
8945
32148
20758
24259
17876
9799
12843
31796
13484
26746
4767
27633
8038
12986
27609
12953
26038
23863
3929
3443
31313
20517
17299
27642
1629
26977
8958
8857
24869
25944
29032
15027
12306
20261
23436
998
17111
15353
21734
19089
32747
21952
1990
22419
30012
30977
2980
7510
24866
27142
21939
13837
18321
25918
6072
5945
26516
3807
285
7794
9462
1487
5697
23396
14914
7621
4627
15128
18159
1196
1503
30837
3540
22344
11112
30214
30690
26907
7478
25853
12049
17290
26929
23928
26011
8252
12655
19460
7529
25283
20299
22623
970
21886
11447
10627
13675
11709
18387
10975
32388
6951
5310
14056
27471
26201
12715
19152
15550
25296
8504
10133
5485
14345
32508
1086
29398
17894
25183
13666
18116
10324
25519
28137
17674
7723
30576
32022
14708
22358
5107
11718
31230
28211
21802
10994
18756
4156
4794
3451
15674
6632
7250
30503
32285
10700
4155
24294
29097
28422
49
29275
9869
14043
22642
12439
5148
32159
15636
8744
581
1749
20891
21074
11717
16536
7883
28060
31899
30266
2747
10639
22204
5674
5931
22970
30473
3867
23063
22009
18558
2146
25741
5623
9132
31136
3003
9714
105
26018
18508
22718
28614
15493
8181
23309
29249
10526
19786
3053
32316
19865
6615
16018
19118
13151
7788
18774
12825
29246
23992
1534
16828
21188
27929
10047
18697
28651
8115
1921
32089
7164
26560
21730
1503
3245
25126
15998
986
4748
16463
1774
27407
24481
1077
8206
15991
8527
17084
13315
1333
29052
24645
16253
3018
25330
31616
8506
17804
11524
31361
17100
25173
14964
28183
16027
27768
8084
16217
10029
761
15276
23425
21413
1021
2460
20990
21898
15231
25538
6340
31690
27205
16158
27367
1791
14610
8628
30056
29424
27678
22578
17999
31067
27331
11987
12793
12786
28537
12675
8884
29603
29700
14148
1673
23324
11756
15568
20313
6799
12078
21120
14636
30386
32561
8556
19141
5387
16379
19412
17530
32618
13221
11455
28994
183
13836
15073
3600
16109
32458
4802
15199
13927
16229
27677
11534
31323
29125
32390
3183
24228
27372
6480
16539
28356
1505
29358
4360
22057
31469
29208
22109
7599
14090
31217
11652
25191
18329
29798
24833
27031
11859
10137
31875
13825
12674
5375
16057
616
31857
26630
23911
17745
9249
14332
20409
8711
25661
8492
4823
27361
10320
31050
7353
6343
13622
8977
28989
23539
1745
17706
3447
10741
13821
26704
7496
27898
31429
16562
12082
14413
7895
9880
23146
9758
29749
586
2863
17027
9262
12078
26971
10172
27277
6704
3384
12219
4368
8038
30356
24292
16155
27380
31256
27665
29102
24878
6357
2521
12181
20989
30240
21778
19934
31620
24480
3220
22672
8195
7077
30272
29594
13051
29115
5441
18442
24979
8576
5522
20863
31290
15282
4288
8161
30606
4492
4082
24911
12924
11859
28454
18521
32681
3884
1469
8816
15377
3376
14394
12954
3311
11714
22343
9323
22236
19744
28665
11056
12346
22329
29012
8557
21203
703
19218
15498
20670
17020
27040
10441
4227
24809
13162
8571
21630
31229
27480
22900
20873
18243
7320
18364
6357
29231
29599
11399
22809
24754
10346
25191
15087
12300
24074
20417
23674
20962
7007
3198
12365
32656
16676
4098
17288
30656
8491
31586
12100
14908
6890
21457
14642
13824
24887
16732
26494
7572
19792
9688
3066
21912
25374
8216
2680
12704
27323
20323
24183
29507
17201
27428
9219
16239
21125
740
10198
32255
14068
31350
17091
22416
7548
5745
1109
17808
24990
11492
28851
26775
23139
20036
21958
6395
30877
31401
31646
26015
6767
14138
13330
29963
14351
6118
3495
31938
19915
4438
11700
17103
10058
10015
5571
23970
28693
19003
22585
9754
11605
31674
58
4067
1247
1973
12487
23554
30061
27780
16169
22958
25646
16944
19603
10594
9090
13867
8963
13872
22270
28479
22889
22872
22711
28101
779
23577
957
15383
28200
19399
2021
840
13787
21534
10956
22546
11075
5078
6680
21519
23009
8055
13057
20268
11073
9839
25361
19804
28125
28258
1575
29833
17214
6337
26050
7888
14692
26270
15740
23789
4968
28351
26837
31988
1376
31217
7730
26947
26499
31134
23334
29620
9358
19618
26095
24855
26470
18011
2116
18655
19454
11263
26446
7451
6011
7219
7412
28328
15254
5337
30299
16805
10562
2857
31661
1576
13967
18947
9498
2351
7119
2691
24861
29146
19447
31447
20481
7895
11336
10061
22691
30749
28462
31152
31353
2269
5736
17109
211
30133
24681
625
31585
9000
9470
24877
8182
8267
25906
4349
31115
10688
4719
1965
2183
22760
20709
18365
14398
21333
14639
11118
19895
3710
23860
26141
13234
31671
5196
12240
18409
12384
21157
20239
3479
24156
4068
29941
26935
12485
271
8070
18830
24797
10666
30275
25067
5960
2080
21756
22958
28025
24933
30950
5383
9067
28634
1005
31488
23953
31089
19019
23742
32527
4369
7770
25091
29738
1852
3750
7928
253
19951
19015
14122
26734
21449
8046
12754
32609
6768
18493
25433
44
3121
31196
4123
12874
21734
27081
11372
14931
16925
15727
24024
9771
28278
6139
8623
2426
15437
14955
15554
15965
25497
27111
22631
7772
5908
4181
28867
18331
1181
19240
30792
16980
13530
23672
21628
6788
3617
12888
6140
16869
32409
30820
7617
19997
4508
26521
27043
26421
29792
18538
29211
31308
11735
23311
14157
1165
3539
6689
19270
2654
5998
2916
12162
3802
27305
4836
11185
8066
29011
31811
442
18479
21293
11857
8961
844
30027
15581
19174
31297
2237
19659
8846
10802
27759
32359
20965
16618
26190
20985
8675
17938
30636
15002
5135
25767
20710
21317
4930
26795
10308
27185
8622
17690
30752
22110
10270
13855
26699
19310
19071
21384
26284
8119
26016
10104
13098
14486
6710
7515
25293
4358
2339
23839
7711
3697
9464
26274
7897
6086
15544
358
12475
8907
9183
21644
14780
11189
7074
15104
3427
19190
24953
10225
3957
23894
1755
12164
27088
29253
30280
1993
22935
29807
18829
5614
22415
16530
21828
23474
8137
7820
3482
22813
23682
20665
10325
13934
30791
11643
8213
19030
23389
30490
31961
20579
6239
26063
1478
25535
19497
6171
16420
4634
13557
23901
24490
6885
17604
3748
3067
11969
13056
27074
8048
17207
20831
8866
17176
20137
10250
7899
3069
136
7423
3972
32169
18888
10931
23883
5609
18833
27132
6849
17873
29240
29487
28920
31744
31341
23173
14928
9254
28342
19396
16270
16323
30492
2331
19246
31793
9507
20813
1787
27108
24064
28946
22492
14577
13575
954
11249
7885
19043
10003
28382
18775
521
9869
6247
793
9967
24988
2366
27851
20088
29022
10776
28697
4147
20862
262
20391
26054
4184
12547
30801
18213
19037
6089
30647
22280
29881
32234
15353
13211
15156
3355
191
16247
30038
211
3453
30417
30415
17685
10485
9457
16150
30601
26109
3558
19535
32466
11650
24697
5490
11292
10701
1119
28586
6900
30469
6323
25339
17245
15605
13987
12840
29216
5648
19561
6612
7011
26546
9341
2791
15229
4009
27912
25651
14857
2804
21404
28504
825
31178
2339
9444
19310
9439
16918
31679
12549
26594
1776
18375
12403
9546
26849
27575
7828
10066
28358
25165
7488
4674
20057
25260
15904
19441
17829
9215
18367
31880
10430
1119
20708
3208
30638
5879
9760
17423
4274
23909
11683
28503
21159
12388
15699
11391
17343
7080
5920
18062
4216
12554
32657
16821
30415
5861
8867
31956
29104
21952
15060
3136
14514
10541
11899
12740
26625
22512
5978
5605
25755
22372
26742
9834
20672
15899
9767
15900
9379
18885
25707
31179
16230
31827
32639
24209
1093
5212
17073
13659
22546
25791
29040
16292
4833
20362
26277
10628
14852
26650
15942
23786
5690
132
15655
6693
31267
9780
27412
31146
19703
20948
4894
15121
11640
20080
7730
1376
16677
7127
31728
31884
945
20548
3513
20541
10931
15677
18442
10194
29087
23484
32265
4005
25077
17293
2910
19344
27576
12791
20548
12976
25122
25502
13280
30824
12438
17832
8401
1705
23510
16927
12296
19825
9078
11158
30170
11154
22417
3088
9555
21685
14010
23325
32206
22686
26677
24390
14018
12210
26216
16043
24031
28854
28044
747
23386
5081
17064
5188
4229
26357
26304
28668
17570
5906
2633
7679
21497
29484
21729
10697
21800
19510
21821
8838
10427
5726
11619
26232
9980
12179
20249
15770
24588
28484
23709
1923
8755
25451
406
140
14965
24267
22603
25141
9062
15477
12051
25285
5695
31889
16908
22577
12848
7771
15632
575
11768
23404
6629
16363
18356
10299
11956
13322
26356
7651
189
7469
9492
12583
12104
25800
12234
23219
2783
10644
14843
5284
11450
18737
28371
20811
8827
11536
6932
20270
540
24208
174
28240
31269
9831
2193
27315
12834
15172
18111
8218
3924
17331
1189
15123
12711
12096
17835
31541
15588
10975
31242
27303
16936
13451
21469
12002
23957
4654
29308
22199
23623
12225
22533
18835
32393
10420
23867
15362
10825
144
6036
19826
8650
20187
25997
13114
4761
25148
5441
5338
4290
7903
22842
32132
21059
7195
32647
1756
16065
17746
7950
8445
10106
537
12068
7100
15227
10649
15707
21808
3091
17717
13723
12658
13703
26222
28789
16289
7
5123
31667
12329
3297
4700
20788
69
25589
2856
28663
32451
30057
22598
2933
3592
25502
30177
17716
18259
10594
24544
9369
25414
28775
24189
16638
2978
11251
1587
20996
31314
19418
28382
6698
2475
7082
26142
24479
6642
8741
8444
26453
28702
5364
12496
9815
29152
13465
16226
7516
25313
9382
22095
4764
1867
5164
13742
7650
20362
19063
32244
15075
29012
27640
12565
21966
4582
2947
20204
1572
26001
23483
4317
27594
26742
5322
2233
25181
5262
25173
9953
32453
14573
28078
27567
2829
22087
22604
18449
29809
9395
14969
29047
24505
9903
31307
11504
22470
28004
3797
21903
19051
29228
926
8724
18302
10578
20563
28104
13870
12825
22712
2217
29846
18431
10468
21191
5523
22850
16814
9966
12499
26276
2403
22661
31023
4203
13498
18614
3387
29869
15369
22224
13851
17098
12472
12265
2200
10298
1782
16839
7283
31369
10156
21761
19960
17055
24239
4705
15831
3397
31034
30605
816
9445
10395
32486
17389
6289
32044
32433
10068
13383
3461
885
22236
20084
7664
10659
320
3766
23582
14972
5075
4582
792
4144
7699
3926
31607
1347
4992
25431
19416
29493
24495
8959
28043
1122
154
7465
22923
23847
6970
27836
25011
24646
15960
49
10798
4748
18336
14927
22320
25009
7927
4153
17123
21119
15374
18603
20389
23094
10807
16513
10864
26416
32376
22649
4505
23745
29662
28729
29630
1633
8724
4756
31482
17933
564
14089
22618
490
13789
15500
25493
5420
17542
394
25335
18486
17170
15655
3999
5122
6564
32202
10730
13508
23476
28891
12847
20426
26211
22475
6573
12455
14603
20053
32705
24976
15387
17924
20317
8966
27170
23286
20661
1718
3881
26079
827
12701
4678
28496
21454
2415
32110
26682
814
20794
14219
19374
20660
31046
9422
3558
15680
9793
8519
31881
31346
13208
2483
29739
23069
13608
18069
3859
20984
15382
3464
12610
26519
25339
19667
5553
6298
25925
30014
16601
4901
17882
5668
31864
21136
18686
32714
16531
29791
17782
24559
11703
22900
4333
3236
31877
26499
2968
29022
1646
32455
3862
21066
19386
30707
17562
23008
6863
15980
9803
9403
15536
23221
12267
16296
19140
298
695
19453
4569
30962
143
15916
9832
28463
8791
27287
3610
2679
3485
21670
8844
21128
11644
29719
4431
16439
21184
25750
7476
2474
8010
13198
1222
32455
16567
16446
12823
2540
15932
25103
6080
10465
24020
18725
24355
29195
25758
19764
19443
31202
13952
7829
30967
11429
6417
3481
21002
28748
7606
23581
28519
8894
30475
19806
13859
18500
15748
26639
25083
32317
26452
7849
23632
1556
30605
20995
1136
31856
10377
25122
19735
4266
5514
16722
21302
20612
10141
15733
20978
23576
18884
29596
6128
5646
10323
8660
25040
9234
32667
19267
15863
21381
15814
25203
23954
13939
31746
28141
30423
3270
4834
23306
7310
19897
19968
29446
11985
25999
744
9814
18704
31620
3889
8763
20824
21508
493
25752
3284
8987
29764
16897
23956
25389
21851
4628
3469
999
11643
30220
19169
1397
7279
28051
14689
21493
5933
11736
15696
30508
10425
28386
25450
27256
14919
8996
2597
12550
9888
19793
12343
31301
7366
26737
3160
27291
5595
5685
21065
23638
25151
1927
18709
11493
4601
21350
5783
27208
15448
12273
25660
29893
27353
16833
16651
26845
11084
30076
25826
25982
3379
6055
14594
634
3691
7868
18893
2872
15118
23421
1487
20906
1175
903
28156
11646
5191
18986
6968
31641
7368
31608
15645
12737
28433
19868
30200
23193
22153
23662
14356
3539
111
836
2108
14497
29305
2314
18811
19052
21691
21141
30246
6601
4811
3892
27164
5545
6179
5000
8781
5839
11206
22166
5497
25992
12071
17691
2618
18326
17478
24351
3653
10861
7964
21453
29421
15778
1593
3970
29417
4512
18092
28708
25942
3741
7971
5045
8704
22476
26195
29992
31453
28372
28826
19315
28378
11138
30947
24293
31194
23482
4299
18618
9724
8116
23554
20717
16925
22117
6899
24141
24991
11834
18599
11475
2408
11788
20454
15923
11821
19025
7072
14513
26608
23183
1676
10294
32455
791
28175
21923
13536
26351
27743
10341
29122
13840
32232
17994
13013
27601
5615
26002
25893
20900
26229
1354
3171
6656
24414
32725
23341
10142
10450
11212
8334
21736
7396
32520
11977
20399
1137
26620
8018
23836
6987
20808
6174
6633
8087
908
30236
2768
28788
22906
260
4420
32734
31280
3151
6240
7121
3524
10630
3613
21169
8224
20416
31943
30441
9744
7271
22706
1491
22681
4410
22057
30168
23181
29592
23463
12248
23644
12539
25674
14283
12845
27843
26244
18601
4141
6965
4884
26504
24871
19907
52
12804
27478
5261
5396
27620
14199
6441
18824
4091
28193
22175
3581
26699
8025
4792
28594
29041
10338
31865
19749
3389
11218
5098
11979
18592
20459
16156
6147
14539
14119
12393
25677
13205
26389
510
1207
26397
4452
10903
12697
5297
29501
12170
25730
29423
16087
14343
11890
31530
17221
26014
15946
9744
18066
5633
11136
23433
17935
29196
22807
6626
4332
28162
1231
6186
28934
7962
22169
26588
22016
2618
1101
22975
13973
20482
23967
10763
7212
23052
21584
14285
3245
28018
21665
19340
18068
18065
525
12589
836
8717
11319
10516
13213
22294
4130
29836
27344
26345
14752
361
27506
9625
6413
30956
2768
24591
8508
13798
24195
9039
434
26144
26692
2302
20754
23291
13313
11553
15321
19796
7216
12584
2891
6314
10339
28715
6318
12675
14876
18547
181
23307
31715
7740
11071
24575
18071
31673
31554
21193
28930
29273
15105
6381
15791
8521
6278
17827
23296
1338
17996
1989
10619
30052
5180
12012
15461
29131
5338
3031
18578
9921
8897
12300
30075
18860
23117
20673
17553
13065
23447
20732
721
22961
26790
14074
30873
4955
13283
4302
19386
15971
29390
3146
18382
14538
2288
17954
204
18557
24336
5199
985
22746
15018
20402
2657
12656
10653
24826
25447
2566
22052
5319
1817
8159
22279
31503
2216
12349
20499
21954
23126
31780
30407
23209
6097
14688
20304
19604
19135
5322
13752
12212
23962
10694
1882
7494
12478
4880
153
31345
1472
30905
8913
5746
13570
16236
13966
29686
24964
15606
15868
16839
7933
5637
27551
18091
15915
10544
28996
17546
13159
11064
15160
5838
19324
22670
27575
4111
8889
24597
10919
23280
4677
27432
7559
25156
1971
26335
7074
1142
31446
29326
29320
5671
30167
6031
20158
30744
25476
11842
7349
17483
6123
5201
30201
22117
18216
6201
28331
13143
24187
15878
22321
5181
29598
16733
17964
6278
15957
30912
32426
25430
20550
32270
1694
10280
32523
16457
397
27320
13446
25244
9097
30240
6516
3229
20579
20289
20037
4047
15133
9828
9772
1643
6558
3105
6258
20320
16553
28033
23567
2968
15376
7007
24955
125
14117
24852
7874
956
18802
28243
25047
21576
31658
6225
7466
1187
6367
13865
25212
23129
8180
7296
32754
18125
26966
31844
29545
23863
21735
10618
10250
27118
5179
2905
12830
3811
25863
15921
32035
2414
20438
9904
8223
1358
16126
32038
19508
8427
467
5095
2421
1757
4122
23793
13816
16562
8641
29390
31532
9964
28365
10428
11629
4682
11155
26124
18902
12873
5419
20680
1623
11497
8738
2968
10247
27572
11119
2790
5051
14845
8616
17729
19671
6246
8822
17151
22116
27045
583
20775
10851
23687
7746
23438
15201
14132
2688
12863
13388
26550
28793
15904
27269
32181
12732
26835
13878
29060
8932
15323
9446
23650
29383
31488
14923
1529
4592
15860
13151
27435
11856
19766
32694
8718
5936
17975
25870
16181
7530
19132
296
8242
17369
16259
7638
16216
21518
24105
2902
29894
11076
7755
29918
18593
21398
14828
25464
15008
15728
20758
25360
8910
11588
28868
32203
3979
12670
256
411
17620
13497
24137
17425
16581
51
8759
22642
26972
17022
24418
27660
18304
28281
21631
15562
29506
1663
23244
24071
5474
10206
5039
16288
8725
27275
6553
11085
12549
26900
14385
11313
5786
1237
28591
5295
8824
14959
18309
5760
10057
6774
13381
8450
12220
14954
5311
31187
1229
12777
2665
17311
26952
30754
12549
26422
11912
13709
31101
4834
1669
24026
11282
17399
14094
9767
21941
3755
4690
11125
9397
6184
22693
23901
30875
30432
26497
255
10579
27937
22987
24636
18828
12777
32088
31013
26720
15355
16816
16818
5688
17202
1042
21432
12522
27670
23736
5397
15141
20909
20827
12333
17167
24980
4346
28827
7212
15949
7384
22560
28802
7131
708
32735
27899
19084
3228
6605
3338
25623
2324
9827
18833
20198
4532
12950
12035
2997
29216
12808
7878
348
5276
18816
16347
15081
6095
7576
25280
19442
29127
31157
23701
20266
17470
25404
7551
13105
17948
27907
1610
18865
26173
24326
16722
19622
2931
1628
8867
19965
5583
16745
21343
17761
1308
7252
19552
12370
26797
4539
25631
30839
31833
17318
29652
5173
5827
16570
22495
5504
19679
10672
20327
6897
28337
19205
32577
22297
16728
32498
7187
8726
6732
27550
32697
18787
16356
29075
11751
4597
13083
24174
3088
8323
18067
14299
20615
15397
9946
12993
27877
7968
14317
10938
30634
18944
27642
11718
22823
3304
30570
28736
16283
15143
1567
15633
7836
15627
22010
13859
15800
29690
23201
31001
6749
9406
20095
31805
8438
23585
21772
14265
343
442
4686
28427
8795
3334
23456
11955
30923
4283
26034
21038
17794
4184
5073
9768
32463
21505
19560
31470
26907
11914
30407
15138
8908
27090
1572
23218
10089
19794
13791
12810
3582
29429
23307
6537
1730
24106
28457
22834
23543
2360
14390
16549
31250
23763
12777
31565
17180
17900
7222
29914
12632
24013
21270
25074
3366
22628
21386
16675
14887
11487
4573
26653
24482
11386
1322
28958
28710
31637
3103
7341
21617
8458
3840
31627
15761
8125
751
29927
25161
20085
12906
31953
11190
25066
28437
3825
5426
23839
4282
16761
17273
23537
25998
1112
5899
27632
30646
24753
15825
26479
19465
19595
2050
1751
32280
26314
1096
7233
23915
12126
10015
11587
28686
4026
382
24329
32333
18311
19130
26792
3003
4506
16807
32688
24953
5412
10496
29440
3508
30505
25353
26591
31856
8244
28786
27976
3460
2632
22143
22916
19430
11033
12390
9727
10793
20092
28665
15700
26692
29981
4484
28586
1685
2928
18169
323
27174
3306
24138
1874
5678
26480
26391
1805
7899
13072
23433
2820
14670
4591
20606
8881
3304
19586
28902
80
10692
32257
18540
10481
18564
25881
8538
27339
14161
11490
31158
3539
6173
16912
21425
29325
21547
2157
25923
4898
26834
1159
27407
6836
29054
19877
8844
1774
4855
23552
12134
2015
11238
1840
28706
4616
28309
18661
1538
22195
18422
6103
5160
5767
14311
28416
31229
602
32436
21768
3284
7750
17373
30721
5323
23295
6682
12628
4338
22883
1181
1531
1712
3155
24983
30449
24674
11458
24061
13799
8004
13323
22156
4665
25749
20616
18955
12832
5622
2144
16592
27689
8468
32416
19845
21734
8838
3726
2860
21731
29689
12602
15457
23259
25994
24917
28639
32300
9843
28998
20038
9609
8426
1915
29980
1519
19782
13565
785
3546
16484
23112
14727
4280
31049
20057
22353
18078
12808
31752
4283
29754
14310
27032
18635
20233
3773
24205
28615
29129
25502
7101
10999
30002
4794
22954
10668
225
17539
271
19330
26773
26126
20921
31713
10653
188
27544
26314
23697
13593
28182
27344
28481
23812
8615
27748
15083
6417
24482
28246
19121
19755
11343
5017
26185
20606
14145
28231
13559
21652
13798
16356
3256
18365
19548
3815
16832
14005
30854
13686
2599
29057
13152
19826
18912
30618
15503
7603
23274
28493
17469
27797
9674
11362
26403
23475
7736
2556
12519
12530
30745
7104
6313
12482
10413
31289
11225
28064
2058
11899
23371
12511
9929
263
7821
24745
11263
12271
24952
1857
20335
20539
28677
24458
17405
24202
21602
2765
9830
17149
23365
21431
17455
19536
12929
8865
20187
26186
21975
1813
20321
3928
15886
31373
28125
20853
1605
16509
24966
16972
31625
1940
7392
20129
19107
12351
2611
21741
16435
23664
27707
21320
20227
11421
14113
11404
20629
19979
30122
18616
13310
15948
3759
5266
3831
26631
32461
9361
17714
31991
23133
32505
14826
12598
11174
20808
16318
15292
338
5329
15039
16418
16671
26279
10440
1452
4823
5820
1038
8071
30594
12874
13303
27215
24794
3442
48
725
23807
4132
14842
6686
10860
19006
4036
19119
18474
4856
16127
21255
22083
14207
6190
22894
23162
31968
2364
7405
15673
31016
8723
14238
4811
1993
18282
22054
1227
23872
2014
2175
28637
32245
18245
4091
2460
7267
13375
20101
8915
8824
15373
15146
23023
27199
28839
32729
20916
27068
5384
9319
16432
22040
17357
27350
27117
510
25598
16599
23915
31556
24620
27277
717
11214
21436
19092
21459
431
8834
27458
20488
25234
11922
11565
317
28249
8274
16109
9269
21763
29908
16931
18850
17363
18019
16826
848
11694
860
23916
29089
29382
1856
20104
17721
11125
18950
10739
2298
6763
6582
877
18483
2572
4659
22038
25876
6420
18264
22065
13158
14973
21831
4135
11129
27810
19198
30927
18781
27556
9004
21228
27732
25357
16194
3576
19080
25267
6348
544
19706
6880
7426
11663
26555
9135
26266
22255
16990
21433
18913
14637
17581
27121
26378
7293
23451
3789
14022
159
2682
28839
17685
15456
7278
32610
3675
13923
2594
2896
12982
6945
26553
19283
29583
13359
28424
3651
12143
17600
31234
7056
20500
3946
371
1833
24261
26925
29682
31900
13026
32177
30992
17790
28351
10447
29910
3853
16050
2387
24431
13076
3691
12544
17697
2063
10372
5589
642
31888
29785
10383
4328
481
17946
13423
30497
2539
29983
27709
12900
7254
11387
18573
11144
18162
10707
6977
3188
27990
24177
31823
2519
15303
9876
29637
29977
16731
2826
1290
10897
30045
16641
32614
12280
11252
23579
14276
5917
15872
26304
4023
30939
26693
21688
28092
7240
9675
1017
2751
7728
2436
16317
14560
11458
23344
31192
1910
11144
31614
11849
26708
21405
21364
9487
14924
9242
21264
1598
23794
14033
17200
29777
12706
19774
28335
8386
11717
10682
26321
3800
25167
2290
26337
30913
7308
20376
6936
2784
1053
16472
20161
26984
23102
19982
17819
13354
15946
24118
17535
31915
7040
4003
3394
25210
9223
22901
20957
18880
32048
5701
25291
24601
252
20386
7347
25506
14558
24001
22855
24660
30145
12144
26476
22416
10573
20044
20123
1530
25702
29492
24967
15243
7926
16125
25600
31202
11501
27495
18455
19675
1158
2128
18051
4451
14795
6440
22083
7819
21339
9893
18309
1243
23659
6328
1479
22504
22539
27839
17724
13864
31146
7164
8049
774
18141
17990
25392
1842
1628
29950
7077
27451
8269
2629
4799
16479
21446
12396
21209
2978
25997
23980
27546
1821
11298
16408
32281
3481
7423
9679
21573
25692
16158
13686
1925
22339
9916
2790
31387
23313
24157
3105
10958
10759
24848
2699
7240
3765
2548
1111
26045
20751
7419
6719
8013
31171
19694
3448
14508
24522
25265
23013
31360
13373
27081
16523
14090
107
1563
22085
28169
18984
22262
27320
26587
21096
2900
23434
3046
8716
2909
10191
30262
22779
23341
22468
4199
29557
6871
3264
12742
31140
18346
19815
2739
19828
8883
25121
24394
2725
24706
21963
21826
11551
1585
28332
22804
29061
6051
13226
24160
9228
31498
20925
32653
20878
13740
30117
16561
3802
26086
28120
31152
19023
7793
10431
11175
23465
1764
25377
17803
17946
25978
6880
7181
24733
30230
6627
6337
22663
12932
11603
25728
16990
28674
23818
4363
11503
30207
14152
1520
27291
29218
1192
13490
1266
28046
30803
22564
3715
10085
12404
17174
18161
30858
6892
563
17738
9388
4678
21802
7317
15488
18157
17164
11946
30029
18588
19957
8519
6574
17431
2543
10591
30612
18713
6931
8373
28554
11405
24306
6570
2365
23296
17715
25939
12603
12119
7037
16335
1019
8637
20631
5848
18974
25312
29389
7831
2548
14173
28054
10429
21058
10104
19061
29135
8770
22289
31005
22721
4844
6612
25304
13511
9588
6063
19753
15720
23316
5513
20400
14548
31243
13873
24911
25719
9190
18324
16523
19406
8446
28724
15157
378
1346
20693
6473
28307
4662
28281
12054
11326
31292
30863
23199
7042
26899
16232
28738
12119
30109
28394
23191
7424
24805
24968
29083
26267
18016
8050
19726
29687
8563
24072
5657
11685
19510
5013
7220
20050
23416
29498
12615
24148
31747
25896
4367
3458
13600
20242
22468
24393
13406
16611
19449
23804
1680
22956
32707
17004
25109
30944
3357
22713
26204
4035
29067
29543
29862
10016
19710
17332
1550
27962
2040
30249
8903
24582
9456
20080
24230
26519
16632
13669
32480
29914
1949
28015
11540
30851
7695
24849
23436
17991
18818
16316
16064
14412
21715
23784
27
9950
31087
1379
3586
2147
20337
16104
11539
19857
2314
9715
11946
19934
32038
24020
28842
22584
17740
18178
2682
15351
29382
28595
19277
24080
7939
29353
28071
11915
23353
14415
9245
4663
17230
19972
25436
5276
14329
18359
3436
30257
1061
24500
25142
27343
29078
18621
22852
7270
4302
26205
18633
17903
14386
24441
32225
31393
32361
16168
10777
28008
13317
6085
18994
19603
8293
23618
27170
1484
1497
25534
27228
1614
12552
19290
10833
19282
6031
10825
15415
22218
18923
19495
1545
23634
15513
25996
29647
14948
11387
30432
7967
5067
8830
20849
4068
7514
23162
29378
31326
29661
4442
10791
7786
3664
32380
15502
11268
8271
31835
31392
20746
206
9323
32009
21570
26890
25156
31507
24991
8127
16899
28538
27584
25756
32237
32636
18106
12276
3926
22575
24599
6838
18114
30231
14367
671
12105
2808
86
16046
16704
30185
837
30681
10261
426
14717
31230
8059
23863
12250
4380
11207
669
8965
18115
12698
13
29756
5065
12481
22319
23382
23103
9817
26296
31233
15267
23095
4671
13391
8023
7047
7245
29297
32082
12466
26291
12226
16662
32390
3360
31495
22754
10897
3570
19444
17704
15565
30029
20979
15425
1155
15978
8226
13920
17513
24370
23194
30149
27149
12812
18679
24371
21623
12787
29205
13987
28170
15563
9495
5178
7596
20469
5038
9593
21287
29473
24984
3764
13006
17763
19814
197
9315
24714
22147
22273
18744
1709
1138
20843
7573
19974
13143
16168
18778
16131
2489
11571
25573
6299
31622
27986
12086
11999
32343
2377
3665
6097
21238
30285
15076
6776
2078
7355
32298
5172
6785
2058
28943
18512
22031
21247
1941
19926
23670
9247
27510
4007
29925
20074
27147
4810
2326
27206
31084
30469
29579
31418
6361
26026
792
29404
4185
25268
22433
12173
21408
13330
31781
14691
3126
21315
25083
25319
3798
7459
8540
5889
16405
13317
8994
27568
11332
18433
6095
19710
22166
14736
24529
21556
902
19030
18693
8010
627
20542
17785
15521
14989
7884
32630
32501
32501
6831
28350
19853
28192
11158
21266
17588
24701
69
14327
14957
10839
22760
26042
31587
13564
19367
25522
21535
13087
14202
28613
14973
29819
22847
3885
11105
7353
14090
7292
4262
16788
21948
30430
17239
13371
27863
13983
32290
31222
3216
2797
21513
14349
27174
9438
32603
5862
18035
21429
7395
24685
8897
13921
10079
23992
14302
9798
18228
14316
25459
16192
19039
24666
32657
10469
22703
17390
22669
1291
14385
19914
13582
10123
13804
32046
9316
31556
1743
4763
1819
14434
13544
6200
1488
20448
27863
18804
27204
12363
16257
7661
3759
18377
11273
31633
22359
26459
1532
21506
27232
27487
3019
12607
6630
19801
16767
30082
13385
754
25512
21092
11976
20033
1686
15175
24146
25418
13772
22261
12952
1732
10162
13445
10087
2592
22922
18303
24629
18630
10149
28480
8698
2722
13783
3487
8001
28639
15400
28880
19070
18930
3020
5257
8866
1499
24662
32356
11757
2983
20776
14725
5891
14138
30510
13692
8259
20043
6860
3180
24916
6064
32276
29805
768
30684
5949
24624
27974
13990
20304
4834
7082
21068
6437
11090
3024
951
29838
27221
31305
22528
12754
14442
25005
820
2397
11930
28650
20564
23477
9890
26075
21152
11696
5716
5405
15381
13541
14907
28702
32053
2144
21374
24694
4614
18842
32006
22395
8285
22952
23523
19727
19292
28338
12012
8381
24634
7591
422
4357
16450
11311
1640
15603
11295
16097
23484
25591
21590
14263
16647
22512
21268
22718
32365
21898
29482
32530
1007
14026
26710
2570
982
13287
23748
17072
3157
9820
30676
22388
25706
571
16926
16417
12293
31172
2740
7695
8044
32566
12710
27803
11742
6373
31692
5588
13174
15245
21439
16247
20051
7910
7209
25630
26358
16504
30527
3252
21483
2225
10123
15916
24748
17973
28143
28530
15298
29557
2279
7074
4141
31363
14606
17529
19974
27429
28388
30985
26211
22312
1486
13488
32379
18678
12382
10826
24075
2155
31189
20390
7416
8677
230
15671
21557
25498
20413
13836
21991
17711
30016
27650
12487
28038
17301
21561
712
19159
22500
8132
24315
28930
20318
11429
19119
12835
19838
760
5596
9575
14222
12910
4802
4127
18798
9213
28877
25875
26513
13270
16060
19993
21064
10136
22530
29670
7747
21699
16748
30755
5716
2927
14597
21956
27255
6462
32055
7061
20496
30863
3890
13589
30579
32756
29842
13704
31401
9703
15419
22856
10610
11448
19080
12636
22150
19146
12454
11595
2592
8959
4922
30514
15805
8561
25674
22037
1313
4195
29786
2675
18588
31095
7893
22813
29835
10017
5551
14408
16929
23131
4169
21216
32104
2202
24981
22047
27778
13825
14714
15711
15413
16341
5498
4140
5543
11058
9362
18078
16741
19452
8801
18405
31658
22551
28045
14118
24031
15067
23907
646
350
15554
6845
26756
16251
21348
41
26507
12997
11686
17735
19399
23945
20526
31091
20281
6552
22042
4516
6
13642
10737
3476
24853
25027
19161
30754
30936
22133
29195
18164
17002
19942
11397
23904
13531
16308
15614
13965
21704
31702
23071
31445
1070
2852
7408
1134
1151
31002
13201
5962
24310
27353
11306
20539
10024
10094
27684
3931
19421
30039
10138
25003
27165
28995
27914
11770
22158
16922
6481
10505
20733
20029
18390
21740
5690
22031
4869
4019
17449
6068
14591
30026
17430
24601
30863
6302
12105
11572
14945
22529
25050
17805
23150
20688
12231
26877
9659
13907
28740
32437
24643
4068
21330
25731
26417
8788
13715
17233
17235
2186
26205
3311
16332
16237
5133
1810
22793
10501
21150
1948
6134
19164
28794
17949
11633
19371
3471
26266
25087
29746
10406
8590
11709
14184
5872
11567
3226
1492
6626
19442
25284
28731
1859
9297
1376
23931
14212
17868
15230
22455
11855
32558
19276
13492
12642
27153
26505
7555
16798
20388
4413
14689
10843
19116
16808
32731
6911
19145
28792
30262
32463
23803
19007
23565
1797
23908
11043
2876
6946
30288
12760
3837
9093
4210
32459
13905
25149
6256
29600
9634
19996
15779
1759
11174
9228
3608
32746
23942
8870
5082
12083
15936
9217
22387
30379
30026
2504
27568
13950
22648
12176
26277
29181
19743
22376
27633
16603
17531
17585
11331
24733
22350
31024
32285
31308
17610
18529
29656
28781
22705
13582
4841
18739
31931
19745
4194
2290
31032
30647
14012
4311
10486
26997
22739
21975
9317
13087
30258
997
10233
7782
29841
24936
14800
19714
4764
1772
21141
19969
30710
16151
3492
7519
1662
8927
9326
16854
20689
17915
14623
31991
23056
1943
13439
16762
739
23372
15126
25555
18365
7759
32148
14598
13410
19689
26736
6075
12455
11303
30414
28565
2681
15314
11430
27328
24865
1185
31779
19913
21958
5806
6729
2483
9524
19495
1755
13383
3804
9286
19324
23211
11547
19075
13844
25142
8895
7688
4725
27523
16839
19813
10047
27588
3946
23173
31232
28761
18779
6880
7840
16546
20556
2035
5629
21009
7089
29677
32722
17027
6854
30380
9181
19664
9939
9959
5697
27552
27310
29613
31529
7809
25474
12814
11694
1335
24272
13080
19963
17747
6579
30213
31406
28168
25960
19122
14722
20025
29965
30803
21291
28886
14505
15462
9858
13161
26989
13797
14050
10988
11066
4288
31186
19166
26467
1418
10212
662
17587
370
5341
17622
24754
2678
21269
11683
11812
13267
9761
14932
7379
14016
2224
18410
28302
859
18867
19359
23922
24036
1217
31170
30568
23593
31161
20161
21231
22337
1961
11912
284
9597
20206
3593
24798
12444
16029
23324
14215
15422
4386
5770
12936
28828
31783
21604
13948
32117
6072
5786
8041
26956
16548
13768
22082
24784
31270
19539
24496
6812
4804
22453
18449
8992
4216
1045
4290
9439
10254
22043
665
220
17357
9986
2486
19278
23897
9967
32380
155
11992
22913
32730
1668
32596
16553
17103
19869
3680
10684
31533
9985
25343
20678
16797
8771
449
20002
6883
1960
20015
583
1123
17043
7017
29669
10724
20544
12302
21553
10389
1717
16732
7548
845
18422
10649
11
11287
30073
23985
4387
18158
14297
26144
28771
2501
28366
24338
22359
24011
23901
17353
18249
9708
26188
2368
18778
20123
27865
19470
29906
2767
11692
5516
12213
25163
9225
31802
23959
29987
20298
9055
28848
6268
27789
24048
4403
12435
30890
30899
20188
27649
3688
28580
4296
17469
29936
4760
14218
26466
29313
23840
9595
28466
14182
1456
8529
2395
29989
2049
18164
29946
30202
11955
31373
31070
18563
24631
4575
14862
21437
13036
10202
3085
26415
3208
20077
12380
7013
20666
4765
6081
5792
25358
1748
5063
2508
16
18299
6406
31154
12724
11722
30372
10351
25333
9439
10012
13093
22205
21774
7742
14320
1541
6521
14456
6172
10557
29664
12115
10901
28910
29370
14144
29342
12702
15748
10901
11974
1780
15193
26067
21528
12828
1987
14634
18835
14189
10705
4927
30682
32585
16745
18732
300
32325
7904
8136
13717
10378
30920
31274
5990
13436
13321
20840
996
28825
29236
22948
21565
12451
23059
30794
2752
5633
20101
28563
24652
14179
1928
25422
17929
27557
16792
6879
12119
15350
30520
9352
14340
16697
22734
15847
31426
28843
30387
9664
11224
7110
20875
15101
19479
10086
17618
3315
2064
15915
32696
16615
6020
542
47
28881
12572
407
17474
26463
26202
29534
9640
23869
31696
32272
5017
7060
4496
3780
7904
10193
12259
751
3122
23719
3134
10629
24766
5207
6769
24417
7429
18479
15906
19175
6636
18768
12410
31464
15375
30389
28190
27845
29017
5233
16737
15832
11474
10296
15544
3087
21687
32545
14702
18906
22224
16554
11928
2376
22270
13053
29772
621
11284
5234
18190
22790
7911
11860
8075
25952
8105
1256
12938
1141
25970
18603
11551
13144
11296
27868
289
31188
1121
1850
21983
26704
27150
23823
28943
11510
5307
16749
11271
1045
13964
10424
18736
1987
7498
5476
15799
8902
27061
16896
17285
10933
20764
11380
18290
25946
7468
26247
1973
32091
24070
20388
30367
10777
660
7133
13706
3801
19228
19504
15372
5410
18965
31753
32624
18021
26426
10249
11878
26852
6366
20998
21753
25548
18303
9811
31938
11940
3997
1601
7515
20459
21964
7141
28951
12029
24841
23324
496
15671
28490
5069
705
14939
30809
31086
18614
6198
4833
17354
30976
16768
12233
19713
16077
18435
8130
20688
7543
15872
5916
12562
13051
16078
9182
25479
32430
27332
18965
27861
43
23129
14956
3276
17040
19594
22269
32750
10218
5244
31335
31279
2285
2659
13601
16121
31977
930
29966
31347
24057
5684
19281
16387
23934
11082
17506
21010
15563
9525
1633
5903
32290
7303
10667
24502
8672
30837
32684
25234
17396
26240
15348
4288
11669
30037
13196
10231
12085
22257
9866
9669
22192
3592
18403
27
21962
2728
30593
18188
11480
31258
25237
5074
28093
19977
32303
26898
11032
16101
4108
26721
26556
19850
14766
262
6753
2077
14770
31745
6553
5687
22367
2381
1029
20550
11387
12899
30920
26160
16738
22015
13372
22841
12121
4390
25828
19750
15647
14696
19618
29858
10693
19555
554
7394
6592
30856
26295
7301
23101
8994
9213
10686
28340
3987
18014
23476
7360
3041
18272
23337
27182
18034
7263
1626
16723
12564
7551
3111
12195
5441
22757
17012
29312
15776
9767
15311
18000
22734
3584
24659
11218
31071
23113
3532
6066
22304
25124
796
16475
13727
26235
6877
32268
5102
4777
6471
28974
2467
30070
4436
25317
29987
1609
9507
5093
24353
2713
9626
28039
14177
28581
21840
18715
20162
27749
21162
16768
12923
32704
27972
17139
19621
7935
27282
19749
28154
10370
32199
7056
9436
28337
30453
10250
1433
28470
28022
15259
18413
2666
27020
396
24008
20236
20804
20672
26450
11833
7328
8008
10284
11160
5364
21553
25081
24022
9105
27552
14366
21330
29601
8482
197
12057
27474
5181
10024
4628
16439
6987
780
9344
10987
14472
18827
21407
32247
25961
31511
6061
9205
10287
29372
22038
18678
10173
31397
13286
13090
12710
2530
27777
3742
26251
3945
148
12467
164
28250
20811
5676
26780
3975
31685
8447
3234
11315
2245
22832
11709
13850
17578
13555
5983
178
21409
11281
30014
4017
22041
6796
15199
11983
12663
13958
21619
14029
20747
7519
2663
9142
29507
15390
23863
24677
22303
5906
15363
27463
24037
13497
21604
14434
29974
12256
27648
29846
23712
13580
30812
3619
7509
28441
26866
9836
17308
10017
22404
20731
12903
7071
4783
17348
8805
21204
14019
23726
8568
27754
18642
8271
9833
13912
2055
5623
3291
2309
26937
9457
3453
11952
28864
22277
1668
23055
24200
9281
10329
28726
24676
11258
23182
10683
16036
32525
27927
20248
14057
24426
27063
5200
31032
6356
6584
22486
31566
22242
5087
18602
5683
7242
26271
14277
8722
16222
12941
6327
1096
4055
18708
30095
25531
2514
9066
23035
30573
14872
17858
31152
9041
14242
25284
5644
22365
22109
21306
26362
25824
30506
13836
2839
15894
6441
19566
17171
21497
4151
26200
31833
1627
1205
29494
28402
23090
8332
2786
21158
27187
3437
719
28517
17826
10334
25479
3302
12648
3698
21079
1422
32614
26327
17224
147
28681
3606
1874
5985
21022
1687
2765
27197
21736
21092
22568
26664
16496
6702
13021
19974
2077
17813
24228
8447
27524
26788
26344
10278
6529
10907
31351
10584
2439
2546
12157
28007
32564
8602
17331
20344
27689
21382
11476
23466
9240
31850
3409
16633
5918
5315
24901
6753
1620
25367
30635
21318
26273
9086
3023
11027
26066
18529
4866
7202
17900
14466
4754
10716
704
11836
4601
23073
30145
7181
32085
24042
27667
14929
3096
11564
25316
8784
1
6656
24063
6779
20555
7938
3230
30707
5412
27894
12416
14667
18272
31666
31548
16015
10351
8760
21973
17029
26252
31266
18062
31026
20792
4675
26880
30624
12775
13451
11369
18655
7417
17195
19527
21578
20203
28922
14118
30987
27087
22807
22454
738
9977
14800
29728
23586
20732
22211
6042
8444
6613
17987
14906
30719
8549
11774
6919
21472
16421
13020
86
631
27157
8234
21076
11531
15861
2551
17375
11727
5304
28350
32154
24236
9526
7238
32576
17729
4129
23495
11064
16425
26682
10574
12394
6524
2756
31330
18002
8856
23609
22504
28498
15649
15677
20292
13645
30022
19408
32449
5233
4422
17607
16691
2132
14899
6525
15579
28483
8695
3526
22922
14295
19092
29220
25097
3272
21168
20030
21689
29446
27472
3981
10103
3590
23268
4185
706
32346
12676
2788
14368
3717
4729
19685
30653
8717
14079
16183
2390
6866
3657
5587
3157
10397
7878
15356
830
14076
3235
20665
11849
27982
27025
18312
31057
29978
12744
337
236
31397
6731
29081
29404
7107
5230
9208
19878
14573
10902
13773
17280
23700
6721
6192
17520
11445
20294
11816
29619
6830
9309
6942
3164
17744
3297
21906
31037
16693
3029
21005
9226
15187
7206
23127
16316
10706
28207
25833
4660
32539
7810
165
289
4914
18918
10437
26147
14149
8860
5394
28209
10117
27367
23126
2104
20276
30923
28435
9988
4863
10004
26741
23140
5519
22426
902
905
10843
27332
20129
10416
27328
20555
1833
11265
8531
5440
32634
27062
32630
4945
8480
383
20777
9544
24392
20261
8995
1236
11635
22126
3874
13708
20082
9794
8831
8497
3982
30475
4869
18739
17415
2146
13827
12663
5312
487
28064
26712
30776
23408
111
20460
26300
4199
3907
3208
7899
8813
7493
15494
3611
12099
24131
23877
12778
7659
16203
370
1239
9994
23929
15494
19458
15505
24333
26512
22737
5276
25280
9013
4837
23451
31065
15093
24141
20911
23931
19888
12793
22359
24001
24424
29297
11595
11533
14408
25799
27560
3356
13541
19913
29774
1886
27589
4476
25734
10245
19486
26310
18921
28508
6623
29547
7805
27995
27380
25659
20512
15224
2502
21897
22314
18623
24834
8158
8270
11301
21660
23791
19905
28954
11283
14541
5022
4701
29174
25436
13194
5908
27815
13830
23444
1564
5215
25008
27742
9118
10866
14573
27266
11491
21973
27250
7983
1641
26845
16331
11283
4150
13385
13388
5758
5228
2947
30793
3524
1054
24099
13450
28899
30306
2741
8697
22373
7591
20156
18846
8584
10057
30711
205
21405
14691
15074
30110
16558
741
21120
24478
18531
4582
19800
10436
11302
25659
11197
8871
16262
26184
13139
7149
30681
21526
7119
27143
7974
12454
30974
15132
11842
18309
1545
17474
4664
27809
13815
8180
24814
28251
11635
28865
16646
28125
2512
7233
2307
4526
6474
12877
22957
18051
26767
21615
14262
601
18814
12696
26781
15808
14126
27153
5843
6010
15154
28596
285
22084
14363
13916
14649
15604
15679
18586
13764
25796
18361
5290
15195
4590
5297
1445
24833
13945
26846
15607
13248
5970
29000
20
15763
18334
8531
11879
29572
28239
12793
21387
20242
2549
9815
10686
5845
9943
31083
8339
6757
15171
22812
15335
25975
7714
4730
24341
11849
19407
4936
22638
833
27946
9400
16611
31697
21736
17269
1029
28829
26413
14566
9264
32480
8028
22962
3842
23307
10286
3455
5650
14000
14849
1024
24543
15775
13171
15150
25863
28239
8240
15061
19898
20863
8712
10579
17261
21788
28741
7580
2771
20070
24891
21122
31241
26447
12832
7988
7953
31523
286
22788
10881
9838
11687
621
29308
3611
4873
27476
8674
8665
20802
9870
26564
24003
6165
30883
15131
20287
10333
9169
1721
24870
32674
13652
20863
13094
25066
14309
14033
101
13777
28545
17223
22887
26332
619
2469
13618
16907
13172
1038
7600
173
4474
5492
31572
30072
16431
16211
17408
4057
15899
24479
4391
10633
19429
2811
24879
21089
22734
22315
2073
3695
6270
10700
4963
14921
9731
24386
9517
2465
22551
24051
2716
21530
10913
27059
4476
9306
24959
19326
24873
15713
18563
8557
23215
2585
13499
27363
17456
11054
10998
9479
17286
5919
20355
2936
27690
150
828
20796
25684
30453
20932
26105
25956
30001
5388
7015
7041
21219
29212
16133
10368
19356
4880
31755
19975
4217
16992
6560
754
6136
19301
26958
30709
8202
17433
31155
20355
5738
9247
24953
3311
23340
19715
13960
32466
4505
26562
1401
10412
29498
15245
23886
28622
22835
25034
17249
3959
28627
31580
9115
6205
18536
19236
4326
32430
15704
22983
27109
32056
23661
1714
13794
19782
19313
10844
19976
31660
23291
11723
9938
23621
15240
15194
19907
24794
2253
27833
28504
22342
8012
6709
31035
21208
28710
12090
11449
17657
18224
10262
13686
2319
14152
7423
6239
26529
8426
32344
3809
21691
1790
26160
8792
28052
9716
8972
7115
31086
275
24550
7126
29118
23054
3445
28391
21901
18137
28847
29102
19486
22970
31373
6606
23249
4003
19726
30425
12871
30911
4478
16251
22215
20299
1016
16117
10208
28839
22570
14029
2896
27821
23384
2244
16165
8001
30627
15625
5922
2089
31884
14508
10596
21792
20660
14421
11846
21029
28901
25398
6017
13337
24662
2622
8856
29065
28203
26512
27251
7625
29756
29235
15433
31298
29463
6667
13252
12812
12104
8
25184
29632
13272
32413
1557
23943
24083
5748
4917
28535
22158
4960
5527
30752
7017
32147
11509
12129
32722
11025
10387
29569
17610
1380
1569
23674
12076
22417
22499
6552
16107
14412
22031
19779
27547
25704
8055
23321
2611
7569
28007
23617
16401
24893
16081
11771
10046
3040
16039
20091
2036
15455
27017
31735
19293
3016
13984
18943
2974
27968
18378
8461
25876
19005
25847
23645
27869
12021
18131
31230
28827
6934
29861
4394
25460
19127
14710
723
7262
2958
29815
6270
18841
29284
18589
1364
15740
1223
28558
32118
30837
11007
13248
22418
5196
32323
21983
27828
29863
18220
24944
10846
24787
16489
13493
2778
27329
29109
16336
26575
18255
14086
16170
23315
31689
18439
29974
8640
1200
21449
9906
13706
22970
1205
24590
4175
29465
198
17297
19952
13312
14837
26776
8288
24164
8948
3423
18938
29696
7198
8229
4632
10395
11439
25483
26593
18829
23600
12862
10082
16000
16438
9685
13537
1908
4684
9469
25197
23558
25134
7379
21434
20465
14392
27025
21548
8405
15389
12909
21298
4407
13276
15550
31445
29897
28400
31329
5265
20972
29127
22363
12387
15476
30070
2751
16931
19883
4011
28371
10516
23960
5859
9326
21946
24961
5853
1444
491
5038
26958
11173
12073
18544
18134
3043
24367
5218
25651
28787
15050
10223
28597
20406
6890
1044
753
18232
10233
27751
23738
15832
875
14937
30541
28970
12183
30136
20172
29209
10693
22136
27630
21713
27272
5042
1780
6108
16462
9197
22239
1674
14389
21149
24800
6807
2336
20201
23568
8456
13579
6065
32097
9814
21659
26832
16340
28110
16633
3486
31981
30776
4065
15545
26981
23991
5622
24838
18974
32496
25433
29682
30044
20846
28281
19710
29745
19269
24877
2682
22585
12790
15360
30608
6536
20627
17355
4997
4321
22820
28042
7740
25128
30024
15464
19964
27418
18976
17948
4722
2620
29544
20856
2298
21009
14823
17215
1562
31888
2314
19768
22607
13013
26572
4992
10253
32023
30936
15396
6401
28378
17906
7407
4249
25446
23187
31617
17862
24183
29139
5025
32257
25910
15244
22485
7052
25448
31933
8239
24826
28902
3884
15209
3569
2893
1104
5685
14639
6134
28525
27854
3019
16937
6913
15059
16829
2445
11615
23893
5025
5347
154
6959
28088
7412
12708
1941
6192
968
10935
29424
13477
27673
11508
24041
13543
25863
7499
8900
12030
32270
6298
18672
12907
22324
4889
14044
689
391
1781
13836
23316
17350
30267
32107
8097
5983
17400
13795
8046
29081
10399
11563
19491
11539
17834
10976
2745
10093
7300
7128
386
26437
27815
1971
1898
24165
15617
1202
6268
7226
5277
7629
29608
1161
9855
24319
17859
24157
29904
31717
1487
20292
12091
17543
26237
5818
20630
23670
240
7654
16325
26647
7364
12164
30683
9278
14671
27683
31619
7166
15398
20112
6047
28864
26851
21650
14638
26771
1574
8151
23155
14019
21466
9007
19284
12973
14010
12280
22784
28881
15635
30681
6356
29225
24779
22196
23168
23994
10914
30933
1381
30824
6840
12656
25922
20238
31312
5450
10768
18126
31443
11702
7978
1958
17944
22467
23985
30020
25570
9140
32303
10780
6314
18608
3450
10423
8607
187
18652
14158
29164
24805
25968
6551
21817
449
26319
7391
7028
3097
18668
10841
12753
32224
317
21430
19727
15208
6940
3573
2302
16598
29548
3709
8510
2002
22399
32361
10057
30083
2871
30755
22963
25786
31340
820
177
8301
6542
602
29657
25192
14732
18395
11560
10815
21236
17434
3401
135
3163
616
13588
31301
32767
26652
6230
4263
1195
27110
11728
8434
32219
11104
24706
10428
30497
15590
9769
4699
3783
27560
24326
9629
29622
22525
25313
28858
31382
17915
24398
15750
3639
23620
27439
26347
32560
17698
29562
8855
30406
26071
25916
4850
4367
8238
14558
13651
25175
21078
17063
115
27586
2288
27779
18210
17203
5991
15619
13112
29293
2688
20388
27855
20856
10546
8788
16815
24647
30647
23602
24842
25495
28899
29078
32618
18714
27061
18769
30439
5845
21292
18230
14237
27078
20059
24537
7261
18379
18112
6550
30627
18623
1746
7893
27848
23270
31449
17805
27001
9867
5634
12295
21352
21735
3507
27365
15937
15941
24348
11362
15840
17252
21263
6363
10433
22045
29713
12431
24248
30021
10929
19107
26594
8149
29720
16745
32731
840
26338
13281
24881
26949
31276
128
25881
10366
17134
23857
19297
7384
7052
12442
16038
27340
27047
4256
26823
4621
30265
2605
11161
4971
3041
5680
20957
11767
20347
24550
19567
30568
1780
16473
20416
21437
16988
4902
25989
4132
6973
18562
18097
9499
32300
22655
4513
25557
12957
31628
12439
4831
5372
19515
1130
15875
14073
13896
10108
15725
23075
22230
23787
14348
30904
12795
12
9531
20667
24959
2069
4513
9544
8417
29721
11093
10789
23195
13114
22854
19865
6823
23834
25051
21633
2626
20114
25814
31904
22768
32423
11390
6455
14016
8121
6653
24021
17361
24830
12551
19313
6421
25647
1724
29622
20053
15233
6096
1694
8566
983
18921
24130
8954
28470
7240
31985
3018
21369
19372
12671
8242
4422
28019
21983
17453
26432
17923
23540
9443
1406
24168
7333
7024
30013
7486
7472
11495
10449
26322
16064
19350
18402
2180
3137
15756
3028
29552
6771
19545
16519
2637
11837
8725
15681
1684
7493
30628
27112
14565
7357
30775
9333
10408
29312
32278
6821
22256
15453
3230
27633
10404
16818
11141
10177
15328
829
1894
31709
11417
32048
31609
10020
3200
20355
26785
1152
4649
16526
32173
16921
17261
19927
21719
6345
7949
16169
2705
6097
2455
28646
12674
22730
398
17053
18379
12254
24261
29407
4494
11319
8460
14671
31921
31928
4622
30201
29151
3307
15994
21733
14032
28219
2657
8427
17867
24932
25824
14536
15977
5159
24318
23154
21403
26434
10711
14505
23278
20639
16379
3791
24846
11724
15889
9977
26505
6827
11968
1606
12246
8299
19919
13168
14230
20662
1674
19360
18969
8492
12648
22919
19236
6929
21740
8874
7922
13122
28105
24317
21368
24174
585
3764
28398
13698
1263
25174
1930
15973
19036
26899
2191
11494
5743
31063
18566
12275
1200
1951
21707
7947
20463
24460
5708
7157
15656
29493
13198
31923
11690
13506
21489
4530
7288
11831
10292
7235
2800
19341
23611
2383
8362
2823
22032
17477
675
1987
26153
13912
9627
4752
19689
17896
8123
19711
14696
27197
15739
31421
9591
10107
24003
32031
13023
1746
22864
11519
28138
24310
31066
1735
6437
207
16756
23755
26211
7281
4275
988
16645
29262
24082
11801
3449
9386
5141
26633
513
15696
20397
27623
31926
15236
1628
16189
31436
15928
22425
20149
5399
7811
3446
31787
9678
3662
4224
21254
31632
3921
21223
22217
15780
22078
30431
8165
25989
28219
13381
15058
29086
12438
16774
32093
13650
25780
17341
17988
27199
7243
2587
23296
26308
8145
6284
22498
7616
32565
17815
26209
19357
6860
28550
11699
29838
14478
3272
12698
6164
31106
7059
4993
15815
17271
13518
27079
16211
29429
17965
8539
29633
26995
14238
7561
8184
19402
32740
2579
20611
1258
27777
4996
148
24780
8410
31169
12873
21416
4246
12513
23599
16743
31047
1086
20485
22875
8012
28620
32450
23086
20982
9130
15833
21016
31465
26103
29115
12117
15557
18151
16797
13527
25862
23318
14460
10040
13609
28700
30559
17906
18193
28513
23773
25810
4264
25395
17886
14762
19145
21013
19366
12871
16222
25690
8975
26274
17093
2035
277
31578
23673
1670
10392
2146
25326
16832
1374
22519
3772
2539
30808
4566
18688
17091
14630
9899
14591
19077
28892
4044
21773
22346
29191
14119
31406
16019
12779
7034
20986
23333
26383
1218
70
1303
28924
23797
28160
20521
27969
243
9179
1111
7610
7610
812
1198
1042
28122
23956
6239
22151
27434
12256
18962
12781
18616
1069
20860
11510
18694
16208
15156
12464
17523
23925
17090
14927
29687
25093
4857
27181
21523
32462
24712
1039
13320
13918
4811
17578
17736
32175
28391
12390
16170
8458
30997
16225
27361
28709
62
2743
11183
30095
1993
24321
22358
15693
945
22555
29392
28358
6874
27179
10047
15836
25509
31710
807
30556
20162
30197
23515
11416
13381
27649
25397
16978
14076
17002
17802
26332
29184
30134
25565
13182
9355
26376
32339
32024
20489
20967
25319
6152
31858
20289
29791
4942
5846
2480
7551
12014
7738
1787
1148
4502
4770
10976
4788
385
23151
22289
9371
9371
4587
19580
30201
3046
31011
12751
7763
3612
29685
25404
12710
13718
20585
28538
22876
17772
18245
26124
31096
6622
27355
23237
13844
26611
30758
17036
27917
8287
15893
3421
30717
31146
3879
8592
19049
25999
28984
7262
16444
30115
32667
31649
12404
29495
13160
5339
6172
11902
1559
32122
29050
18675
8782
18522
2953
32501
5880
15500
30122
13492
16535
26966
21398
19025
23771
15226
11671
31553
31859
30651
4344
19699
18211
16030
5305
20658
17943
32110
5768
15564
10359
28802
17389
8436
13883
6851
17349
14821
25921
22120
5105
10312
17564
25348
28495
3800
12848
5315
20457
23492
3708
2288
24941
16724
25270
955
30686
8656
11549
23354
24200
29342
18315
5037
4921
23210
7241
4358
16814
4107
7464
425
4940
14563
12493
26224
10001
21382
2637
23538
17865
27103
7930
2309
9861
5136
11900
22145
22345
3673
4387
21575
7685
26171
16507
28546
26054
733
20001
24109
3118
3246
15574
25558
8994
30796
28626
21409
31426
14501
9306
29583
1950
23644
10645
9472
31014
6766
19100
30327
5219
4629
7888
670
9957
16876
13424
16522
9725
31316
18795
10559
20012
20247
1650
22135
22234
19532
28754
32415
3659
29307
897
29219
29136
15873
11766
32235
5690
15797
6974
22310
29844
31947
1741
29766
28434
17401
2194
30539
8772
30169
4046
3397
22159
2703
37
26388
9694
28331
9462
12147
10645
18769
28392
8757
17607
28055
12229
10445
24232
31534
18572
8212
8517
29253
32193
11079
4210
16042
26120
14415
3332
32306
9970
6470
6209
1628
29719
22326
27541
27953
1125
8740
14471
6510
29111
589
9450
7653
13993
11951
22360
25633
16043
11467
10204
27209
15445
7594
18671
6214
14843
23582
31910
28712
6272
20554
10793
7622
28783
7268
26471
10661
2375
1722
19208
21276
23319
17651
6819
21941
20043
3224
10546
7637
11718
3283
31171
12448
32561
13686
31344
19223
13714
28478
27536
31875
29216
10586
18223
16407
18262
24615
15548
22993
12870
318
5378
31393
15920
20656
4698
28621
1619
13200
8478
24980
2563
946
27744
25874
1788
20659
10972
25955
19958
12857
14380
10251
17785
3964
20027
28821
3827
6
29436
1915
520
10679
28252
10310
29225
16395
23669
6902
29288
2208
12292
31908
2954
2290
14621
31590
6238
16745
1053
2419
15438
6551
9441
19336
10292
25018
16949
18058
8559
3465
30095
4204
32565
3117
21246
2131
4650
24973
11613
23032
10802
25806
27340
20558
11908
18458
32097
15206
31745
19873
21530
28047
32195
19934
22550
5057
13304
29468
18949
27964
7409
20024
5086
9836
13430
10408
25296
23312
32093
14268
7546
923
18779
5412
2654
20954
13081
8371
14995
16600
32394
12131
3259
23551
21373
11160
23605
383
1646
2729
12436
9204
25506
15260
335
20291
12403
29489
25017
29892
22248
31011
10548
17063
28552
23210
27554
2704
7536
9796
22045
31621
28836
5301
17384
13066
17059
17228
8101
27018
16702
25449
25800
15865
7081
828
21835
25784
1491
21455
14244
15801
1523
4167
12532
5603
16483
27239
3969
6072
13746
8277
6502
12085
9973
8097
13193
25849
5213
22915
29902
29866
2575
11364
31114
8853
12079
1696
2875
5268
19262
9867
28790
12853
13735
7090
31008
20504
25492
28003
6881
10905
2054
2671
12758
29615
31269
26158
14726
30740
21973
26308
4632
8103
2697
2211
9667
19726
19548
23377
645
24735
7006
15212
15384
25217
21803
28139
10786
6158
1219
166
22188
2172
25749
5145
12501
13501
18141
29284
22471
1699
22576
6039
4587
15176
28757
3885
17497
19629
25943
19158
32403
7841
5336
22138
28274
29413
6056
3450
20576
26765
21399
13625
12232
2729
24455
8411
3019
12837
28101
16972
13365
16110
12441
19588
29359
27734
27931
19210
21558
17594
12361
21175
9931
30818
23127
12221
32620
7080
29766
13544
23620
4189
952
4131
14111
7784
20739
18493
7200
32688
21380
18413
6326
25405
14390
6676
5836
11162
13954
15171
30784
27773
10073
9341
1687
27561
4737
29502
2799
10516
9772
21179
8756
12869
19663
2668
8599
17665
21809
21960
7996
1318
24771
26960
29491
18903
3119
18638
17578
17881
1587
21215
30561
3901
2224
9647
3422
19008
26622
16644
20705
31599
11395
2430
23194
17679
27268
4381
18458
5051
19514
18691
13960
32335
553
123
21909
23813
3501
21819
9905
23518
6614
30950
15488
3140
22133
28629
3719
14829
2423
11543
13612
1794
19058
12214
8669
4993
7294
1340
10127
13280
23110
21878
26474
31475
10335
23416
30146
6927
25048
28641
19274
25200
13074
2145
22148
22232
22225
20600
16764
13433
10644
16256
16310
21525
1826
20461
30821
15460
9830
15316
24797
25270
26492
25258
6987
24281
18444
15439
11684
5693
29143
32074
9435
8790
6031
20567
30807
30274
5100
18719
16804
1964
32508
29766
7273
32496
11707
10410
17050
12927
20451
32234
14574
29062
8197
3110
8084
25034
23001
22790
31522
29910
27347
5630
2510
14425
4342
5072
30944
1482
23533
3922
3687
21837
17496
15217
6955
14298
19812
11382
18660
15516
25758
2184
6313
17815
29705
8562
9643
3982
23149
23463
35
28964
15859
1667
13449
5441
27887
2516
21255
13495
16637
3225
2861
4902
14415
30986
12262
17181
14661
472
14251
30081
13374
3253
3318
22579
6063
9751
17146
18413
19058
25145
657
22893
8288
20323
17270
32214
32033
23916
9652
18003
6467
24189
32606
2813
7562
1303
29313
30975
2183
856
8023
19447
4716
12154
18109
13984
799
20892
28903
16047
11917
32453
27731
4090
2881
9510
14587
2783
5941
11679
13263
4580
32488
22149
5730
23195
15024
11171
7908
17865
5714
16254
29776
710
22224
2526
6886
551
29314
3977
3292
31643
3944
14162
19281
2835
15295
28754
31618
10534
5330
3446
25664
691
20499
31290
24482
29640
23146
11443
5367
10690
461
30931
3838
12470
23825
10473
602
28688
26112
32615
22592
23162
31147
1512
20851
21760
13058
19825
21874
6513
21409
1015
16879
6152
12013
802
20100
7243
19296
15441
22690
14644
11809
9694
11210
16527
1240
3491
6655
18851
8640
29885
30843
2836
32254
22671
21665
3080
13873
3338
30003
28809
13642
3116
31685
25899
414
24263
14961
28142
24633
644
4557
7269
17013
28967
27418
28952
12748
11541
8894
27688
11755
30483
30453
4401
12551
4432
20163
25204
20084
13222
27949
5942
8052
5405
25768
4451
29261
11953
24274
22135
28574
6997
3168
3998
10738
14647
20823
21786
19350
28742
384
18662
22184
16882
16661
17561
11121
1586
24001
7820
18677
31180
13256
19007
31687
465
29569
22521
28450
18534
23309
6063
21558
5834
14403
25383
5056
4245
18154
21342
15837
13374
16171
25894
11296
17632
10309
20755
2530
318
17283
6808
14041
19460
9068
6766
14317
10576
17209
2101
10822
13680
12940
18270
27818
30958
10590
31560
29446
15817
6201
9897
30794
18950
2216
23088
634
9063
25069
13929
27906
16507
26097
17632
27979
19159
31361
27785
17803
22178
4790
1375
6625
13143
19637
20300
7073
14790
6041
20553
32493
15196
30126
24006
28293
30373
12000
21836
29151
13583
1907
18529
31099
30193
20212
8108
1393
19147
23407
31065
6732
18640
17634
18111
30746
13217
29938
27968
18372
17756
24285
28273
12956
14293
29616
23419
6197
29475
9914
6082
22135
1375
5696
11972
22514
18344
11378
16707
23667
21610
19614
19878
12245
13024
24740
22429
17178
23512
23210
13060
23483
31671
32528
30218
19771
5564
2726
22162
28930
27785
2333
30425
20585
21471
28604
25945
13586
20393
20564
21486
4986
9276
14454
19000
977
15325
4323
22336
15625
1411
4420
1630
17965
12511
7196
7002
20980
27546
5882
22993
30870
990
4851
23514
17374
5143
22863
15338
16768
7163
12419
5621
4014
10952
28000
9174
6118
32460
9353
30961
27662
15915
4138
8471
31170
11485
32231
9898
2029
1014
22803
17409
12950
20010
9507
17421
22781
28048
31842
22077
12775
11942
26342
22944
31286
3222
7618
25418
29116
2743
3709
1016
6737
18263
12995
4343
27939
11192
4187
29761
31310
23896
30041
18410
9901
21621
17557
16570
31727
15313
26203
11292
16109
32179
12644
1334
16442
8750
24581
25946
6908
25253
26023
21405
22011
5775
14455
14277
6904
23928
25439
29801
30784
10824
29748
27731
24705
5064
6705
30505
23771
3682
2212
2381
9530
29481
29159
4865
4836
30745
11922
23247
8526
32159
25839
22312
28980
21852
17582
19275
488
26150
10970
11112
5355
20815
16908
3077
28602
32042
29407
8354
28650
10444
14499
3480
9591
27920
11862
4423
26458
20190
26576
18544
5721
18092
27453
4576
547
24900
24272
21839
9372
24008
16054
12679
10102
27892
12105
21961
26625
30116
16263
2668
27972
662
12226
11463
1100
15728
4248
8785
30404
6917
20006
1799
4038
7380
31609
6926
25329
19409
29253
13210
2492
20585
6874
13070
19209
19392
28755
19557
24830
22077
5393
5584
20752
18248
2920
11936
2656
10834
26263
31847
15947
1302
2046
17242
10044
21279
15499
7674
12741
23179
20086
6132
15343
15886
24366
28741
24270
28730
7571
18081
30296
27645
11365
14358
23415
22123
19708
12013
1116
28093
8762
27089
32535
27034
8127
32307
31332
12438
31067
23020
20680
1785
9929
2084
18909
6849
20378
15731
1514
4330
13167
28487
18359
30700
25195
31366
4256
17286
23016
7540
17127
13754
22889
18646
15951
22809
976
3160
10982
28736
8402
8748
26146
32419
4775
24052
17967
20105
21510
738
10120
6232
4688
17693
30917
12051
14348
31335
14515
22049
31635
15870
6826
9296
17932
3007
17691
6169
1691
5777
24169
16678
17878
24065
23546
8977
3449
18218
18317
13679
30810
15576
28366
9485
32415
6893
12583
14969
21038
26883
24538
2500
24421
10322
25677
20359
17932
14548
8356
7972
24199
6568
16021
17998
8016
2229
24696
2508
30373
17807
26782
8057
27774
31646
19172
2448
8386
6013
7304
14118
31162
2976
22075
3576
5830
18490
31863
16743
23375
27229
8722
6849
9724
26211
30996
5826
2089
12686
26054
31835
4501
12011
18443
20657
1114
25468
28403
19561
1315
13717
27278
13859
7065
15239
12286
17988
5918
23932
17360
30713
11198
20130
24205
27513
23394
8588
16267
15754
32583
31701
8713
30790
1455
11526
2171
287
14295
11449
21027
10273
7208
17407
20193
15479
18609
26112
17740
18993
14805
31713
7937
25924
321
10219
12092
9682
24866
17385
18341
14764
10132
7889
3948
12054
24157
15783
20631
23754
8923
9119
12187
2879
14907
25986
298
17194
13804
3154
12877
25926
15443
2865
30386
28496
18881
19583
12615
4694
32162
6723
19208
32306
18423
26060
27668
1618
2822
12952
19207
954
1359
10356
1668
6219
6083
4325
15633
14149
15409
17351
22312
5899
16385
18228
14218
28710
5924
9895
17879
11661
23371
17761
1884
29219
19287
12300
14892
6018
24337
12703
9842
2551
17180
12161
6661
9677
20776
4337
16957
31183
22631
13733
22534
4872
19013
16305
21042
13773
8020
13483
4628
10238
2181
14861
15946
28808
16542
28890
16346
12334
4584
13445
5505
30602
25640
16654
28999
15950
26321
1134
21591
24528
11128
7989
7438
16582
17544
22642
15186
589
15415
2259
32549
26161
30649
16653
13689
18536
23219
12158
1862
20959
16114
2321
20187
18554
5213
31075
22386
8278
15656
24100
15110
12881
31307
20927
21097
15308
31795
18749
27537
2991
27575
18790
14898
174
32589
30506
13971
15563
28798
1856
24218
12828
26007
20749
3368
27855
9122
2247
23469
15979
7316
25818
16883
11864
11720
12939
26686
21410
8876
7643
24471
31738
20411
12462
13413
17406
22955
19756
3901
1210
31975
10088
22523
14958
26943
575
3858
18577
1502
13188
20768
16151
12669
13146
14534
1264
21207
15072
4790
3025
19805
13844
6157
28982
11818
3313
8932
12456
9529
2011
4385
19259
7894
21309
18835
2140
4434
26225
5951
13257
21243
20960
20212
31969
3147
14442
29478
23326
6752
30728
18937
7136
30124
17839
6555
32108
28910
16504
32471
31540
25697
16383
4583
12121
6451
25096
19850
28014
2360
7017
27735
31359
18144
20516
12369
1617
8551
14035
18619
18924
22859
2889
18990
28503
30979
21622
27880
9891
9710
16779
1383
3114
32138
25183
27447
17433
21222
16145
16904
28460
24666
4848
22787
23737
16757
11927
5214
7664
18743
17756
5422
24161
2176
10732
4989
9663
6345
15919
7837
26339
32530
6770
14267
19
15131
12228
31415
4229
22231
27040
18740
18207
2590
4813
11243
3713
18082
387
24132
14917
16420
20175
14375
6533
17640
7480
27151
4766
31334
12963
16225
11316
21058
26996
23293
10103
19326
15606
8722
4004
21487
29949
18742
25294
24045
13514
14262
14302
32335
28974
13610
1497
9879
4595
5453
28769
20329
17015
22028
15743
10050
13722
25565
22687
6502
24794
30802
1756
16666
29373
18158
12414
7444
2160
27703
25537
5936
26285
21260
29913
13412
14817
1081
24370
246
8591
5193
19452
3308
2799
9116
25063
3269
7900
9401
16939
29286
18157
23780
22220
4695
3553
21236
22044
10543
24384
8287
8065
21837
27199
22679
21880
22729
11236
31385
22746
14250
25708
8386
2399
1626
31722
25317
28512
31831
6704
7836
13025
7978
30194
6619
974
6557
7977
13259
22405
4905
18614
6101
8085
7086
21832
9980
24005
32615
11135
2929
14681
5916
5458
10849
31120
26777
11950
26642
2417
11104
10079
29230
26823
1435
23604
1119
11883
5460
2910
23323
32705
6632
10266
18626
8581
20921
4496
8422
1480
24612
12538
28137
31541
20403
17160
9422
24985
1171
20611
19273
1955
13128
6706
17432
5608
12191
31738
13718
11049
10212
2888
16014
3545
8278
29876
27981
5850
17112
23774
11515
14728
22249
18588
7467
19704
30166
20568
1968
31361
20270
8883
26802
30076
4471
6766
15618
24649
19231
27531
2731
659
22454
11183
22474
13524
11610
14795
927
9499
7794
18683
13795
22797
25503
4783
22620
4393
495
29704
20144
29009
24916
31365
24695
4742
10069
9182
2451
25076
10756
21808
9412
28974
3888
19803
9335
7098
27611
5800
19935
9680
30702
15280
10823
14431
10796
17273
8871
24145
20581
14561
31093
26384
30700
16704
5821
21065
14923
1609
23156
10480
16948
30513
26890
26500
7355
9492
9790
23956
10947
16020
21046
9858
18102
28355
31951
8071
29306
9027
17202
32503
8608
32171
2984
28870
29662
29741
13231
23628
29631
25974
25677
14149
11673
9174
164
2588
12992
15265
25287
2409
23801
30933
23244
26808
26161
28668
9250
19084
10351
3668
17701
29091
6664
29998
3312
6012
23058
9364
9074
3095
24858
14638
24517
764
10778
16743
22714
12670
26533
28107
25529
8769
6501
8371
30152
25082
5575
8485
6889
26998
23541
29942
30633
26846
16901
9777
2294
22585
21359
30653
5681
28978
29637
19769
2436
30235
6558
18987
8822
27187
13780
27738
14012
7972
6895
9592
30034
15312
30944
14340
24523
8269
16627
23407
28134
19246
1535
27518
3937
9221
11487
9967
18
20262
294
16735
8755
28333
527
19563
21246
29890
31667
15382
28026
27419
16511
2666
28564
21443
5860
15971
30065
1818
12112
23048
32515
13086
13918
29659
13274
24552
22346
32627
6461
7545
17063
2408
28282
16055
3412
27247
9082
17843
31660
13766
7576
25901
3325
26323
16051
15194
23355
4616
25218
10725
8950
7433
17960
28467
1930
16913
3593
25835
26518
25234
24027
1974
21935
27931
14080
11331
2389
23167
4371
1423
23589
1588
24769
24675
10065
26105
218
14366
5454
25787
12711
2228
15308
25786
8831
503
4587
11496
14741
21
5804
17809
3604
28002
15269
2113
18542
29016
26618
26339
23792
4316
10120
11814
21659
9155
23139
18213
6191
17301
30851
15430
29064
6033
15802
1378
14125
8689
20969
24359
22055
29295
16756
12731
11791
25095
23027
19106
29547
15359
16171
28130
3131
30757
19516
613
6862
27224
5403
23966
10970
2889
7235
29296
13516
16003
4264
26443
27485
14761
10221
22424
1894
28927
26838
17495
1525
11564
31232
30726
3232
11839
18640
25029
26649
32751
7337
11193
22787
25383
27234
4270
8964
28866
31735
13568
4636
22931
16510
1723
27189
26536
22621
26881
29947
9423
12731
11948
8685
19034
18740
10293
27828
24096
25297
18645
32180
8388
20279
9961
14562
12602
4382
23451
11989
2438
30469
1471
9247
14535
32036
29691
8925
32373
2979
14891
19085
10983
25865
13827
21024
26904
22775
18166
28752
21930
3862
15703
7732
1835
32334
17599
26642
27544
25657
19886
16500
7967
20695
14965
2430
8233
6787
21331
18558
1176
20005
17886
14277
5197
28586
13220
10934
27886
7857
5139
30748
4838
29575
28054
24257
5037
10326
10753
6204
7497
25241
2607
3594
12053
12499
31977
25824
18369
4225
23818
21056
13466
4173
23265
28747
26123
25220
5335
982
28004
29642
9042
26815
2011
23053
7129
6273
23249
12215
20344
32519
17750
12072
18534
4542
27374
8803
19173
23790
23445
31495
23914
31562
32002
9858
7166
11206
6441
29313
23268
31144
13827
5546
23676
10978
6801
12430
7783
26783
9503
23257
492
22044
22214
4300
21402
2489
14388
5358
30255
7248
31664
6654
13497
17093
88
18731
32763
9694
6829
30856
6930
27733
18002
9658
31577
11052
9489
2291
24457
12353
28447
21541
25125
23330
14497
29295
2837
30754
12398
23516
9360
20909
15383
20812
22336
27608
5413
5298
20897
7740
19361
29056
32427
5
20954
10592
4016
23110
30050
6437
23943
5264
26970
10753
25834
20418
17903
25336
25117
8994
8485
11924
20432
12205
9428
10459
19783
32172
17903
2430
12216
22664
268
32339
17141
7391
16417
2565
32074
11479
19852
15115
10921
32435
30807
20182
21252
31140
19897
5455
24571
5345
3040
10368
17847
27897
12781
19601
13078
17256
20801
3063
3336
7273
1015
25576
14649
28428
11441
5394
31728
7048
25496
27788
27959
7122
13470
6413
18748
8815
4871
24668
8183
7046
9767
18695
10253
17465
21357
3160
14580
19509
10656
25733
12376
13704
4457
2855
18110
26292
26386
31725
5992
8961
24973
20370
24440
23831
27320
17164
14424
6091
19679
16135
20824
18746
22914
29585
27801
29716
27993
23575
9003
27451
30102
16272
13426
29581
23146
248
25806
14333
29386
21504
12154
17385
25971
10756
20405
30632
6956
27453
25888
11106
9803
20536
14184
29732
17274
28550
23844
16179
22459
21430
18945
14241
4010
11648
2076
10783
1026
30275
8367
23314
1891
5810
30704
745
339
26057
8246
25773
31362
5127
26718
13017
15954
22231
10605
13933
13718
26703
6006
27710
24218
12060
6591
3216
1637
8893
28191
12518
10042
16368
7082
3097
4197
8554
30865
26792
15156
4299
18243
24911
28995
9169
11992
2011
10236
14796
4784
28220
13663
27986
3415
17884
16895
20019
4780
2351
7245
30639
32067
25484
20761
22247
2823
19259
11606
13714
3364
463
3358
23793
20260
28341
7158
25861
31063
2062
27218
1023
29305
15802
31836
29176
1167
6837
13809
13538
18706
4263
18412
26815
8271
8630
680
22545
14350
23711
12736
30865
25970
24325
25881
8227
22048
21001
19235
1546
23715
5402
91
25688
23568
2830
30741
19881
5861
15730
25208
2833
25911
18975
13258
5715
5645
20238
12526
1108
7
18542
9514
29647
1347
5363
9518
21577
3712
5232
850
6472
16772
5288
22816
11712
30396
98
18962
15310
12835
1211
25500
7336
9060
8384
15981
1237
28995
21308
17651
16537
21561
23247
17181
5300
17502
15424
9060
5964
16013
788
32012
5415
25794
28768
22439
22301
32198
3035
18396
23501
6159
19255
18790
22928
21473
17330
31327
7339
6330
6632
7103
5577
14829
9195
31520
11432
20109
29077
10692
11026
16524
12061
9432
21519
22308
5609
21242
31577
16502
24483
31482
12560
24178
28559
6109
21935
23286
9756
11816
10815
18234
4793
1627
12490
19051
30697
28859
28947
9110
21914
30292
30084
712
28083
6975
5224
32116
30444
5665
22874
8724
29154
8436
8957
28435
21611
18186
18670
12523
32550
21582
24055
2955
12631
18894
25222
13051
28402
31606
31581
5954
3318
15134
138
1928
22524
13512
30874
4216
2320
24610
21514
6632
31935
11091
31998
1980
24689
17139
3893
25095
18938
7003
19517
18548
28011
7968
8163
13541
25902
9946
18670
20825
16466
7722
31245
25875
19235
31227
1805
7417
17918
25607
29263
13114
32355
16285
28282
14899
32332
27554
10349
3732
17853
26071
28024
13502
17053
13145
459
9584
31428
12910
15150
19875
7253
14718
13299
17842
26702
10080
10793
958
11101
18648
24339
3409
14582
14173
2777
27713
7330
5407
14460
27352
30106
19016
7695
23345
12436
10114
17701
28133
5085
4538
6022
23528
20904
6948
9254
26541
5286
11648
12375
31121
15062
10651
26941
23414
12959
8216
18818
22446
11804
1904
1868
16156
8375
4920
7788
6805
15097
4259
19161
2956
22688
27719
1884
8175
5362
17700
25740
7500
31058
12514
19453
1848
31249
5466
949
25841
13702
15192
1503
2626
10593
32415
196
26535
21052
16174
4854
9650
26995
30658
6094
4013
13622
7580
6169
4481
7900
11652
13071
19671
890
2574
4997
2428
29365
3868
17763
1290
20436
32420
32599
26053
2330
10932
13515
21699
22866
179
1045
848
18347
23017
21742
8080
22982
13634
15142
31846
11278
15950
29078
28821
25672
17805
341
12581
12906
3562
26927
11017
21425
4997
22866
8190
19438
12213
22347
2742
18721
15950
24113
3638
25928
10271
20256
29821
14969
30399
17897
102
32047
21898
9736
5839
4322
9190
29655
763
19162
31947
19969
23093
22340
22402
6968
17078
29830
9644
16427
8649
30928
4743
29106
29997
22003
18285
30540
23483
3959
22941
29132
4424
22247
17726
31311
25037
17008
6561
11633
22470
20907
15047
30401
10711
13494
23587
12402
11189
2441
6304
27475
17988
903
19430
29441
15101
12628
4313
25178
13971
21735
2403
23606
30422
480
21364
15442
2007
30235
20295
21645
23629
24709
6886
2647
17719
2606
26352
26726
3267
5536
2202
30890
14447
18544
27892
31364
13934
4882
20846
18739
31309
19185
26010
1679
19670
19135
14899
24057
21301
27914
8543
29586
4441
5393
25649
21419
27549
14805
29042
30333
27560
10099
27041
11290
19601
27312
11320
1188
4679
6870
18993
2237
12337
30143
457
22078
785
559
10116
29996
8750
11367
8305
30952
19378
4342
20911
16805
28753
27091
10544
29215
8747
20905
9149
28043
27380
20850
29754
29129
19794
27719
12332
8673
30086
7542
9592
5293
23887
31958
15725
15315
26379
32087
4357
14071
13344
31197
4712
26414
15002
1103
28594
22197
24086
10986
4854
18659
4062
10204
25475
1628
14933
12046
11366
14728
31638
20033
19504
28483
29528
4956
4601
4054
10261
27908
27556
25638
18283
31086
18789
31532
17858
14193
23169
933
8495
19936
1877
28171
19352
23830
19610
27331
25
3794
23527
6296
1959
22598
9591
30568
12531
8810
12077
29469
32657
19606
23765
6879
22106
15696
3501
22665
8463
30051
13092
15449
16703
22833
17633
12523
17002
9289
13831
11112
6502
15164
20408
11259
29442
20397
5336
8836
21994
2728
4883
2961
7114
12597
17697
22922
1462
30508
27208
32299
28618
29770
30499
10295
26637
28549
931
2411
11419
29853
23123
14513
21764
26612
3296
1175
10991
3231
12760
18943
30211
12477
12210
8984
16135
29703
14607
653
20039
23721
24127
3836
26938
11857
22535
21161
4963
14213
28577
4980
22133
2361
10245
26376
21946
19617
3175
22358
12469
11076
18433
11074
30983
32082
27410
10139
16271
12855
295
23633
31957
10096
23705
20962
22697
24989
15191
11030
5383
23512
10469
3820
8254
24902
16805
28372
4689
9451
15190
32030
6558
3011
22234
26547
6845
23822
7996
11011
1963
19691
6641
4414
12840
5416
19550
12743
7517
4185
15003
1254
4802
2855
17271
24509
32319
16363
32188
27773
21906
12412
31412
29401
3824
21060
4587
1211
27375
16538
6711
25398
5539
26956
13302
12221
25351
26490
2199
15762
10911
171
9052
6016
1628
30746
18269
3533
30912
11345
26321
24683
15938
13049
8073
22894
19956
26353
24765
27587
19811
7325
7691
10782
31679
28801
13245
10804
22588
25614
24651
10283
1975
15547
30496
32334
15773
22872
12449
17670
11273
29087
15212
12037
16172
29709
29405
30149
10226
30192
24279
27185
31202
27072
24769
32162
24647
4018
12750
22284
11917
21643
5762
18554
20461
4786
27506
14519
23117
27018
28491
21838
18529
7934
28181
8373
7959
16222
12729
12486
562
28521
23489
12654
31796
9387
3168
32681
32130
14345
31410
28846
22211
1690
25156
6502
12937
5304
27095
10787
21043
26455
26465
12943
4626
1942
9557
25059
30922
25748
3364
5977
22011
1925
23300
22243
13345
19973
16112
30237
8633
7851
3824
5504
5542
19426
28314
14809
29394
6388
4057
6650
28440
5480
28909
29872
24930
17038
15283
757
15118
14168
10791
23142
12439
13931
5159
21495
21873
27254
2682
19173
12084
15555
8976
18412
1021
31244
23179
27835
26641
14735
12031
13221
20164
14948
22518
22425
8858
11023
16312
30804
10411
3922
8649
20181
13132
14405
29362
1553
26603
680
29956
3049
7227
20343
8091
28249
3730
27327
14624
6386
32143
21681
19665
1674
25343
8436
23685
15154
22017
24640
29674
6760
22633
18473
274
28046
4963
3384
5678
11931
18265
9024
30873
27409
29462
22511
8472
21295
30251
31652
4448
18791
12945
3200
8920
1554
29073
6080
12961
9059
4065
17738
20180
9625
13584
16773
18698
21369
6691
31086
21026
29436
9089
23785
830
15941
21004
6996
30735
9429
20369
3682
24147
11522
6754
18215
7835
2469
5185
29039
594
14356
30848
340
31483
14928
32103
24336
28346
16767
9430
1295
11798
23708
43
17481
30461
32621
27494
8910
10504
30133
908
2210
3841
5804
23625
11980
24995
19628
14552
1194
26528
17709
19496
32647
22249
23795
17463
2159
23337
7302
9410
31810
26002
22755
13601
29192
10717
19569
1389
15236
27788
15414
20195
21516
1651
32075
13197
12696
16758
28301
8479
11288
29332
14998
23327
28427
29989
30188
28744
10573
27487
28023
7985
28464
26655
14649
28202
719
26087
26425
31334
30367
12066
21184
16992
24135
7088
31688
28535
434
18334
29362
25307
18018
10037
11319
2477
17159
7223
20897
15458
12624
28773
24891
11625
12801
22852
13062
11021
5958
26913
13741
14492
10566
4435
30651
17097
6396
6592
20748
29519
5442
12707
16513
26583
13871
32140
20984
20508
12963
18088
8316
14157
5152
12098
18616
31923
23772
4234
24498
16275
21524
26005
16822
16982
27810
26534
19855
2279
31186
16300
24574
13917
9842
28939
9060
28122
25128
24991
1986
15026
14601
8958
30435
17360
18790
24830
6360
20054
19433
6520
15525
21380
25057
331
14650
11739
7643
15011
23205
8578
31346
16507
12165
17384
13160
11104
19138
1707
13557
13176
19835
27065
5470
5060
19776
6325
19658
12962
27266
30620
8018
13206
11079
25256
27991
22089
28194
9588
24088
18130
2403
28002
6275
17205
27275
15162
32332
14889
18947
6163
7485
18207
18189
4471
19149
12159
32762
16578
7667
17717
31390
25035
15164
21100
28929
15558
10012
29337
22103
26473
4737
31932
10290
8526
21934
25315
24567
20377
3399
10991
6286
23514
3496
25754
15454
31285
8315
16569
20345
6848
16522
11711
10771
2604
18385
7555
14137
1448
17368
22595
3008
17922
25664
232
27003
17935
14235
11915
689
18510
10881
16185
4557
24520
31968
18419
6488
58
8595
17913
24613
22902
15414
30025
32203
519
12601
28770
2904
13588
31796
32077
19524
10119
16506
11230
25508
14445
18417
10552
27040
160
25633
27791
29991
1444
25994
8498
28130
5072
7483
29128
14950
942
7328
6361
7853
28324
10140
23185
24263
5843
3287
19393
31181
1599
22618
2599
4375
10544
5209
18927
20398
26585
3151
23673
26116
824
18001
5213
28131
14653
9883
10925
19108
29742
29040
2426
22945
2378
7969
8089
1773
19117
13931
8614
6722
28787
8453
23626
20538
7456
11898
31674
5058
320
14645
27776
27596
25162
8666
14718
28997
2250
5341
2864
24903
22975
20045
11313
8079
8002
20464
14081
15665
17513
15765
20741
22410
2155
21414
5839
25463
27909
11261
7584
14532
25628
17656
11819
29160
163
32464
7324
29679
11967
806
25049
12983
14121
19167
23048
1375
4565
13874
19537
7933
19409
27391
8165
32655
1135
28003
25151
28981
17830
9865
682
26013
15286
19907
26371
18366
4107
26585
15808
5577
27492
20641
12593
22364
25396
719
24582
17401
22088
4623
16146
11704
31915
2897
18510
1080
11975
12132
6945
987
10188
15303
29150
25907
18262
13756
4239
8375
5706
27549
4337
6843
4864
8307
12223
19359
2216
5573
32563
14406
30182
26542
8907
20169
18112
28466
30793
31597
26042
7890
20989
2515
26687
3422
9798
9839
23107
8971
22615
5179
27943
7366
32311
27309
3549
22983
18443
28646
9804
10088
27800
25388
3574
32568
16132
19354
28120
27467
20956
7958
7057
1237
19292
21892
12231
16631
20202
15417
23495
32729
8163
7603
17003
4601
24986
4487
22593
10179
6302
2202
3817
24417
20796
27028
20415
25812
3909
20882
2491
22596
27410
19740
22165
28308
32708
7510
31532
58
3792
23930
18216
31310
31932
7301
6110
26080
2851
16177
629
31119
29695
15908
26951
26967
18984
5223
138
26795
17175
29209
1584
4804
19952
1893
12555
11576
7104
31665
6965
30926
32002
25880
11183
1169
14441
21531
17224
14115
16089
18323
12481
596
24758
7402
12334
29939
26722
20619
31135
7909
15873
8855
8960
31603
30848
29658
22846
21992
32725
28413
13484
23644
9352
20989
11428
21707
20594
27612
28273
10346
13509
8854
7020
14650
6476
5462
12902
13789
12532
12010
10310
24489
6028
15476
29683
30459
23753
23651
4469
16845
16525
22946
16471
24715
1128
18191
335
25891
30304
28463
5921
24668
6381
27680
3776
22888
3144
31695
4790
25532
7397
25707
3527
18207
6974
32025
24785
28161
24787
12009
12279
3599
9839
520
2814
16132
4012
2872
29943
29634
4025
19838
3871
2465
2907
25626
27395
25095
23602
2236
18408
14905
6462
18933
16233
13680
18594
1516
9570
19760
24231
32082
7949
7125
11779
4760
13675
13679
11612
2399
26342
719
13832
23088
31796
21218
8215
28269
9342
5694
24467
22663
7362
30971
1798
23666
26230
20164
21309
23638
20846
1325
9292
32136
23807
4167
2002
6584
13413
1395
14462
20588
19042
22643
14034
19629
22568
28359
24359
4863
17273
32054
8434
27543
12301
25515
15173
15561
16436
31554
8857
27072
18620
2723
29642
2417
31765
21647
6243
2513
20659
29880
28
4934
9908
32470
5025
16476
28867
5111
17557
32186
25660
25110
24279
9812
29840
16880
32516
12258
7660
26387
21053
31632
17173
22072
810
7927
8855
5586
30782
14668
10014
19687
18237
10455
5924
17439
508
13479
26572
32027
16489
32389
14094
21511
3018
20774
12565
24435
3914
7845
25829
606
12721
17200
19521
25748
31859
24577
2764
17723
29676
25231
10350
23464
17642
3078
19193
14967
27500
3317
13069
26842
13993
2375
57
9777
20052
6261
98
3035
7455
5626
3689
332
17534
22022
17416
13920
32173
4726
765
6127
3060
9220
6507
29346
9258
23483
1405
14341
28024
4271
7244
6621
32607
13802
6147
28603
252
3241
20801
6865
19851
18121
10174
23557
16939
11644
24114
20548
6368
8256
28018
1817
29918
18
4828
26494
1029
23262
7670
22258
22952
27451
16722
22219
26258
16469
27317
3022
12875
8746
26231
25597
14743
1530
21037
20144
5696
9976
8838
15079
21525
5958
16499
20447
5939
23840
395
5091
30595
28760
32685
30053
13700
11266
5095
27213
11339
2160
30870
6545
9416
12641
22223
17158
28234
19573
17150
22902
24645
996
27853
754
10580
10608
1608
29545
3962
1432
9790
21882
1453
9999
10730
13703
14997
18028
22994
8971
1169
4643
22000
31789
20219
30388
3344
6037
27821
14114
17273
16510
29635
27047
27855
14604
1699
11430
23864
14048
11835
10209
5566
3563
10634
11756
12277
32127
22114
4578
11485
21420
5996
1366
11017
23241
23404
4748
18433
17745
10694
1769
12518
3057
22594
25001
9812
29150
19980
6864
30604
9068
30719
22115
14547
8925
21026
22487
14613
30582
10867
18890
31438
21209
228
11761
13355
8334
10404
2386
6764
13283
3743
8371
31884
2038
18760
22866
28964
17936
21910
4566
7053
1588
9548
1926
19524
32248
25214
7097
147
4500
3153
3469
1390
31545
20738
31708
16796
31908
18730
17260
27415
20210
30784
3430
11188
17590
13919
8714
30982
21065
26441
21408
9088
28769
8877
5554
24795
3301
12709
5240
21943
32256
1411
24724
25221
11125
3021
768
14244
25138
902
3396
29898
1575
14255
31212
22438
5720
17166
28985
15812
14129
16686
17943
32176
14106
4263
16207
23390
16716
2719
254
7113
13027
21393
10822
31707
17972
10574
31555
3725
2144
21057
5952
17999
19754
4598
14123
11690
5381
18142
24647
4900
6513
5452
29473
11364
29576
17348
9925
29846
4308
11381
17457
18961
27236
26628
13834
3895
12831
5515
16526
21149
27224
25570
30154
17005
7074
16413
14861
28424
7397
19797
27804
8431
8625
2476
2215
17891
723
17547
21116
14667
29990
18990
25851
27607
8876
26723
13130
11875
23005
12430
21194
9246
18239
6897
8521
8171
27959
28458
7033
28935
19999
5629
30624
25324
31896
14420
22674
29814
1570
20356
11485
2629
27626
2770
3651
8290
7650
11830
13677
16165
11287
20063
21981
14166
8768
3574
30245
27026
16786
16423
6230
7408
3292
5214
18108
10469
23247
12110
22728
30309
25245
21816
1102
7243
30407
2410
3825
6907
25135
18182
13275
31558
7029
14084
4529
21646
17024
1914
13509
32298
7259
18459
4494
28683
323
28670
854
5792
28926
28834
9011
7672
16750
31278
2872
30759
7013
21757
23020
8938
14779
29785
2555
28814
7838
9863
29228
22541
13098
1541
403
4219
1337
4111
3080
31648
6013
1127
15064
9191
30668
29270
30138
20855
4026
5870
22532
31391
25453
28819
1566
4983
12973
11194
30519
196
12347
19695
1848
12829
17252
15389
25846
10060
2005
5386
12460
25847
32689
24865
24232
7296
11233
7796
12868
2857
32428
14337
25880
21628
23687
21300
20078
23530
7982
5806
7926
25010
20211
20037
1212
26372
1622
4172
19286
7526
13271
18452
19554
25944
11784
18866
17456
8243
19942
21251
24251
22871
873
7662
4318
2693
6234
26601
4548
32650
5477
4799
2209
7454
32111
17040
17055
3851
21290
7449
1308
8594
7398
3637
20498
18954
23210
13732
9430
8906
8835
25100
9478
24137
22300
15677
7612
30084
11407
3513
21256
5536
28539
12660
8094
4305
16983
13784
15563
22138
17669
12556
18094
13974
23210
16502
20644
29782
446
20607
7684
27659
29279
4502
21261
20551
30443
15991
12828
16959
13005
6061
14626
18804
19351
14421
13142
28307
10322
10278
4903
32153
15121
20142
10357
13114
2253
11230
1792
22916
25452
31177
12577
6080
2595
7081
23224
31129
9214
32291
22629
29056
18621
19660
3835
23118
3042
8427
30513
15403
15880
3457
2459
22703
22646
11398
9945
16968
18164
4470
20495
732
990
17676
17301
5551
14966
11853
20975
14470
25470
3273
32511
22541
4103
26654
17273
7030
22148
6333
664
21347
5666
19953
2063
20486
1116
13597
8771
25222
14537
9797
11447
3493
11065
31183
7879
10657
22529
27531
29338
32599
32403
12018
30802
7854
11858
6315
27013
29747
5540
340
20721
25089
18248
17790
6763
24548
27114
1785
24345
26302
1524
4947
16865
11049
26024
5019
28705
27485
15212
26986
6817
21589
612
23845
31430
16941
19782
380
14344
24527
30570
28726
16805
27086
27681
17457
28823
6290
30792
29860
1476
30134
23069
30120
22646
8366
849
16887
18698
18093
16734
12787
19436
20933
16410
17386
8387
4945
6796
14744
2536
28048
28159
12013
6173
16530
9046
3601
24188
7768
25247
1190
8877
2615
25835
24141
23900
18301
6236
26731
7914
31575
19071
17197
11363
9714
19676
17353
26801
14049
18380
19463
24079
16575
12171
15105
31680
4117
3982
23334
23552
10621
8215
29061
9787
29448
23046
21065
24957
3294
31986
7807
19242
7460
15224
3872
1519
4899
467
29003
13560
9638
2733
14290
22371
4259
13877
17912
30709
22046
22386
22393
1292
1611
27607
10699
25813
21235
28951
19108
6591
29208
19771
12220
2864
5084
31985
31700
18038
28575
31783
5367
19456
11368
7384
28672
15566
10374
16422
13660
31782
25719
9642
8977
6537
5384
17672
20479
5861
8382
26054
13414
24332
3189
26974
7081
101
6983
31633
25426
32737
9647
7423
11093
22577
27630
15349
23449
31031
26542
20358
8884
23482
24806
10461
20983
32093
18941
28369
15018
22738
10034
30650
28824
11851
1339
30083
5583
12337
17196
10241
5025
26649
13211
2435
25838
26612
22786
10667
21926
7045
16740
10876
23433
19993
17716
5043
27697
14450
11634
28763
29779
11012
1303
27292
21570
10340
6579
22996
1460
1021
28501
30441
20169
22789
11179
10973
9801
28079
15466
11170
11565
22178
15600
23344
24930
28331
24361
7382
28105
30382
23471
5325
15234
29155
11573
1555
10346
4670
6949
17014
1762
18735
22408
24815
19155
20620
13351
11826
2031
16332
13039
2947
9529
373
30106
12235
27079
15575
20620
32491
18118
2043
1275
27472
704
30167
26195
5576
10778
21699
28377
8084
26849
12593
1934
25278
12742
28824
1878
1197
22118
6321
11609
5878
29903
5862
6826
14965
24128
7176
3879
30877
23345
24640
28064
18188
28819
25416
19259
26978
2649
31962
3606
9556
12087
20841
24367
31996
8618
32528
29569
25459
4664
5832
28784
8098
18169
13789
28519
20821
23638
21411
25792
19601
785
5989
28132
16168
24454
19102
19123
21642
28208
15211
1574
19422
4462
9025
4658
13394
11399
26075
23280
17327
28652
15479
5372
31536
15038
8514
19227
3732
13712
3857
28448
16754
2670
26961
29200
11981
24094
8257
10116
12008
28325
25951
30799
20315
31502
1055
10337
4455
22630
13027
13291
25223
22539
28712
1988
839
25383
16381
6412
20569
28535
23994
8207
8678
12625
13806
31339
13602
12005
15513
30838
21539
6339
29596
6618
12275
2973
13677
32130
8420
8014
6159
2234
16675
26396
31810
2449
5520
18234
7415
22658
14541
17297
13062
15700
15509
11201
291
6975
13648
18530
23567
10320
9188
28047
779
13327
12749
5797
23698
16734
29552
28488
27463
30628
9388
28071
3885
12075
5043
25089
26390
7367
11800
8041
26206
24761
25641
8646
29400
31954
22142
21789
7945
30172
466
25107
21652
9269
23826
9133
758
30653
7604
10843
9843
13042
5706
28725
15184
24922
25431
8836
28995
3362
23137
9348
13096
30724
28487
12136
22261
23406
981
13215
2544
29664
21910
24406
19744
23445
32233
28222
5633
30823
14423
9871
26492
237
25380
10061
30485
23782
28196
27594
12903
25818
11216
10348
14541
17662
14489
25776
7523
1881
27773
30319
1325
2341
2775
16992
30101
24440
9339
26079
26395
28451
24578
11756
28744
15322
7267
32631
7395
12950
8644
5339
17768
29496
21647
13480
31414
23919
7879
17829
23048
25819
925
25621
23846
28787
4414
23610
31453
18724
9456
11800
11180
23482
13661
32379
9920
20996
5934
6459
27427
18227
28636
26815
26928
7044
19139
1728
24650
11039
1145
19023
17613
27710
93
30490
16965
14481
23667
29163
11742
17890
5999
7793
32028
4597
23823
19011
5324
17842
27822
18722
1083
21381
19991
9854
165
21766
18583
4156
13552
27605
20566
24247
14746
10696
24038
24069
18673
17481
25629
15483
898
5881
22560
17011
22739
14746
32705
14156
26709
11563
31243
6067
28308
25684
13850
289
4785
11013
19505
30373
10258
12635
27910
25316
14424
15811
23392
31582
27025
19041
9188
26867
5295
4531
1836
22949
8250
20081
18970
24479
29505
12984
24684
16759
5270
23144
9616
8112
19003
15563
6073
4995
19735
24951
18738
10974
25837
23669
31731
26030
143
21922
7026
6234
7759
8022
2235
22415
6327
8260
27843
20803
11130
5281
1273
14068
17577
27273
7711
7473
30250
15774
12632
29788
7015
13810
22402
32430
1859
20007
1733
26491
20050
17620
20076
24504
329
15659
1268
25530
27571
21209
7267
3648
10982
9518
4316
7348
12598
7550
9583
2222
2408
29895
25397
23226
28266
15507
3741
6747
2881
28448
1793
32592
30530
19135
17533
18453
17029
31866
26624
22957
9879
24057
4515
3231
12143
19111
28986
19263
28835
20496
17705
25902
6876
15757
15226
15396
1416
22308
26924
11757
206
12202
19405
24498
967
28202
2379
20090
2795
651
25095
18672
15049
3436
2347
13927
6908
32595
22334
20251
32090
13063
2805
10682
25966
1850
3148
16931
1065
15211
26070
23917
7124
5131
26705
28459
24649
2527
11390
25582
10083
2213
26416
29964
32179
250
17314
27040
29556
20859
14349
26834
13761
19243
2170
16729
18438
21781
27605
19006
29109
29490
1860
16610
13370
13452
13239
18498
23856
19620
16831
28026
2261
23569
12195
21896
10427
11371
1457
30803
25281
25447
19666
3308
23618
28995
21345
2835
17804
15973
13373
26109
14740
23615
21533
25684
17896
15733
18724
14720
12004
14658
24758
17445
17449
24088
14217
5612
22859
22406
6143
10375
14026
27487
4787
25583
5956
21017
1361
23024
1256
28275
940
23272
11054
10330
22282
18380
28869
28430
1986
17771
28109
9857
9482
13559
4679
1024
16138
5569
4298
7700
18229
13380
24951
13227
19160
19045
28975
28275
15347
29945
20739
9351
15433
8840
31211
23885
7859
24400
30907
7582
4793
8845
5716
16168
11875
248
20503
22289
19021
26766
13472
28637
25594
18834
30896
6802
31338
20693
22634
6938
6383
5941
6339
13288
1084
27236
15668
21727
15807
4843
17841
12655
20785
15214
2271
513
8299
23857
32386
29845
8571
21979
3636
4265
17143
2682
13917
4701
27281
15304
8031
214
16876
28589
28433
992
17838
5124
28783
15575
19159
16034
25488
9927
28241
11924
2520
16850
8903
29353
17006
3538
20667
22833
19184
6208
15571
3331
30822
8533
10356
965
31861
7278
24722
8551
2774
4021
11975
13553
29446
5886
24738
12927
574
3567
22849
20105
16805
9572
24866
24168
25797
26641
10294
8726
31803
29290
11831
23350
16563
25023
1340
21844
2580
16044
8843
17261
18168
26288
12718
5810
2143
14620
7625
12937
30116
2863
17706
8661
15536
10111
2850
12663
21101
23706
15379
5141
6013
24302
30667
29465
13613
486
5648
4349
18084
3158
14716
24775
8801
11289
1164
14031
22500
19705
9459
30408
13738
22222
10548
25342
27487
5866
21615
28893
7248
22709
25723
18099
30239
29077
32310
18103
8122
17425
13337
19273
5261
32309
23312
30843
16375
5944
8584
18129
27899
20572
7369
11077
24121
15638
16518
142
8732
5743
29874
5538
30548
23978
15766
1402
21895
4647
10785
15381
28227
32391
31871
19647
14904
24849
16621
32147
26276
29524
18123
11327
14094
5390
12274
28679
12087
7757
2633
7437
6478
7380
10131
3279
15459
192
10123
20465
22302
31852
26675
11581
12977
7057
20585
4584
25099
21938
10427
22294
334
8119
30332
161
2436
16600
3351
22806
3214
28348
18852
3841
27996
29922
11449
14187
26724
27457
18051
22944
76
16427
10517
26678
8938
6519
21759
19274
6767
20703
21539
24589
7903
4007
30404
4480
7109
19840
26336
28283
32292
13995
1472
24820
7856
15713
18381
27262
7230
23155
677
2576
14970
16686
24942
12040
6360
2689
29547
23919
21965
7010
2252
26495
29246
19053
20939
24674
2361
2254
29684
11325
12259
4706
2500
20845
4529
26905
16502
28433
7387
8095
2074
31944
21262
14139
2535
14268
4706
5367
22738
24799
27275
20993
4192
12404
21075
27473
21944
8914
20808
5260
28412
612
29105
12840
25817
21237
3783
16082
25181
554
21282
8204
18185
336
31602
11803
7976
11352
12655
29472
30303
8736
4883
25989
14468
29173
14854
8602
5299
16981
22362
26240
5791
21753
14200
23111
27175
3091
16986
22867
32042
21716
19451
21764
29595
6961
18700
1430
8664
10983
15337
29509
311
8636
28107
6837
21218
22280
18495
12434
25830
23669
25303
18547
11654
31747
6431
25349
12501
22351
15570
10085
25732
3092
14414
19405
1528
498
13638
29043
5791
17774
7095
30638
29317
5179
32029
2651
13602
32440
16358
28543
24695
17081
7975
22574
31321
17290
21134
14507
5132
17201
29336
27600
28691
16628
27907
9648
14919
8475
7559
31100
1575
503
24257
30371
1903
25123
10096
8509
14572
31754
2019
18858
25998
31401
7090
1910
18367
27543
17325
23424
13043
4674
15378
15708
31616
123
25347
6133
4273
6197
17206
31095
32021
23177
14063
31340
16669
10238
14123
8229
15334
22024
11038
15963
5716
15822
19424
7190
25696
10288
28772
24526
28851
15113
21929
1744
26227
19377
14132
27620
19805
15047
19389
8493
3092
15661
31273
8528
25784
13907
23224
7129
8123
1977
22656
24794
22768
31151
1818
12244
8933
8544
155
28123
29811
26638
24517
1782
5267
6047
10879
32453
30835
4185
16515
29798
18378
3050
8791
7576
31592
4523
9342
32033
18961
37
25327
22638
22411
20437
2246
12410
23030
29484
16442
16881
10588
30682
24271
20628
28041
19788
8652
16863
24093
21619
3824
19177
18655
7368
19809
13709
21076
29325
2789
199
9361
8789
16724
24672
77
5574
28750
24526
25658
11678
7977
11350
16022
31988
15149
19059
23804
18881
9732
14971
3713
30366
2156
20608
11260
14799
15663
17268
31397
17793
26709
14225
7394
17744
3736
18424
1373
21772
16664
21401
8282
21693
12624
4434
10056
15844
16713
12123
21141
24068
25613
481
24007
6753
25183
1265
4553
8456
22441
13720
18818
11023
31542
1609
9388
13342
2465
29310
23780
19247
25230
30114
28925
24721
11927
26927
6810
13619
8586
3604
16892
20255
11473
17753
25624
5957
13873
15365
7917
1146
9912
3648
22548
30656
26096
9653
12697
11720
5465
22330
16649
27061
8214
947
15564
15651
29415
16435
5045
4456
28759
18789
8920
22041
30007
17963
32156
30929
330
7556
31761
2605
22594
25523
899
13339
12011
8862
15695
25941
14503
372
12277
22056
10522
3986
28271
19066
32294
13992
20929
13579
9754
6167
28882
8187
22054
22942
19066
32397
9491
9526
21980
19498
15920
24634
27894
7337
16528
24011
17782
461
7794
4211
27599
27151
4353
32520
29837
23710
29758
212
22501
13989
7994
1266
11153
19916
3208
26875
11995
7169
26354
8931
23799
22648
20075
16925
31125
8688
26949
3078
19383
7737
5540
14208
31424
13043
20275
3037
16846
15256
7445
26368
27978
24765
7199
28350
22206
29844
31044
29066
21222
30902
28752
14930
17929
12575
8922
23460
21129
26746
23411
13845
21946
18848
4388
15843
9968
29275
16152
17369
19676
9071
25749
17779
7448
12763
16689
2115
31232
7516
8514
1171
8900
28723
20118
25420
18875
19496
31076
4887
25850
18639
11651
14529
27942
1802
10202
32484
32390
7631
8216
2244
4188
17451
23205
3191
13942
23687
5848
22601
8448
17707
11626
18270
20124
4608
29482
27033
9397
5018
13299
25277
25103
20341
23003
17618
8099
19839
5294
27083
21419
24279
5531
4197
2809
16853
13100
16466
19596
18250
2428
14743
23397
23817
27300
29491
19095
8614
13174
27905
6046
25981
22638
22751
16113
15606
16101
24336
32475
2056
13960
479
15494
4860
9993
25733
16217
13428
17940
31053
13955
3243
27013
23286
15576
18942
18904
21849
20189
5804
18656
24908
26398
5082
4284
6085
13512
1498
7944
24643
8307
5548
4176
24169
4928
19397
16330
25324
13348
10256
3908
25520
3971
31539
27483
16174
23809
25875
24558
20249
22421
7322
20690
3649
23519
25784
10951
21943
16571
21159
8363
30002
7702
18804
18670
10929
30208
20155
12102
15714
29699
7346
11940
16323
14003
5480
10086
15623
22407
31567
26062
21947
9447
4857
19635
4009
17030
4639
6262
23805
9202
32743
20024
7846
5482
27238
11082
9727
18159
5476
10469
31151
3485
1632
26652
25038
20284
4564
6670
32585
19475
19899
14432
29319
15100
3407
8683
21836
27582
18967
28593
3038
25494
7713
5654
12647
10263
13197
9805
9115
11317
19787
17424
29082
5020
19748
9108
12824
16454
23295
9148
1211
24140
4445
22669
17092
25084
21287
6626
8946
11309
11945
27232
21667
18639
29150
19117
22077
31686
21486
19677
2764
4089
22517
31789
21229
7333
19718
27892
11498
13560
3952
2262
8230
13787
28479
27451
30652
9743
24582
25087
4195
23675
21980
26220
15765
24772
29605
8805
2544
14879
28307
21987
22236
8291
19180
12454
8046
17251
22029
29732
25228
7290
431
29126
30802
32359
1129
14675
22197
22363
25462
2988
2406
22865
18873
26043
24825
31902
20478
14246
7495
4297
6787
7240
5905
20380
28599
9441
11494
9851
11329
3340
30534
10741
14404
27378
2055
26521
25057
12222
14584
2571
16638
3153
19909
855
2118
3638
27930
12676
26481
2264
13579
12653
25286
7922
28340
21452
17374
72
9500
26776
1962
12181
9056
21649
28088
25796
7693
9497
3249
24418
3021
5701
4135
15700
28998
16180
909
10693
9279
22687
20103
30819
18948
20914
18021
203
5388
10010
30953
20033
1498
12384
5201
30629
13089
22389
4241
13218
23851
28302
32225
32041
20603
6193
7287
23582
23474
30096
8598
9809
23727
3863
19911
19631
10490
11073
14439
2234
21859
1967
29793
32310
8422
10363
29245
9509
1746
12746
17242
4086
15403
32672
8823
25082
7244
28665
25976
2583
18640
4885
15463
5568
179
13843
25018
12324
29365
31681
8148
8614
3839
30643
20430
25486
7177
32658
13686
7166
4795
9911
23704
5671
1491
6136
23421
2748
6278
16834
7858
19623
18538
2153
8714
11772
3731
29371
15078
12587
7164
1243
22452
23161
13609
15693
22710
13745
28939
26701
26117
25622
24356
15717
26325
18077
22764
31550
32250
6233
626
30135
12204
3383
15942
18996
5255
18667
6295
11832
15829
16938
28057
3127
12048
26138
20265
25253
4259
4103
28084
6483
32753
10583
2133
16635
8344
1472
10301
28954
21239
20408
11096
14333
13294
6445
25134
20767
18916
25719
17671
5554
783
14731
1106
23420
26863
7025
30791
13796
11548
29176
13260
19789
29506
15272
16021
16546
31850
7160
14992
17714
6011
6593
30848
30911
31488
8691
16359
6609
27691
8839
20010
6736
22298
20916
20720
16466
15450
30054
24523
18738
6058
16108
14618
17122
9217
3824
17966
3970
8402
13741
10923
18225
31886
860
25393
27683
2155
15599
14140
9459
6500
18690
585
28987
14976
10511
6203
3171
21592
4833
18684
29366
28115
15947
18279
15547
27189
15129
30566
17602
26712
25415
26455
19133
10040
15729
30901
2641
5046
25483
31732
30509
25493
16850
17324
5019
25033
16898
29434
5460
20465
14026
2852
19609
290
7037
31867
383
4582
31754
16006
15243
24964
6446
13148
10110
12418
7400
23122
3954
2153
29486
5590
6438
20680
6878
2203
16023
13691
759
19959
13520
16941
18441
4489
13570
22300
26090
18974
23511
23324
12715
7125
4868
20191
12234
9602
14622
9587
6825
15697
31662
1548
11583
24748
6023
23300
1550
23390
29527
21024
13909
27128
18557
12821
20870
23411
19994
10571
4346
30232
6763
31200
24548
9117
11862
9968
25476
10385
24386
1812
21405
27386
4908
24616
14120
3132
759
28754
22858
23100
30468
2111
2692
23494
12803
6832
554
31788
32265
25910
29718
6704
4066
5689
11933
32292
13480
5183
21698
31568
32148
19051
2218
16532
24085
7748
6736
7247
28703
29369
3706
14207
21190
23649
4588
3113
22283
27399
11483
6907
28406
11365
19108
9264
4837
19504
27070
26548
4387
30037
2029
12424
31676
22659
7865
12137
10384
31721
17439
26796
30631
14401
17286
14701
21444
1805
17141
14312
8509
1568
18562
29479
3849
21601
13326
21982
32283
11212
303
12435
29422
23737
25966
12033
17762
3681
7859
15551
710
26782
1533
7453
13878
2802
14934
14927
2855
29899
30727
28621
32320
17157
28680
21497
4204
26289
13242
17666
12333
14613
2264
15625
19763
4339
14763
12675
18989
15631
13694
479
16607
2027
5458
14696
19572
10453
22739
10348
19990
17955
28554
6302
24509
27838
25171
8377
26948
8413
12562
23398
3010
27667
14498
1376
22295
3212
13582
18134
32197
10644
13316
11281
31490
12632
2950
4438
24331
17393
10467
1550
13754
20382
19430
27428
15195
16977
589
20655
21436
29806
30588
22225
30595
12495
27763
5598
3012
32267
27646
20929
22483
3320
3883
31900
3415
28782
26113
19631
5792
590
22639
27003
7995
6595
4995
29735
2755
30408
22237
28450
19961
1771
13922
18698
24087
26448
9269
3789
10850
18424
22243
2318
21503
5187
24541
18634
6151
1204
1580
26427
8158
32245
14688
31996
11200
24859
12489
5231
19356
12586
2794
7004
6694
12764
299
6106
11816
25502
974
9331
13848
220
21028
30595
29168
24702
25345
31201
32570
25011
12653
12481
11114
17645
16796
32473
16497
5677
29217
195
32655
3200
27998
2211
15977
713
20287
32009
23131
28098
21288
7961
30223
29502
7723
31721
13647
1713
31103
3370
27415
12017
4397
19723
28143
22846
2829
16730
1655
23937
2545
16876
11332
6097
28960
32320
1258
15163
31750
1631
22874
16835
32297
23302
30063
7590
24415
18695
9667
4066
10303
5101
18375
18424
13013
13279
8211
12529
21402
10951
27386
3999
3746
13491
23394
22053
11544
22395
31698
20666
18152
5540
9677
4009
5307
18564
863
12956
7720
26023
20213
31003
6184
13170
17778
15440
1995
12550
32382
13837
32042
13671
7969
14608
31389
2526
6802
16005
23598
923
30025
27852
21325
24735
15963
31613
19141
27609
13063
6313
18158
11407
16524
13155
5668
9472
22590
20351
25977
25672
18905
18074
3495
28547
6165
6747
11337
17973
31611
15351
23882
1514
1910
27899
10397
28953
9645
7494
30766
23886
23440
27220
10777
19592
3633
9155
4891
13792
14422
30991
1349
16748
18124
13473
12024
31587
3838
10248
26125
17026
5062
11654
13140
30126
3202
25294
12864
9434
25195
268
6368
18731
6178
30246
31761
18522
20364
9025
9203
18267
25056
25736
1177
4156
15870
17960
12037
3919
259
2719
20051
11147
32026
26167
1332
32304
8853
5069
16286
11690
32572
9943
19650
28600
18404
16038
21823
30413
8260
32488
405
20151
5381
29040
25820
27774
31768
13626
32694
30095
12108
7849
28546
537
21792
11540
7634
24248
11221
31105
1055
4433
2760
688
22460
9533
3583
31324
12809
681
8194
30653
2281
21820
21996
13137
2934
17915
20929
12252
14067
3178
7938
29870
14337
6900
15743
15652
27670
27277
20077
16753
5932
10646
6072
31902
8630
20993
20891
5072
29400
27317
29293
17098
15063
30772
27838
29106
16847
24699
5026
22552
3748
17962
6477
20788
31290
7908
23520
17775
745
2297
29827
19750
29739
9282
15540
28842
13976
29261
15838
10635
23573
442
16174
2326
15432
26853
26018
10268
13647
21446
6755
17397
25777
10517
11092
11461
27796
2737
23019
26878
6449
13634
19520
12838
31366
797
5219
11995
17994
5737
16883
3604
5670
28288
12780
26537
22050
27800
4289
1558
30558
2979
17067
32124
15106
20340
9792
13288
10615
12066
25927
16088
2520
32433
18379
14843
28067
7151
15726
31545
9397
25245
4352
18419
11637
11215
31312
28556
30031
23702
578
28456
32100
18395
27938
691
14207
26510
7992
18214
12107
12545
12189
20997
21444
2190
7501
25132
29932
6272
23164
3532
18879
3889
8750
4529
4712
2159
19458
9670
10933
9764
4686
31450
8393
7222
32369
17828
9233
13229
28517
31493
24697
2324
28308
8590
6623
2593
18157
23618
7111
30360
4662
4765
20817
26732
12452
22997
6505
10023
24233
863
11070
19085
23821
29877
7925
28796
24384
11351
28318
2583
13295
6159
871
1060
23509
8314
8975
20145
724
3524
20894
2046
3908
10675
31572
20119
15243
17127
31455
32449
28141
30048
20433
24343
17062
23616
6480
117
31798
4306
10511
21781
19965
6860
17022
17144
13575
13777
23102
13704
21289
4154
27096
29307
77
26390
11182
13818
1546
9071
21298
23043
14712
23760
5461
3340
26434
25859
5443
23529
17916
16671
2381
4847
25271
13251
11302
14938
15315
15516
20051
12780
32277
12589
7133
12247
6137
21199
27209
9949
5962
1526
8905
22454
1263
3767
7348
4530
13064
30343
31796
26271
12602
32582
26943
21997
23366
18300
13000
13072
13793
994
12854
19238
3520
29220
789
3546
3314
26853
25355
15752
14962
10499
19982
27298
6141
21533
10965
15954
21025
11347
7052
22624
13975
333
18124
17495
25810
28287
11466
18915
27864
20139
23759
7294
20561
2215
7912
11851
6621
6496
26078
10818
32427
32543
7528
22926
15944
27147
10400
30771
13492
22000
9396
15604
21179
28990
17374
6260
28802
30037
21654
28571
11873
21503
18694
21819
22512
24126
21182
1780
32101
18505
26281
12629
14109
11985
15679
16195
18296
392
8957
14495
3818
30436
11538
29731
1615
27936
9820
8333
13183
23685
18578
26880
19491
16103
5571
14503
31431
4210
26111
24987
31280
19879
32084
11015
31471
4769
15868
2698
1846
16285
19156
3292
22763
18105
11792
12725
22011
1788
22573
16106
9969
22679
2856
20185
7111
11882
1518
7688
21243
28874
1043
23561
22246
30082
26054
929
9546
14615
5125
32297
21802
15697
29965
5683
20190
12534
1301
32113
19046
17625
26427
27091
2047
21011
703
3568
30452
13713
111
28839
16055
1231
15458
26630
24112
32738
32745
15210
21845
25788
6083
12520
3323
1964
6800
2540
28907
21796
29576
13088
28729
8383
1389
11152
22481
25986
31166
26379
15187
23395
4142
12236
24609
1543
597
19290
24246
8400
20388
26284
28217
3095
1438
3473
3665
8118
22597
12623
828
1738
7891
650
22555
2231
2219
8808
23440
25452
7823
28403
19083
6888
25619
28351
7521
25084
11602
8140
11039
83
31967
11693
5917
22961
32255
21226
15574
31352
28437
27044
3574
19824
4189
28535
5813
24263
27357
165
7268
20567
921
3696
2629
25384
20231
21703
8352
14902
30914
21285
6675
14964
21378
19639
15146
11280
1356
5053
48
249
17382
9266
23876
25759
13710
20911
17583
30970
18923
3213
26484
25805
8004
586
25641
5932
18416
7469
22534
25660
1038
10029
1596
24378
17270
5136
2439
5566
1007
14032
17415
4161
24482
26178
332
15325
24526
21753
32432
8533
26558
8297
19945
3413
19448
23368
17886
3579
27064
5946
30138
27029
21148
12716
20031
29357
24737
26624
30046
23875
17998
30443
30724
31065
28463
18716
20022
30389
17541
31007
25952
5602
10812
10880
9450
27256
18461
32307
8461
4765
29509
9779
28645
1996
19414
23658
21703
27861
25324
16593
13780
32037
31955
25304
4046
328
17271
31240
23595
27820
32027
4583
7528
2216
6990
11548
1440
20668
13851
9171
27485
25627
18305
16739
174
12390
15139
25902
122
14779
9791
10953
17939
9198
15332
23902
782
24854
20832
14926
1875
10572
1784
18202
20336
8111
26845
16003
19763
18604
7259
22768
7799
13692
27986
29713
9790
2285
20458
24002
15360
14694
10883
17970
25923
13349
31723
7492
19820
17868
12756
24373
28629
27676
17285
5248
10271
29952
25807
2302
7370
3789
25923
32338
14338
11720
4002
23940
8892
27369
7573
11244
30210
16350
5022
18258
5771
17491
6479
11603
28303
20593
8634
20998
31193
10404
30760
18912
22558
5794
1294
19157
22925
5033
24380
18624
14759
26631
32088
12549
31825
25568
7051
2421
8488
5420
10618
30322
8468
7935
21624
27731
27168
5645
505
4106
19849
1645
20042
2819
5140
1693
25472
22096
11429
31687
15535
16644
10510
29506
10588
13788
32037
13660
9524
1061
13337
30039
22526
12249
4102
17073
20942
3340
18374
8105
22395
10886
22283
24830
21332
20402
5290
15098
15887
4535
826
8111
5122
17380
4062
21121
10902
18257
13151
21732
31224
32195
10622
4199
12049
25553
12936
25074
6585
5701
4906
27211
19239
18117
18055
18399
30892
25523
5768
7616
30370
30545
3699
3050
24479
553
31680
31946
15342
21676
28968
27649
15679
11289
32766
2661
25245
5792
7106
25416
6305
25288
23540
26366
10725
7694
4134
32409
5052
26318
23125
3319
4896
5479
17273
255
32236
155
32347
23847
15436
24884
19623
22585
30321
6381
14914
31576
19081
24719
8925
24894
7918
8539
13771
31431
25757
32168
27663
31923
24043
19661
9402
23207
15731
3649
23412
29558
12627
6145
11608
21151
11928
1074
8197
11031
4342
8712
24305
28488
25277
28134
25345
10841
24840
21703
14423
32432
4151
18140
22124
28085
29856
23926
15966
19673
17282
6183
21387
3032
8250
29988
8798
12346
14778
26862
2409
10784
23606
31026
30900
26173
19232
32493
15189
16675
30551
21459
32577
16320
26012
28402
3938
12584
22853
13459
29674
7573
5941
32097
27878
9899
21771
6349
31510
15617
10394
20144
27388
20190
2970
9266
5683
21568
18332
26604
20226
23587
24132
18761
10801
32511
16818
32562
6939
23187
28993
16874
5637
31457
20084
7222
11438
21626
15917
22466
22823
13307
27168
2240
27365
18136
13960
31954
18965
8536
16408
4394
1327
26081
30261
13295
23758
29046
9570
5347
16831
12670
1532
18756
31064
1735
8999
26352
23563
22986
11784
23244
25147
17457
4405
32357
29517
29590
22633
12504
11011
10638
16509
30448
2309
31974
915
26255
16065
16428
13717
24911
3957
12657
17630
25192
30346
22350
29494
25557
2084
12069
23300
7858
16375
4265
21695
10985
12892
27297
20646
16909
21412
15593
30897
10630
18860
29625
11975
2031
31665
2089
15153
10684
21606
2549
16207
31008
27204
30334
16521
11566
546
274
24457
29758
8197
12397
4007
7570
6713
30080
25253
1593
25249
8049
15517
19764
31307
20706
1079
4824
17223
23158
8991
18291
9402
7825
27319
19762
13614
25184
12553
28994
24364
12314
14847
54
13325
11909
16598
31145
24845
4539
13776
10020
31393
2350
1065
6722
4619
20202
29773
22033
18731
15386
32328
10172
22680
1742
8318
29287
15343
3323
3740
29275
30827
20675
19662
15203
12726
2551
2867
30325
255
28891
21902
8853
16973
9769
27454
23799
19475
23640
21360
29796
17668
9757
403
19422
3112
3635
7692
20615
26416
23640
18219
1727
27399
11160
24158
29325
21161
13773
13733
24384
14392
30823
12614
19030
25677
5737
12738
30108
10124
7092
23047
25751
29307
1416
1511
18723
8084
13384
1225
9050
9112
10877
27807
6327
6183
15646
6424
18043
21646
6415
11030
4944
2272
16871
7266
17453
3912
28150
15263
22649
26525
25479
9340
29043
4407
15202
2094
18641
14081
11413
23070
31399
25040
17780
13534
9867
9459
13791
2914
11255
30988
3779
31341
1519
14622
6883
20041
2531
30182
13529
4283
3542
4975
15959
13110
14784
25825
7347
10575
2097
15001
24227
1905
14904
5759
28485
31186
17027
31380
31330
10149
27591
1483
26099
22162
15971
21274
1252
25187
26944
20176
26393
23808
12795
30249
27311
27293
12358
13600
29316
11826
22667
22148
26105
23083
6611
14926
24054
14689
4839
17970
9007
17482
8884
17524
24998
5740
22516
9469
13681
22552
1035
21678
29886
28756
29999
7924
23316
4889
7116
19869
31196
32703
7975
31466
4639
949
9537
18917
15249
5493
20990
30964
31951
7095
16774
687
14565
13541
492
16623
5651
4816
20494
17959
16849
16033
7100
24824
13840
22802
5916
32255
25539
10974
21836
23538
26270
6517
15434
17899
9757
21493
19985
18435
1993
19542
3333
4643
5815
20708
32657
32023
17489
23027
5903
26084
9816
24526
32232
21340
22058
19696
4348
6639
21825
24695
2116
29124
6909
5333
4789
13065
12195
24265
26984
11399
30885
22670
7673
18553
6692
11602
10285
29598
4531
22761
30423
31373
28254
4035
2044
20809
18923
25371
19509
30997
26463
30066
22869
30857
6852
21308
12364
6630
24106
17369
6731
25511
14316
9926
24873
32600
22068
12565
26374
683
961
7962
24878
20169
23016
11880
14911
31206
21465
29692
24463
30488
10020
25271
32200
28777
1404
5650
28885
1835
11194
13581
27394
28299
25125
360
5982
5225
20976
26390
15204
19559
21508
8175
7131
12608
7424
16293
10491
12380
27262
15353
13777
29601
5529
17710
16101
7563
11948
702
1049
2943
1627
2125
31188
4700
18392
5851
21856
26964
2143
32317
14481
14074
28675
13006
16552
29851
24493
27490
31862
7122
14434
23419
3525
21079
10180
24000
31219
2072
7644
8874
28128
15243
20502
14209
30987
22594
28045
31111
1015
25536
26761
18803
1492
27787
31046
4896
15707
28546
15864
32135
28922
10097
7179
22251
31281
31459
18095
4435
8252
31799
3732
25405
1522
12278
24306
24721
12013
3428
3021
8148
24555
27989
21879
16286
24180
23362
17750
24654
21437
31900
18407
26108
22221
608
10243
5807
25054
22764
20322
26832
14086
2577
28765
5599
30742
1385
31992
17765
30147
17131
3871
25642
31235
29628
9776
31655
4538
13640
23994
7614
6550
31378
389
14505
4663
8136
8914
26417
32660
23579
4835
4384
22426
1486
26302
28664
17430
23692
26671
19429
15316
19966
6156
1265
14088
26781
9660
15479
750
28869
32762
13018
30894
19467
25303
11638
7042
14033
1790
30935
25114
30744
22076
23337
12096
1941
18752
2800
15800
23046
21151
32250
874
18374
31515
9361
20419
16799
4900
25845
10584
18400
7583
27401
11980
22448
22503
8268
32500
17058
785
24587
27706
9354
21109
15317
32575
27534
9065
25648
3269
9856
25168
2442
25291
3435
16596
18802
20729
30827
8559
31752
4159
14530
23600
30130
19898
2089
16572
4369
23767
612
31123
5428
21690
23833
13460
19467
7393
20962
13508
23838
11524
28321
12619
16510
1088
16404
9663
24060
7029
2729
30629
11418
22253
1427
5429
26175
15166
19485
29022
9135
26993
31038
266
29881
9827
8558
7587
18611
29036
7865
28886
15139
28223
25362
19863
6335
9745
17641
6757
12440
25598
31232
12495
17810
12456
13434
22071
13335
12577
5685
12758
8204
27915
28249
25600
16132
16381
30001
8873
4788
31273
31290
32553
10152
29756
14458
14652
11316
6790
17683
17229
29612
13147
19480
23540
14807
25785
3999
24765
15010
15658
23832
15915
29202
17388
27869
8444
6268
21584
24586
19631
12024
18528
20622
15172
12307
14020
10114
27203
14532
18407
11706
30975
15778
26197
2714
31772
8275
20072
9515
10831
14664
16675
7022
18021
10663
24158
17393
27271
2441
27171
28063
6332
18022
345
20956
13487
17869
415
27858
19123
8281
10363
12293
18436
2272
11700
17198
2127
13293
23804
18246
23669
21361
29394
20449
28301
31413
16551
1725
10024
32403
23616
11675
30680
9702
24155
29261
12019
15935
29845
18705
14484
26842
19083
16669
28899
13264
3648
1915
27542
21389
5055
3095
21688
4229
23553
32023
20137
15651
784
3178
29031
18434
22893
13220
20235
15968
11439
27145
8599
21200
878
231
1518
15406
20575
6698
26660
216
24768
27946
1272
539
2551
19911
9375
23532
23158
10680
29380
27865
20961
28704
6092
6719
25715
5986
30558
9404
19870
13623
14371
8423
30193
23806
30922
26687
28735
14419
22096
5730
20990
3554
10110
26240
27373
10877
4531
1294
8186
24685
23267
10687
28002
4358
7392
3504
21530
29823
15832
4578
13934
5120
21023
10734
26600
10747
19247
24308
29811
23744
6126
32469
25280
1868
6703
19362
30185
1122
5498
16212
12884
12254
31504
14269
10715
4677
14122
7870
21289
27296
25474
25275
28775
2699
788
21324
18713
14473
11046
13877
15170
3226
15750
10393
26575
31504
6163
8298
32306
414
23934
8740
27470
10930
15186
32443
28563
23300
20786
11729
24682
7535
7522
6189
6355
24833
4746
26217
23884
23886
15030
10218
14070
4361
2976
26134
2547
3797
20530
30656
27410
3160
19271
10471
30894
26513
30642
2721
15059
5740
2433
32594
20131
13460
5251
22305
24824
9097
31751
4269
15435
28914
4071
4603
28117
30516
31429
28084
17907
27715
26005
2189
14287
21177
29787
13062
23613
293
54
2903
7139
13221
12958
15271
17565
23479
26090
26752
3616
8780
28437
25472
20957
20510
13505
30289
31272
4164
14204
23003
27801
16643
28483
11703
29618
18152
8772
999
27587
5651
6376
21701
14091
26070
21265
28474
15648
17023
8865
14640
31121
29041
20283
21578
24009
23418
10061
31442
2614
29024
8782
10483
8875
16061
30788
26152
16899
7949
21130
17140
20744
18694
31184
24276
17555
9256
9571
2674
1780
7316
20399
23067
4243
26913
13314
15475
29656
30637
22930
26983
24649
29617
20418
15716
24818
6936
32673
21702
23050
21842
14003
31636
2515
16548
20213
17770
4290
10690
6171
25014
17632
8607
26140
39
21616
9604
26864
22883
31698
3424
12696
12281
21159
13407
2144
23958
29750
4029
30817
16507
1807
10205
13385
7470
26605
10133
14431
18544
31713
30156
19905
11632
28077
3400
21232
1086
23150
1729
28047
19586
12671
2362
2408
24686
19353
5265
18608
13297
32063
23124
18828
5166
10329
6358
25812
31532
4383
11394
18966
19407
31288
19312
7390
2567
19491
7990
30516
25415
19415
12545
30055
6969
9382
23524
12041
12464
18791
14703
16699
20190
28884
15492
20011
24263
12593
28262
5594
19701
32559
531
3107
22381
5135
12756
4089
30691
32522
6930
10224
15914
26097
3179
26622
12014
14609
31237
25731
31397
24153
3106
22152
8387
6079
31733
21828
21293
10463
12981
18661
11761
32741
24303
31373
5940
26030
29728
26010
23404
31018
18563
11818
22991
31237
17704
24798
21770
9862
23622
24543
15415
12471
14802
8479
9
3782
25168
8674
18506
10923
13290
13180
7560
13579
32191
1372
23307
8028
8573
4169
32010
331
29490
18156
7966
27994
19295
12175
16118
30926
32591
19236
5965
31432
13222
28041
10009
18098
15677
27402
14597
26076
1069
16168
32546
5223
7466
4248
5849
1379
3347
13967
2341
12852
27334
9021
6911
14650
21305
22423
537
4017
25543
17498
20942
2773
11975
15437
13401
1098
24163
23494
17478
7612
31144
2415
6695
26563
32729
29770
25224
28681
19977
13043
4133
31406
744
26662
32346
27371
21726
4224
6106
7926
3670
23946
21924
17190
9309
16883
10803
24664
7019
4893
11509
10641
11904
25564
6655
19685
27763
31866
31231
19351
16263
5118
1650
7553
4928
11949
7703
9142
3189
17874
23971
11879
1957
7355
12470
6659
20879
26372
28430
18338
19964
9240
23035
29860
224
21492
3602
13717
11681
26926
15654
6228
183
7222
17524
12661
30581
989
29470
6371
31270
5907
5339
6602
23644
31733
5356
6580
14213
18439
19794
31474
21439
5565
22078
32317
4846
4929
27081
26525
4619
28272
12261
27274
29887
16933
1683
8529
3888
26811
6743
5050
25115
22477
25321
4328
7459
26944
22574
24704
7016
13700
29542
3854
3676
25366
20647
22948
19154
3914
1162
31940
27736
13383
31268
27263
17095
12371
27960
11231
15896
21073
21674
29059
19577
3975
20791
6025
24224
18085
29796
8369
1632
13315
29620
27838
25466
31531
7198
11808
21173
27031
6590
25297
4913
22204
26571
21629
22008
17735
31945
25573
27606
10662
1792
9093
1387
31178
19756
1396
14718
27179
1910
8333
17812
31757
17571
20684
15553
16642
12172
14074
6335
30641
18638
23437
24893
26069
26818
30922
23929
5001
7600
12332
1041
19394
14911
12041
7447
1565
10288
1651
19043
7643
21324
14941
27181
31273
16539
19454
2011
2981
9687
17275
20247
17183
5408
31936
13605
26012
4337
15278
19571
24993
7251
19324
30322
2478
6993
11607
26533
22536
6059
6732
12792
8123
15823
23656
18770
20192
9732
17182
13933
9756
15849
14056
27622
2409
26142
12337
29072
19993
6209
5491
23054
10776
10524
17565
13985
10353
31516
19383
32062
18195
13573
5320
5348
8662
20709
2296
31788
20153
5959
28402
15906
20333
23208
2188
10579
15384
1839
13226
32039
2899
23192
4703
369
7028
22642
32342
15429
24851
20106
19313
14858
24263
32167
7599
7119
18993
14967
22099
24547
572
6858
23619
6303
15010
766
17326
1415
179
10170
6385
17042
32082
22496
21180
453
6208
8892
12144
774
24733
11906
460
15920
24235
21239
12489
29539
13014
19566
28354
5534
9713
6902
27608
17295
3779
25042
1941
17065
12482
23337
17872
12408
30750
13311
2768
24113
14081
25700
25268
2702
18454
22507
22545
28120
14920
31326
7646
19525
27084
31920
4237
645
10849
26163
21115
16536
26326
17931
1930
26338
22989
6371
29708
14721
17344
14047
740
24030
16961
24017
30439
22146
11398
11183
19337
28972
6436
7493
2229
23328
28955
25895
3580
20417
13331
12010
6386
5474
20965
8851
2773
15450
15709
15440
12656
21590
7231
19558
5951
3060
14471
13163
7892
28301
5877
11957
28025
13393
22217
18706
26903
22682
16076
17337
19799
27258
7055
2945
7174
19350
21239
3665
27838
20792
20729
1240
24515
31647
12707
1150
14379
14234
19548
28058
24898
24149
1132
2533
25388
26482
703
28463
2764
347
15589
31312
18661
983
27998
30306
3199
28892
24853
17453
7309
30629
15914
5603
13516
11779
10228
4878
27118
29688
25671
30918
6392
13698
26098
2599
26089
32437
24716
25858
3484
5644
18801
3795
3823
4353
27143
19955
28453
5851
26438
8975
7561
17864
25207
30425
14932
28203
5947
20477
17617
6199
6864
9559
29887
1981
8336
8291
17143
12866
26554
25589
25935
23381
13941
11050
16829
19232
1554
21662
7360
21308
17554
11743
1787
5578
20328
4898
20003
17087
2944
14133
29980
16255
15999
10165
30559
27822
3405
24961
23455
32322
17361
2414
22956
6621
18939
7485
6039
12123
27144
12490
16919
16294
19457
2949
1067
1490
19077
14886
8705
13926
1225
26781
15127
18679
20957
6216
30624
32764
31025
1641
9513
8925
21591
22231
1660
7757
15882
22260
23237
32474
29296
27870
24563
31170
17564
1770
21601
30729
19799
8014
15286
22472
30496
10269
27402
22472
2929
29561
8266
24911
9540
27652
10461
9274
11478
12695
23431
14668
16555
28215
27022
16070
12242
30532
19228
9016
26986
3828
19173
4758
1381
23040
29961
14734
19084
23965
27964
21273
21955
6574
28708
13393
18063
4920
1026
19074
5333
25366
7317
16259
29669
7406
13884
14407
26294
8803
11354
25007
26995
13964
20222
16290
21559
26021
31684
29280
23318
5381
15862
26131
20316
20304
14839
8360
1561
8430
26594
8668
2013
6332
24942
2458
28096
16641
18197
30852
4005
9379
117
24272
26560
13467
23542
11605
20310
8614
20909
7397
30916
32317
28032
32734
19139
15560
9355
20988
234
24079
6595
31345
13685
25585
5593
29752
14404
23640
13922
20646
22311
6252
6196
18498
31576
25607
275
19926
16457
20841
19597
22470
26528
27950
8226
21409
20096
28285
10920
30710
18443
14209
29422
26729
293
14877
31136
24581
20858
5339
12906
21972
7618
31782
6240
20397
12100
17338
24990
22350
9368
7256
5675
17835
24498
22974
3620
22661
5404
21718
6934
17981
24707
15918
24747
17387
629
29864
8329
12715
11113
13427
32119
24887
30720
12857
31169
10939
650
30362
13534
17380
11724
3546
11345
3386
3329
24534
973
18865
3358
17469
6300
29818
17242
9980
25666
10527
1262
20730
29277
20943
11289
10502
28111
4087
11880
270
2335
4882
26676
17297
17949
20929
16748
5462
24773
22814
3989
16223
24934
9805
22798
29977
6660
15957
23961
19157
4858
30766
2071
28795
10979
11548
11667
1149
28091
17211
15746
4875
26434
18010
18249
5510
29857
780
30976
1590
22864
22525
31606
23615
6967
12675
20341
977
27156
25461
4167
9888
5660
21824
16248
22676
23013
13367
32222
31937
31619
8235
21975
30361
2290
1596
31442
31584
13236
7662
8721
6113
4026
15488
22701
15968
14728
29305
31450
28879
10133
10115
12396
23365
10992
10364
4762
29355
25385
23499
24322
27577
10607
4080
23534
7713
14070
6239
20950
10249
2716
11407
15910
26047
20939
15694
9024
4520
22689
13399
6597
8314
17742
21030
1809
11691
8894
7691
7428
3114
32377
7294
1800
20300
7623
16306
26703
24585
3607
18029
3933
29288
5281
32022
711
28472
16715
5392
19258
9729
10441
1606
7870
23354
2569
12039
20796
1724
25294
9749
11838
22135
14235
29432
8183
18788
4818
8344
18307
30394
32541
24075
27248
21861
269
8620
22908
6068
21505
621
13472
28498
28234
15214
12366
19831
4236
3534
16376
29535
25703
29889
18897
26364
28247
24546
18391
8168
22233
26571
31249
157
20176
12515
3605
28648
4902
28792
24526
9883
21430
18446
14204
1411
362
27382
10492
1945
18336
16930
30794
9340
13523
567
10052
14111
22135
26596
4273
15551
19492
3699
13441
25
5623
5277
6486
1241
8758
931
26436
18261
24114
11418
8149
9339
20082
28678
5969
32264
29197
9131
4924
28412
30040
2720
12831
9290
30657
5029
140
11731
26875
20918
24412
23445
16732
25313
7995
31520
6531
14676
30055
2378
25917
31418
11700
11300
21930
27080
15828
2349
9883
3602
7637
19397
23359
3620
2539
28644
11775
28622
4464
9483
14246
12991
5929
23931
4549
31061
9931
23974
30806
13236
17341
24547
11935
278
5408
8293
11097
15202
4877
25966
20498
24831
6429
22464
12240
20714
559
16213
10487
3334
12645
30799
22124
30388
11376
13362
7163
14756
11022
23377
20982
22763
16336
8838
21535
4693
32289
10534
30664
3068
16772
13108
11577
25
31261
21461
20562
23323
8819
7172
27762
32758
17012
8583
30615
9918
9146
29218
18630
2420
6924
18186
19885
21280
2856
3228
17287
1311
1215
4687
30528
18111
10178
30440
20697
21257
10716
9453
11791
30942
9792
29531
20535
24902
6820
16027
24941
4100
13709
3507
21741
21102
22990
6074
9921
4219
31563
15758
16029
13342
14595
19401
31239
6866
22606
6384
8634
17782
1378
21486
20045
14940
32028
5825
16
19869
1022
4468
28215
17327
20084
24909
20794
569
15963
26695
11387
17189
6595
14530
23338
32247
7924
27002
25701
31582
6576
26038
23204
18185
23992
3522
19029
29628
19090
15262
31683
26019
15496
32760
3132
5862
3828
11096
8819
2685
5051
30619
16931
24902
9240
26018
757
17749
11931
9035
11940
8075
26225
3488
2655
19306
30693
9039
20335
15655
26151
31579
5913
19969
30284
5136
15814
8914
19351
3644
353
24804
6391
10396
24321
9477
3024
3989
29640
28894
21502
21796
25867
640
27928
9496
5042
19008
3313
2431
7906
29381
23397
21342
31194
12127
22354
31653
6427
17562
3300
4193
31436
32532
278
564
3676
3211
30325
26114
16233
27450
28455
32494
10209
25446
4141
9349
11623
16180
18917
22840
3576
13501
27091
9488
8142
13924
31136
2205
18564
7528
3939
7216
28540
25269
29472
12106
28542
23040
15758
31827
19361
8978
21534
17551
11119
17764
26168
26703
25156
10733
20424
20324
1527
26424
1273
13785
22716
5049
27456
12514
2633
4705
17309
15
5176
3440
2590
32453
13741
5003
28324
18927
21048
2830
19177
28145
14333
28579
14786
12509
4370
3604
13218
19690
1064
12893
21600
12066
18542
31750
11834
3674
12466
19631
19993
28263
29129
1261
21783
25487
10290
852
19262
10814
24822
6613
3986
26362
10706
27979
2386
8857
27800
29520
32380
22194
6611
597
13199
7761
26282
10226
14484
24303
8711
14714
1887
32161
25848
21203
22291
29839
8789
14212
18660
23720
22947
18960
21025
16276
28984
3459
1905
17898
31648
25930
11613
5540
27712
1863
12814
29904
32569
21541
29784
1160
22671
2537
31736
10275
7819
1226
1818
27821
4957
579
4383
1173
29190
6758
13980
11174
4725
25459
6822
1848
6384
29609
12621
22184
13494
13660
4966
2053
12771
16712
16270
1292
25235
13093
27755
19543
9034
11388
20533
10961
32404
31160
373
10605
13288
3456
21773
792
9682
17988
23929
14060
29522
12822
28500
2726
16511
17596
20254
4442
29295
13315
27708
2661
25179
28246
19776
11428
19455
24462
4459
12771
31552
30732
11120
13976
32017
10757
14715
16850
22423
20766
7794
2412
3467
14393
16507
18054
28897
12686
4286
11829
2215
29949
16492
25210
3631
14498
18176
28529
17776
14251
7621
10443
13482
7014
21656
31614
32585
31390
25583
1979
26636
25384
24602
5921
15974
8633
29129
17200
15141
15355
14287
24576
4177
20703
30245
32563
12375
21300
13874
7976
4198
21113
15433
23153
27162
17903
30324
11144
16472
3571
18544
6333
11129
8075
22776
23667
12458
3647
17479
23948
10386
26666
22488
3106
31030
6224
15216
30328
10010
17202
11102
10800
425
20896
10241
13758
28375
7631
16012
24092
6661
30379
20230
23743
2597
28014
29589
14795
25374
8562
27899
5763
22130
32323
14433
31747
1822
8185
12884
561
25794
20933
27405
25329
16897
23241
4085
19864
10795
3373
3688
3748
14873
19311
21433
24490
89
30714
20087
29583
10380
763
5359
4859
30219
2672
21746
23819
20945
16513
28889
70
28565
3092
28101
32723
20022
6044
5932
22761
5980
16945
31633
7302
8797
9958
9874
20836
7773
11863
15400
12841
10170
24193
22827
7133
19623
23767
23828
16546
17686
22162
263
29343
25052
17224
24593
6974
30479
13760
21678
12951
17843
12037
20366
19244
10390
10169
2968
1494
2169
17324
17200
511
23408
25517
19125
7698
13196
2464
13390
7216
8374
17105
24807
32549
27102
3208
8822
13210
24918
26334
21379
22923
22648
2510
2023
16892
30351
28815
15060
29928
30453
12065
7701
21371
4728
17959
28311
10881
6146
26868
29225
18717
30842
27112
640
28606
18917
16637
18814
11087
1489
24733
4788
28846
1779
19639
22053
3168
2575
10257
24652
14979
13848
11232
15201
31491
28569
15766
15833
30225
31571
5883
25132
1233
13351
13439
19418
12883
22583
32206
7600
18629
12617
23718
1351
16103
7276
13797
8143
6591
13533
30951
7178
5773
9771
14606
15771
12545
27034
1442
9601
22956
29381
29660
991
28853
3976
3901
5886
22733
32541
9252
7060
13924
1157
6304
4679
12061
30762
18307
32365
15744
7362
4536
534
27888
15222
6614
31564
4572
19268
24052
1689
21049
10146
9152
2762
4655
6756
27339
12787
6418
15583
22823
29619
661
29775
22068
5305
20538
3446
18359
16263
12045
15238
9516
6774
17810
32321
21854
32507
7676
13151
2612
13864
159
22320
3790
24182
21160
14466
15312
24257
19724
9157
1534
2708
8126
18797
23306
23463
21797
25496
16553
25766
2509
24305
27116
24884
19549
2772
14030
1840
14793
5299
21002
32055
10696
21176
24879
6762
32649
8619
31477
21361
29345
23063
22482
30912
25673
8360
28873
10776
5318
5592
131
9041
19752
10442
6816
18008
20791
4470
19791
1652
11691
13831
284
6349
13979
32641
2826
3630
19000
24999
9442
14858
11195
6684
16330
2749
2716
27336
25881
14101
2565
21373
6506
25873
23686
3803
30192
11752
18442
22129
27657
9037
9738
12836
26389
14834
13312
22229
16520
15691
18463
22590
14910
12436
15937
12829
29455
16661
12577
27797
2468
11685
21450
24529
24968
18285
32591
23274
16002
28654
18621
12811
10787
14406
13134
30675
22427
1454
21215
26106
31185
24392
29348
14648
16306
18712
5147
1122
27336
20559
23102
16087
13327
11472
13565
4634
29445
7149
24811
10944
15105
22641
3896
4237
25285
21476
18911
18906
10838
5386
26656
20025
29452
24493
10033
3164
15845
2460
15153
1843
25630
8436
27741
20053
15877
18334
5254
21921
11273
26649
4291
28709
13843
10106
31587
29247
13593
14513
16933
16129
15088
29965
27820
17626
11361
24067
10029
11635
16768
27691
25963
17624
24633
20363
12773
23512
1324
1304
32077
10670
11963
25978
573
28897
32352
4368
4390
27496
1092
23860
22665
16914
26894
9920
32105
4901
27129
11728
6144
19525
23338
24266
26801
23448
9280
11420
22846
31784
27436
24645
7739
8585
24899
407
3266
18107
26257
15675
30825
9297
30577
27637
11633
4563
6235
7977
23360
5730
13308
22175
785
27802
8076
17283
16107
32189
14684
15536
29903
6157
21934
18478
18998
25721
28106
24056
27579
24444
17742
18435
32020
22851
31174
17277
17734
16654
12412
18258
27417
16344
22162
5109
21962
26170
10061
28765
1537
29069
27828
14414
31490
27727
11866
8153
30759
11719
17016
20518
16014
31980
30014
16753
3855
23172
14955
30291
2161
13961
7452
31811
13789
5328
25057
21852
24978
25837
3862
12129
32731
4433
20337
3070
17982
2485
25303
15952
17143
19644
4468
25000
2213
13523
21770
11660
16962
3164
11401
19199
17240
11533
19937
3843
26738
11922
10772
15963
23505
26746
30607
16021
4705
19280
14010
22600
5356
21768
25806
28315
27020
9374
20711
20486
12646
28921
18266
1117
20117
26389
1864
15370
9829
13153
13939
17561
21442
14950
18257
9851
24048
17578
1375
20483
18300
8660
15288
29109
2418
1808
10726
28608
20176
11445
15096
3273
1083
28454
13012
12778
4081
30454
17871
30715
17919
11343
20091
22032
27828
31124
5568
6466
25941
8517
24879
2483
19730
11043
15250
24780
10809
11413
11208
29897
31146
28747
19920
15736
12427
16673
547
5693
1596
23622
10055
24922
6797
20125
4513
28781
19503
16739
13707
22074
21353
31251
14246
1451
29964
4486
22385
25109
25001
9823
26651
9405
5377
3750
19350
15259
18877
19635
9197
1374
21856
19278
11991
3760
121
9492
32652
13498
12061
31517
2775
20715
28052
7899
14701
20981
13651
4933
29821
26137
32298
10549
24712
6821
28607
15119
14963
5307
18235
19364
2779
18259
17731
3158
9128
19075
14378
3708
7141
14335
30309
9224
15823
12508
23871
13159
6955
28825
10190
680
15325
4447
12837
15841
6839
25992
31947
15566
25743
2655
1132
19388
11668
6182
16847
31653
4322
4958
26120
15773
28243
834
9967
19820
15000
20885
12240
12157
5513
22429
2660
17911
6842
15472
5120
16681
8271
2158
21261
28459
22545
4623
16568
11970
1729
10207
23274
2437
17836
7110
4731
14654
639
5005
27043
7315
12637
17054
22193
24294
25903
28939
16127
22393
16955
29650
7717
25558
32505
31328
11629
16750
26401
21843
8071
10880
5385
6788
17534
14908
21806
19013
10731
23593
26640
23015
2921
19140
5700
18304
10056
24938
19140
6890
19334
17783
10121
30735
12026
10928
18524
9828
27347
14046
10217
12724
10305
18620
23317
2079
22130
9747
5777
14690
31936
21796
12975
15193
32041
9542
8565
22466
23295
10960
2801
10051
23008
12857
971
15791
2281
28286
4641
27525
3623
26308
29838
14521
17998
26431
24460
31927
3246
31058
9469
14246
16226
9976
31236
4329
21451
3426
20249
7916
3901
738
28253
23581
14327
21511
21546
27960
21081
23562
30191
7368
15953
31848
27451
12267
18711
14289
11543
30805
1818
29761
24473
18327
2618
10349
22966
10145
18487
30816
24408
31878
17769
1382
16816
29568
22450
29993
22990
25396
5554
29722
4463
311
17977
14098
28182
4304
25602
16441
21086
28416
2462
27432
27022
8127
22958
1098
29038
16521
14165
28552
22105
1049
25325
8741
21908
7029
20217
29670
6622
12330
16731
2935
1608
21465
5320
27146
9031
2290
11896
23105
25096
18624
31778
17998
10755
10918
3623
14681
25811
4264
8718
4129
31813
32044
12592
7399
32431
30210
22452
17032
23939
6307
10174
19177
31267
17334
15588
31895
29943
31193
9186
13231
29374
24989
27278
508
19489
1746
27662
6752
23438
16646
11592
2933
23875
25416
23962
3443
5545
6450
20427
26453
12772
5414
32578
12087
5800
29655
30070
27139
4430
30987
9126
20044
7975
2464
1226
11898
16144
1741
7113
20008
326
28331
8684
9930
18812
26100
31123
24467
30507
3850
14631
31894
26666
21051
25167
2347
2430
31555
6503
16788
27251
20498
28974
32736
1516
1232
7870
28688
13815
12575
10690
20345
1444
10912
27875
15209
21784
26808
31363
21261
989
21908
14766
12434
5500
12394
20301
32139
1102
25858
10141
9875
13967
31862
13280
29235
18868
2870
12371
32518
10238
16462
1631
27930
7248
31212
7955
13978
22590
796
14802
31658
8294
24279
6985
17811
4867
17468
10404
1312
15551
12317
17154
20552
28617
12221
30502
8972
4392
18648
21871
10147
20559
8932
1546
18901
31985
21911
28006
6565
28438
169
29928
16690
13679
4315
19425
4575
32230
22072
13501
27826
27770
20379
12925
2554
21578
20337
10855
25653
1775
24000
19963
18992
11791
31593
24874
23664
25391
10922
12483
31185
31177
24806
19758
24429
12191
17833
23900
32703
14158
25319
7678
21769
20774
10884
24821
13042
26169
29977
8458
23412
22962
24054
32224
23285
1129
8291
13350
28596
3764
23084
26129
103
7295
22364
18442
26147
32671
19272
1444
3451
25699
6863
29392
13036
11372
7137
23892
15993
27583
28222
4729
658
15385
20864
27908
25146
23171
7260
32616
8809
17189
14629
11834
27311
16223
19345
20197
14619
6678
25536
7839
19803
28236
25210
9628
20260
17396
29369
23169
13269
28420
15463
6683
10071
25803
13416
18257
31815
31621
11739
10071
26455
18477
4253
20005
2545
3730
22799
12072
4126
30637
17690
9783
26023
562
21104
3272
18042
24933
29204
12132
11854
15919
5404
14168
27530
3697
30390
23726
22883
30360
18281
29787
1349
26994
7581
11962
17269
31296
20318
6713
30452
5388
6493
15955
4262
4412
14135
25278
2483
21096
20730
22245
23854
27497
25062
19864
17653
30642
31856
8450
15832
7908
3981
4828
5885
30364
4396
23777
4226
13967
12804
9602
19813
29402
32401
11482
7329
20627
4441
17892
23962
26788
14964
28652
955
19673
16459
9283
32094
25399
7584
11319
492
2960
24783
4930
2885
17236
4179
2434
32354
15274
14475
19049
18233
5567
1726
23478
27616
14686
5470
14500
23286
31170
19849
15713
31039
31912
469
26305
12942
6056
9805
14900
4584
6084
18871
27126
9446
10050
13337
2437
11867
17847
20091
26200
27703
1637
14317
22734
29867
2246
11212
8549
28302
24425
7490
9772
10496
22781
11276
9339
22093
24492
22144
10977
28180
25258
3278
28510
31400
32269
2438
21970
21942
21727
4954
15030
6184
20849
3110
22026
16714
16371
28973
19086
22827
30530
12453
13621
4679
1025
30839
20695
11874
2539
25152
550
10935
20327
8347
24547
30546
10077
4514
2898
15803
11593
23218
27883
31444
1934
29039
10578
28676
9228
13832
25225
12181
8948
701
6501
18523
25563
21662
17214
21655
26894
29077
26603
28698
1318
12198
23533
22958
1756
16758
27371
17329
22302
11274
1631
6147
15714
18898
19598
13091
15930
32486
31677
23188
18472
655
9634
29318
8884
25097
14105
14002
21437
8327
10264
31366
28429
6264
26597
13442
1072
521
22918
22754
7813
17131
29818
18301
2965
27478
23974
20717
23460
1102
3218
5872
20614
4901
20693
19470
11956
30273
19406
5756
9375
32543
12949
6721
15428
28056
27697
28311
2817
12387
24588
660
5031
3804
2212
13577
3792
8195
7810
9131
3443
13000
28528
30064
10677
2950
13799
9276
14850
6861
1223
2493
14941
4452
6986
13203
24564
30094
13627
17077
2808
7565
11107
23056
2731
13157
30789
24689
26555
9698
29963
6564
10446
10972
25279
23262
17758
14010
5054
24152
15047
3381
18794
31293
30622
20319
6688
16070
4421
10979
29546
16291
30652
3726
3189
3230
7098
2062
23749
7547
15101
12026
27431
13602
18142
16659
2279
32768
6440
21450
19780
29098
27434
16130
25889
9667
17163
9494
2813
18465
19294
15390
15141
18475
18678
15470
30760
23429
8956
6240
13196
5104
12606
24916
11967
3179
17610
32244
26704
29086
7868
5565
26975
27001
18772
21947
1875
7705
1868
29331
28107
28651
19816
3015
1238
4883
31310
21558
1894
7183
16536
9186
24066
16279
30504
22262
4540
18888
17339
7688
27491
4226
21441
9115
4857
25871
5997
10984
17255
18693
13064
3038
26224
27245
6794
12391
11492
11044
2923
30445
30486
14210
22711
7709
8591
28730
15713
7658
2564
11137
10457
4565
24710
4467
14816
6252
6393
6066
23452
19473
4295
24656
14567
14589
15574
32751
31213
29829
29623
28454
32758
14747
10272
11047
4992
11927
10140
18847
14481
14392
12673
990
7499
32229
31266
32056
22209
825
28231
18603
24585
31423
19162
29122
3987
13818
23779
3256
30392
22185
32183
4577
24470
9544
8043
2118
23836
12506
32143
17295
8545
7142
17945
14631
3642
15040
20128
12442
13323
26377
10699
21314
13021
11385
12552
24354
12721
13020
22145
274
24596
2395
21324
6685
13812
14077
1505
29735
26034
13422
5330
10706
13432
13054
10678
17827
11469
21740
22630
23649
24423
15077
1645
9918
9792
2760
26297
24122
7660
21420
23959
24899
18729
29476
24798
25249
4792
24514
10345
10257
8555
31961
17099
7216
12928
23431
25151
14235
28205
3315
30174
1365
27260
27092
25365
18025
20569
29491
29525
30928
22249
12401
18956
17812
2334
11915
30421
6710
2441
1181
30699
29006
18543
421
16612
3697
24606
26506
6556
12631
2945
22365
26991
1085
27379
21214
17067
18825
2897
30530
16964
3245
25427
21811
6090
23117
15132
2585
18841
17316
12815
32408
2384
12580
22245
28249
11396
18524
1532
7438
7605
26911
498
23728
22912
1507
31347
18699
19479
23399
30031
23677
8943
19353
19920
16891
26296
24502
15946
2132
29074
13747
10227
6842
5502
23772
3317
8830
1810
26043
28866
13851
24690
10555
4776
31094
20603
2829
13989
4964
19009
15179
28796
7277
18620
15195
9480
27344
31422
10775
13777
24518
27432
6954
2781
6667
31070
32189
28361
12699
13816
22100
28952
24761
30651
20466
17098
15926
15559
26756
16688
27888
11281
15484
8960
25753
19220
13757
31653
14266
15300
8631
2264
31479
5828
29395
32372
12692
13784
12561
17542
25400
669
24047
23460
16113
7544
20366
23425
28537
28876
18192
16318
1208
1136
17988
30466
5769
9568
26757
26700
1217
13746
17119
25224
30830
14540
3956
10849
2652
28629
10270
6743
13022
6761
5206
2321
26314
12177
11861
27124
1478
8946
9080
23540
32194
2628
21481
6826
18374
14086
21884
1447
8686
6256
7639
12809
10931
31146
6102
14924
16747
28731
10286
16482
20499
3780
25936
22021
25165
12270
1680
16204
11685
28065
20102
17276
28440
6263
29876
33
16855
17264
21098
29278
21320
14311
22247
10882
6222
26052
1729
24027
26570
9204
2695
19151
7778
21782
4260
9000
12161
17527
1670
28848
18334
20289
27904
10238
25538
11759
19437
23951
580
29188
2327
20761
20695
3069
9815
17179
31688
28036
11005
18617
640
7142
15473
4551
13648
18119
10779
21796
16494
14101
28801
22345
26682
10810
30639
16161
23238
28054
4316
11548
14998
20012
30538
18559
18084
12443
22638
14078
17319
25937
10065
12940
2709
3323
16182
12658
24679
8511
6525
21662
31516
30126
6855
4158
22528
17652
15195
17038
18222
7762
3785
11502
20564
18255
28365
824
21686
26026
19829
1360
4726
1426
29318
22269
27922
20505
10269
2551
7982
1511
6802
3649
14740
4651
28577
31928
4985
18904
22732
28653
4098
11021
9467
24368
23814
12500
5478
12269
3862
3856
31156
28988
16058
27313
22372
30131
2814
25130
8301
16254
9517
31269
15649
29362
18909
17013
27991
16863
19243
18252
17609
2277
4168
8878
18107
2568
11829
16933
25822
326
32202
13495
25971
487
21245
5397
29875
21079
14689
25621
25967
14897
23021
26466
25844
30364
28159
24690
9777
18650
25504
12217
18460
21278
5898
14365
31569
14238
17768
5801
11004
11754
7388
645
11514
636
3526
26918
15675
13456
16708
6850
18539
9782
22773
6919
18897
4773
23555
27148
16503
16082
30048
22920
32651
6209
26447
16962
24069
13851
22567
11720
2442
28802
23635
18532
144
545
24990
12108
30660
26631
24494
28441
11944
29621
29133
18042
30593
17269
15856
298
30320
5358
19697
32543
23519
9718
14368
15365
7710
6055
20474
27370
30286
1973
8248
31291
9343
21502
29964
5103
16149
15459
17831
28162
4464
22231
10238
32549
19916
2485
12750
27572
5733
87
27357
16104
8671
19940
13444
17486
32486
12905
19050
5495
15122
13868
16530
12273
28941
3901
8856
10103
503
1357
6199
18533
32265
18371
13071
15983
121
27149
18853
5009
670
31284
940
6985
27221
26036
31619
7685
22435
8330
6398
22743
30108
17038
2409
9584
21123
3843
30922
24140
818
6765
28775
21290
5564
674
32392
25023
5970
27940
2942
1707
12643
16302
32740
31404
8711
18189
8229
12306
5022
16433
16703
17523
6068
30596
15046
15007
18729
29307
14891
4310
22926
22378
23358
1849
3537
1948
10738
10879
28189
8099
29024
30441
11516
20973
31759
10104
2495
20376
10611
1373
12831
13191
31923
19377
26404
9142
2224
29542
26950
7370
23874
31614
28627
7149
22980
378
12176
6872
2260
15894
13475
4657
26964
14899
5040
30232
18612
20501
13891
24829
4724
19662
18030
24756
14564
17914
32179
6603
6959
30637
23331
13595
3223
16042
1224
19357
24834
726
22593
17535
8886
9708
28332
22903
21857
19057
6089
13656
27228
1771
4187
24803
18992
22862
30674
29151
5978
28343
18728
12396
3659
4956
23305
9876
9907
24259
11062
20003
23039
28723
31019
20664
13088
20329
29696
3613
2959
17803
32653
23764
6542
16994
21713
14578
13232
8643
405
21809
28059
25934
2892
16960
29197
13916
14654
8285
15901
17458
18917
3878
8644
21115
6039
20396
10651
3061
28774
19658
21990
28010
9541
32181
17106
23778
5228
22227
9723
16663
13053
15569
17713
11561
23015
11760
19068
29843
23050
5535
6493
15198
7069
32335
2391
22164
19661
5507
10670
4344
25511
13862
29295
10228
30520
27938
1712
5331
13299
11310
27673
30256
28499
7911
23460
11694
7873
22051
4000
1514
13751
15746
13052
29870
12070
3910
21954
19816
17941
14948
2786
30682
8587
28378
4913
32530
30640
17476
14769
3229
27695
11946
17683
9208
11742
13725
8826
12871
6049
8578
11650
17993
22668
4909
14721
1164
26439
14770
16397
11229
17591
6775
22718
15875
20954
8078
24116
8365
15603
24642
25692
19112
18920
22512
25584
20821
31208
32537
16189
27227
22096
31412
1065
13721
25296
21961
3956
25439
31434
31035
30014
2781
7674
21990
21194
17627
28764
29929
28033
24235
29002
25157
17210
14684
11749
9640
28600
10545
29367
15747
2932
26961
16535
20578
26525
30656
2252
2173
19294
28046
29813
19850
5727
10063
15144
20694
27790
20939
19673
8084
20255
12022
21245
12149
18129
10018
19696
6521
884
31347
19348
30468
5288
9875
4156
5428
8167
21672
4808
29298
14278
25475
13073
14919
14455
25114
6535
13169
19859
3641
2840
21559
1302
11124
13396
28921
5036
18016
12239
14603
11819
14339
19399
30148
7264
32136
21255
16337
26894
14391
23819
7887
21300
27045
26981
18202
25743
16424
19040
27103
20832
1934
8930
19321
1391
4623
31639
5114
592
11647
13131
3591
29413
30921
20120
18410
6180
11672
27330
19170
29466
12887
22495
23741
20528
2140
7739
32681
6062
27232
29434
9288
1917
12083
24575
16898
14897
17581
8973
18847
8007
22248
2092
9749
18602
30636
17231
16286
12668
23083
3379
13582
25108
30447
1930
16228
5443
11280
11353
29599
17116
11690
19615
22227
13171
23182
25143
30843
356
18744
14591
1809
11032
8450
13114
4828
6787
5015
11571
29450
17905
2729
17444
254
19971
24039
1109
7659
15604
9513
17032
13986
19233
31470
9365
14760
19657
17161
7506
13196
11537
18839
24501
1399
6731
20020
3389
27141
18295
20335
9101
15443
26378
10875
27995
13658
17135
25383
31368
4987
5580
10255
25488
24666
2438
26388
23589
18672
32519
1547
22807
15324
831
5042
19831
16890
5480
1256
17148
17719
8847
21021
20901
14756
23120
2311
15008
23753
16609
9878
10859
32571
8786
19755
26169
3185
19218
11013
26775
17619
10678
9467
12623
24084
15862
6513
19597
32194
30968
20357
21824
16923
29394
26249
30403
19747
6474
22966
12733
1523
15327
27678
26694
1108
6414
4323
30027
23180
20686
9127
21299
12664
24669
1347
5570
27355
2878
28860
15166
15862
21891
7283
6353
601
29512
31643
26159
7416
20864
13296
11384
17281
7156
7078
7264
2541
25736
21408
3981
28246
20416
20963
14657
22280
27268
28746
19000
14042
3360
21371
3028
19391
28559
15897
13943
11160
21241
9276
1840
4940
25722
4894
22683
11291
15653
16663
17154
15151
9033
22987
1992
28532
28914
23202
19464
16810
17331
4984
26233
6841
22947
8086
17557
13380
16294
27361
11002
26496
13550
5970
21776
24135
26561
22182
14316
23144
28540
3159
27764
1858
10200
19402
1220
2449
20844
1738
20689
16775
7027
53
22092
29471
31440
22261
32714
18606
29263
15666
18209
25530
12334
12230
24341
28688
9436
16882
8244
27921
30464
20815
15614
8525
30909
13831
329
27731
564
17220
8420
27334
21835
11241
22907
8372
28333
8065
27578
7716
26643
13172
12213
20974
20417
27777
18568
32464
6483
31848
15162
1725
3001
2023
27880
120
20609
2280
19487
19298
2132
8441
10633
5521
2244
28668
972
2081
10053
17184
19119
3535
13688
12304
23935
26563
4784
28778
18609
1198
30383
4466
1736
19989
22960
19464
18553
24557
7595
6359
2061
24167
23764
21712
27656
24077
356
2519
15624
4622
2717
12219
29423
13526
8968
31084
7492
24290
27650
616
10967
16339
8822
28791
21668
28097
236
23960
12282
16081
707
7739
11229
24842
27834
14256
32168
9316
16054
6880
16631
11042
29375
30523
20163
29794
11595
14833
4047
29939
17087
3429
20035
12902
13875
27871
19095
5224
5493
8320
6067
24655
22097
13692
597
4850
6416
18051
1970
3262
29759
10368
8032
17414
11698
20358
23667
29083
1224
7
10727
27549
29167
8264
9790
8848
32619
15889
25193
29874
8020
7337
2028
19340
8926
24322
10814
14280
14046
8752
18286
32578
2441
7199
15372
20834
32126
4742
11847
5544
3591
15895
13395
2184
18587
28153
14862
6777
32680
32631
27106
17737
6800
32250
7405
19379
9969
32564
5727
5939
3882
3999
3620
10265
6683
17190
20164
19421
6188
15905
27271
3506
24976
19079
19420
5469
2507
19807
9467
26696
27761
12408
714
16594
30513
5210
1789
28650
21779
24188
3458
31964
24318
30648
16668
30570
30077
20219
25422
12319
10178
29761
19322
19168
19436
24513
24906
24516
27781
14692
5711
7718
12111
13436
8936
9720
6464
21427
2662
2905
21451
10561
10861
14442
22369
26467
22941
8542
7992
21768
22898
32465
19019
31437
8041
603
19874
7211
14693
14692
7123
20719
20816
4666
26057
21227
5125
14176
22724
21484
32622
13610
32161
28652
23529
7558
7516
3976
25841
7709
20179
20148
25850
15515
4556
15277
18588
11594
6970
559
27892
30694
14012
22249
11592
24237
24935
14126
29673
15285
453
20717
21086
18562
24861
9955
25790
984
18933
17679
1118
10702
28630
6502
3500
29220
1103
17609
15707
2262
7484
30772
26817
29937
20553
12856
5501
24998
10161
28843
13404
32157
21580
10910
894
25740
16584
9871
23476
18183
27190
224
27949
17562
8649
30344
12114
11285
7131
18441
2030
5671
28721
18594
28050
3630
28544
28101
2360
15694
29232
29387
6950
19392
1119
25831
10005
27757
4905
11096
11155
18108
32551
24547
26790
12968
14389
2945
31154
31509
18041
6997
18076
6756
25761
8672
4144
9541
3947
14456
7104
22476
11883
5366
16910
30920
14857
10160
25965
1872
713
21927
4898
26270
32207
8961
21520
31777
15010
25017
28821
29645
26160
14485
11183
7862
32530
5720
14691
8157
7954
25913
29791
23369
32234
4757
5854
23386
4431
16097
31436
8283
28206
10722
9514
3670
20278
12064
8373
27948
25750
26264
27586
12004
20744
15793
32109
28740
30734
7281
9714
26526
379
27377
20059
13805
13878
2830
23388
20001
6715
6754
14203
26294
26594
4211
18547
10635
20580
3369
21467
5618
9627
27526
5891
18691
20745
27793
5663
8247
15388
3731
26279
27186
3504
25734
30973
6623
24790
459
9553
12226
22740
19995
32706
19850
13933
21952
14277
10214
21090
27141
1739
19098
8504
9707
29214
25298
9276
11037
25612
950
27589
11046
24648
6462
3769
4322
22413
32072
15186
24114
24196
25320
17698
4596
19432
3071
21589
10803
488
32015
6711
5786
26317
9037
12022
12079
20700
8440
31912
830
27006
13290
23439
5266
19358
27245
17308
21227
24915
6735
14131
27565
17599
20025
19246
16854
10295
7484
28708
8754
2467
8365
24811
2002
13608
31795
23131
1210
23301
11294
85
8922
15547
3578
5124
20800
13681
22372
24419
12683
8598
28445
31232
22947
27080
23645
19199
23975
13557
16490
27745
13863
1472
3688
21383
22164
18214
30067
25329
2036
3169
12523
18764
23514
2060
13071
20908
19350
32393
24014
2326
22441
14240
15833
23873
15228
13160
31741
6301
2385
9835
30896
24469
17017
261
17898
4881
16327
1549
29494
15424
32326
13495
24584
26004
9255
2489
2129
1294
20989
23469
32593
23483
5165
22199
3244
28287
2207
23399
8129
31761
3258
17633
3383
5191
1936
23099
19160
13460
9301
28454
7587
3535
4374
30673
28188
22325
5543
5130
14055
21170
5854
21927
16789
26204
23038
17956
9662
28480
7286
28557
15952
12642
21452
27806
2342
2303
10708
17450
9437
16661
2341
5049
24803
13094
19917
19829
5072
5176
28228
3399
11258
4896
12447
18749
11843
11264
16390
24879
5942
21775
13928
20898
21075
26776
28269
3564
15270
28742
12717
17817
24479
13726
5919
6414
27933
15309
9684
364
3532
1700
4069
28599
6321
21217
6570
26424
21251
9136
300
5919
13117
18801
31197
14189
23153
17852
4231
11537
14303
12450
2947
14673
2758
822
6955
14444
13946
27469
28305
13182
7351
3201
114
18851
29237
21116
12389
13407
16764
14451
31832
27454
4090
10736
28221
10935
22867
24789
4609
25174
21752
25758
1982
19995
14843
3814
1585
16157
29986
14636
24942
22386
1338
30680
27090
15699
29101
1657
14138
2428
3927
18769
13426
29906
1942
2067
32497
2376
21920
17899
28355
23043
11802
23231
23238
1725
1254
12725
27929
3687
9532
20725
7122
13586
4092
3760
6639
271
5186
5985
21648
4949
22075
10578
20579
24356
14392
10594
31583
1256
23041
29959
18101
21600
8812
5519
7427
14847
1838
14507
2251
7059
1776
4653
7973
26660
2470
2833
688
24351
6940
25018
4814
21172
13265
8063
6929
27004
1033
1894
5872
9055
29982
25135
23999
9653
21783
19349
19166
4779
24699
25808
13872
28648
7784
4190
20686
24689
17119
6915
14845
13770
2914
30223
24670
7263
18881
26335
869
26402
4401
20390
26892
15988
14750
30062
7113
13897
11586
26457
17597
3975
13431
27437
30254
10416
13257
4879
31287
25025
4176
24719
31166
30554
11837
6373
4007
6430
15794
11898
7239
16221
18903
25515
27932
1009
15914
2761
3259
613
22038
1892
20233
861
10952
29897
28078
30513
21310
5577
18631
988
19104
29116
8155
10773
4308
17094
22289
17851
14669
6489
7328
28022
23587
22779
646
30108
7529
29258
24701
6737
16059
32317
4651
5363
28438
7852
26009
8373
19692
18451
19942
12937
20088
22675
11837
26692
1104
8249
20740
29436
27193
16003
24406
181
14910
31008
27828
26941
30212
28664
27383
8789
6744
21100
6793
16145
12554
31199
19157
32386
13566
3445
32508
11666
31872
4890
19146
24622
7640
4551
31720
17835
542
10496
25427
7266
6736
16802
21260
2206
27298
15323
9234
21177
24597
15994
22669
20609
9291
2921
11852
32224
25498
32119
13681
2237
14687
4955
16235
21533
13973
11254
14885
13966
13990
22489
19325
30661
30336
25607
16632
20870
8684
508
10164
30660
19227
12526
8350
27658
130
19538
17636
8217
29929
25506
11950
11219
28094
16222
31241
6743
27566
14161
21027
4718
16759
15893
24254
24102
3319
17881
9695
5564
18057
25186
13766
29119
23186
19536
11043
2163
343
10659
26503
31348
18706
16253
3097
21147
1604
28969
3210
7461
7756
12381
28235
31250
24633
17084
2045
11980
24541
159
21801
31497
1826
28949
12849
13554
20898
26409
5254
28805
26225
1123
4892
13880
1085
17553
21275
3295
29594
30406
11480
23247
29591
18340
7427
25156
21653
16599
22050
23808
13657
25058
1597
31541
5727
13854
9435
18853
14193
3071
23854
17160
29561
12698
26763
4270
3732
23140
27933
15973
10855
4669
13529
26013
21686
25005
20660
5066
25650
1901
31764
28682
6035
27433
21637
25608
10983
11652
14766
19488
22314
31069
27011
29380
28694
31312
11452
23326
5180
7296
10117
7926
9044
31124
8823
25559
28370
5888
24519
11117
22714
22918
20669
818
21684
20988
16232
22346
32611
18255
16529
27818
16371
8648
493
18048
10225
7054
18582
31439
1376
23149
13244
14938
23305
22229
6040
4036
13074
13350
1186
6645
32722
28202
20228
17856
32484
32739
10830
19138
21114
26504
11627
28557
17652
11210
21204
22790
27314
18011
18691
26891
5670
6065
10027
28761
21037
18440
23078
14253
22175
14758
23983
9258
11044
28770
5585
31483
27722
4711
23711
2105
26325
26166
6182
11535
32087
29162
27808
6428
3072
8128
24299
13080
16054
3030
31545
29883
3432
24371
21512
15834
21152
23560
27989
25300
12376
32565
26636
31276
14095
23311
452
11639
796
3937
15529
4473
17473
689
17337
18827
25475
16580
24372
31295
15161
8804
3405
20295
5476
8800
4902
6291
25662
981
6651
17082
26902
11692
11422
11931
15706
24420
10531
11332
29174
8977
31452
7443
14556
8357
12424
282
19684
13935
17095
29640
3031
31457
7889
23494
30406
2966
18792
21024
3233
19860
11787
1189
13061
718
28269
6032
8532
22765
17957
19048
523
21839
22183
25636
15952
16976
28531
10899
10187
457
9868
26875
29879
26839
21804
18945
16953
2270
19638
2248
4336
2509
22508
15709
28621
31139
23650
18515
18725
13618
12338
8618
1540
20002
30706
3830
31685
4666
8419
1212
22495
6107
19307
14112
32258
29645
14790
7613
3171
31807
5880
28373
31316
15624
10758
21930
1303
307
18789
26667
24308
5563
8883
8147
21641
10643
10917
22991
23650
28393
18753
8799
17609
25004
5709
20350
29663
22348
14855
11973
28140
15297
17942
19085
5620
8142
6849
2644
23691
31879
11359
12898
20713
20497
15630
1707
18497
30633
24232
5368
3919
27367
20723
27202
23089
15428
4120
14174
26231
731
10071
10464
893
4460
7160
30265
29945
7846
1157
27682
25552
17062
8246
30270
20782
28091
685
27642
16341
15468
10211
9401
1973
19644
1123
5934
1981
30892
26038
2056
10738
6658
14110
3029
28094
15177
32391
24608
27786
23065
9658
24541
3215
7832
25556
5896
21992
11329
23286
14728
7660
28644
15935
345
31932
3822
5111
14314
16664
23531
26637
28356
22135
29769
708
11117
20822
27487
30633
2700
5584
9902
8392
7757
19567
20326
23071
3079
6466
32044
4435
11549
18735
32282
32162
14114
27019
24583
5145
12096
32232
7945
3079
11482
18478
7481
1969
12144
22254
18358
13639
3011
19954
3309
31767
13370
7449
2071
2561
24709
6498
1538
21803
22656
11334
18197
26102
26202
3403
8847
32048
13302
14806
28431
27275
6033
8000
21593
10061
5030
11053
27223
2378
3598
13849
18782
8719
620
31796
28595
7777
13256
6256
8270
14822
8570
13784
7901
6945
17226
27427
27916
11172
20693
29833
27908
16512
6195
16341
3377
9985
10198
32444
24905
27032
20405
13165
19594
24857
15786
27497
8515
26150
14617
7317
22933
14059
16851
22669
19835
25869
5690
19004
2568
24540
25765
12714
11760
28368
11270
21012
28490
12339
4042
1602
11924
28699
8960
28437
15096
27547
28350
28768
11213
21562
14272
28664
29537
10148
18259
2831
3830
12192
15217
13757
30730
15938
8750
30944
15068
31330
25683
16934
22059
20557
17224
31336
18497
23225
28215
22074
27952
22527
29294
5312
4700
32644
2821
8387
25401
19320
5057
18435
4950
2756
9017
31951
27035
20285
4151
21972
4303
3102
26209
16435
20828
30901
3609
6102
6231
2908
11169
6659
28603
8363
31107
26161
19445
8940
8752
283
21158
17871
23783
3604
32420
10848
20952
12954
17730
32565
2442
22573
8401
28908
27514
16482
9318
32469
4101
7987
31966
2027
27015
12185
800
9225
2245
30301
17314
7514
136
10026
7983
7698
11403
24552
26855
26203
24471
11845
9607
7826
15597
5012
20458
6580
16612
31451
18128
7187
15571
21799
18399
31310
18993
20515
7143
9343
30971
23273
22634
29110
15702
27928
23132
16295
24694
17447
24103
15007
30910
2809
22770
25021
11561
8113
30499
7006
18408
27591
25634
28121
23629
604
16224
12397
999
30922
25241
18551
30447
11648
23894
18152
994
28941
18869
31223
10864
17786
24172
18195
23957
10205
25100
24860
12550
6187
25475
11986
30158
21326
23525
30094
2617
29559
7532
7216
24817
27318
13245
6744
871
3016
6508
26585
4980
5424
26307
106
4161
29321
23999
20383
25188
10266
30556
6424
29515
7339
22034
12537
21470
13719
16800
6297
13920
31011
4104
21375
16278
11022
8155
2186
29484
5993
18358
17263
16212
32681
24333
27241
27568
24059
17447
15403
28530
29399
874
27162
29378
20696
985
8889
32608
23243
23771
8292
9354
26630
14654
4162
4640
763
27515
25973
28422
30220
5948
27795
28362
6817
5147
13146
27270
7800
28077
6303
264
13117
9407
6280
561
23643
5599
10491
10651
20241
10527
14934
27774
6344
12053
12385
24277
32676
3878
26497
29628
20825
11013
6702
7453
5184
7030
15014
3723
20138
10840
5347
10094
22644
11746
19659
18529
27355
10541
3240
6104
25234
22002
30679
31238
26642
31638
13764
16382
29234
14179
10518
21016
22263
6681
10022
22934
24237
16037
17334
11655
3382
15920
1248
1772
5539
9563
4940
16410
11265
20169
15014
9055
10613
18143
20047
3304
13964
7367
18003
25570
28620
17595
10396
12000
14479
28544
4709
18301
12305
31536
30193
28994
31943
24893
24700
22474
25074
17843
23666
14371
21365
3005
17375
14712
31715
4971
5926
14573
26845
1202
11255
3275
20891
19381
18555
733
11208
10818
32465
7706
659
672
23742
22403
17411
16264
17312
26191
30858
32113
31908
21318
6366
22801
23865
23403
30212
1824
4037
26077
26541
6495
21654
4351
13510
5337
20251
6871
27211
15720
13140
10420
5212
14972
26503
12820
3474
31000
28213
4804
22675
28445
11340
2121
14308
9163
24478
7807
30719
8581
22930
20352
8102
13524
21017
23239
31350
7343
26340
6038
12735
4090
6869
18068
26515
15436
27059
9915
2077
8693
17441
20849
17716
28992
2001
8693
28720
19701
18421
11261
9725
5666
31222
1438
366
9499
23145
26731
18387
5056
7743
28129
17357
31998
17467
27395
16993
21913
6826
12097
26188
16936
19790
10910
17814
3681
3995
16146
1386
10646
14118
16685
26661
19584
23130
27646
429
11324
18284
19507
1540
24211
26514
26241
26141
21374
25200
7495
12014
2025
5587
6510
24262
21944
13730
14995
9441
1288
10258
21096
16186
695
29208
12119
27296
24614
18468
14953
6412
61
5900
11367
25138
5552
6470
7743
25174
22145
19547
30888
31585
2247
23192
1801
11316
19629
19719
12695
29244
18365
6558
8894
26950
5471
25013
23491
7573
8348
29886
31911
17458
19240
27440
17230
19844
1440
28100
1505
1568
15632
31972
11376
14818
16824
19552
28124
3389
2832
1892
21492
207
32009
4263
19166
21305
4758
4836
16313
13613
4459
30094
4736
969
11012
2496
24369
32035
12010
883
25135
8997
12850
4851
31717
16539
20550
12948
6061
17546
26856
31904
31216
26563
32627
7573
14734
20665
8036
13965
26752
10640
27162
17406
12220
23670
12762
23715
25176
27190
17942
23738
19443
3850
21743
20848
15953
10673
1528
14490
8773
6338
12861
26789
4052
576
23940
13520
12695
14702
21714
8600
30561
14053
5681
15732
23586
22243
26033
29123
17163
20966
13229
24579
12275
9082
14415
8003
24314
21327
26710
28123
32620
21646
10007
11098
5608
28525
22978
11968
18881
26882
16359
19694
8612
23892
13625
9050
29563
32696
16529
31495
2962
13659
5174
22453
20216
15899
25435
1877
23849
24475
12521
17855
29929
18070
31615
18599
8307
4723
27319
18381
27859
16154
25004
21877
12433
24839
6841
6935
9615
26524
12419
20055
23092
22972
14393
29239
15818
16533
20762
14476
19493
13501
19768
6063
7302
16769
22396
26740
22463
4730
15083
8288
22935
8033
12071
31766
367
18979
20025
11795
30246
9016
6029
26011
24891
18481
9278
16883
25905
4241
28821
1489
21304
31966
24268
7953
25609
7160
22295
22185
30738
23209
10469
15583
8915
29052
4450
9658
1416
25811
2881
18870
15624
19252
19386
24251
26349
19940
4302
15696
501
6071
9426
26125
11688
9766
15147
31566
3387
12450
2647
815
20917
6696
18221
1460
12112
8470
25957
23367
16930
16701
16730
16232
9724
31799
5903
31648
17811
31738
27248
16054
9437
17326
17627
29734
10942
25276
27615
12239
11748
24104
30020
492
18672
17440
23627
18245
14806
7637
31798
18855
20614
13193
5131
17553
12492
22249
14230
8752
27508
10142
20909
1165
12979
1567
7096
28422
11714
10441
11888
9211
12236
1841
4070
2761
22026
4025
25287
12796
20781
23393
6879
16832
24060
21472
23261
29337
12606
32756
24406
23636
23258
27126
6924
12606
25661
21681
26735
14739
11772
12916
29796
9017
20666
4710
17990
31150
1357
30746
2346
23104
22556
20835
31336
14460
11211
32362
8535
18152
20251
8189
13399
22517
10763
8234
20245
19247
17988
10509
24074
23223
14003
32230
25413
23795
8824
27246
30827
20100
30463
15468
12796
14456
1388
31619
18391
18113
3901
21326
9985
8934
1578
25519
20642
26361
848
27491
10832
15561
14735
218
9104
32088
26417
19782
21658
25744
2764
32243
31325
11569
24425
24534
29635
10510
25573
22888
9270
10617
29080
14005
24419
19452
9781
31663
16958
32586
9457
12489
7494
21620
29416
24001
21514
28768
29372
9917
21996
12664
17279
16282
5157
23967
1747
10625
6409
27753
21071
28347
9356
16779
20517
20678
29190
27536
21250
7336
2867
15054
24886
6531
19582
17561
31509
17770
32383
9910
8349
21619
10434
7954
23129
9741
458
19380
18820
9364
8277
9969
882
17187
20962
5087
15404
3498
14961
3852
1115
32576
8586
22383
7783
4794
4224
9118
11999
16764
9719
14146
19484
25743
17060
27848
12577
11252
29524
1882
6086
8248
15408
24846
32278
25161
10559
18781
23285
7560
18476
10198
1542
24607
28490
14099
22219
19861
30165
27629
16142
24480
16763
23788
25728
10554
19738
15873
32161
20470
3276
17528
30175
12181
21281
1832
7426
23508
7083
12013
26055
29833
24256
2904
30667
32750
21115
24484
6315
16189
15620
31724
12394
12669
15377
30364
27923
14491
9645
6694
18847
5308
26169
23286
31768
10706
32688
27047
3839
17261
3631
13687
10732
19157
30132
29432
19828
9045
7461
31497
1615
8409
23189
5637
23482
19644
29892
1850
32027
27867
24036
27805
29412
238
2979
18107
22201
10776
4197
15603
22229
12476
22993
29155
2218
7315
14480
31776
20167
4859
5457
22314
22015
28562
30481
24735
28104
19204
16025
13742
16353
25633
15176
1231
11064
7987
32018
10161
17930
3982
1993
6516
19276
16232
19355
7449
30538
10731
1757
10295
6030
7049
29959
26095
20995
27792
28415
26145
26458
18942
24730
19680
29869
150
14176
5668
30818
32307
11919
16831
7763
32093
7267
31635
5931
3866
9365
5121
32531
30470
29729
23717
6031
3494
27213
15680
22690
7418
21223
5365
7481
27473
5582
15289
28359
26721
32692
14341
13356
12439
2081
31949
18395
23212
14523
17334
14652
17273
6598
22404
15695
19468
18407
25297
4755
15867
5933
5893
23590
18936
26449
16258
14381
21670
3389
5407
5494
1452
30156
26072
3164
19719
26065
25796
16107
21156
31578
13895
1093
1070
21558
3208
25412
13605
32180
26661
8289
1328
4526
20774
25301
180
9414
7216
13566
12197
27120
4091
25603
1692
12081
32518
699
28202
6054
10634
5067
21613
14023
31660
7951
31968
28909
31734
13884
631
17682
32264
11459
16364
25560
28043
1784
4691
14285
17767
25715
10741
17134
1846
27062
23899
30058
18168
27921
12969
25000
7944
27331
4910
29066
8271
1122
23864
244
4791
3965
18477
392
6626
30591
20183
2996
4637
30422
5120
239
14735
27477
30015
9023
31158
18903
16401
17919
25877
29990
15659
31711
15654
31771
1551
26156
5270
774
22750
2386
25009
23631
24173
19103
5404
5214
5786
31561
2242
29881
24289
5299
23312
17004
18218
2540
2661
15278
10469
21112
25796
6337
13401
4692
8141
5146
26681
820
11499
15810
10105
783
7630
7676
24927
27613
11548
27432
32733
6304
16227
22247
4126
15265
28755
13952
22879
27132
42
2691
22016
94
13679
10668
17115
17678
1763
4873
14548
27434
8629
11103
1201
23348
8181
27083
12589
25805
843
14245
30535
15807
18409
1961
2272
29249
9150
26713
27013
10871
17900
5533
18826
26937
10877
19885
5976
10261
22097
27952
15111
29847
3931
5798
12336
29383
25870
26883
29180
26868
7441
2460
28033
14512
22586
1351
28239
26908
954
19646
14661
9830
27285
20549
18858
23183
31574
32397
25721
17266
5632
10967
30203
10754
30279
7772
28059
7891
3584
22765
3063
24540
25559
17623
22323
19323
19008
25097
10642
1209
688
11385
3655
11472
8460
16835
24712
21994
17250
2579
24805
4908
29143
26694
13528
18931
15072
13644
1181
10333
24501
2769
11075
25868
9475
8476
11524
11302
7137
17463
26578
23968
30470
9296
12850
189
16441
1375
23629
4305
520
4617
18244
1867
14781
21956
1733
18162
9614
8765
16604
19567
17172
25591
16395
18444
4607
10804
27548
1211
28423
26136
6710
16474
6950
9484
29359
22837
17156
19041
20257
29901
6835
3125
22080
984
24988
14235
16106
18312
25273
32758
29184
15376
17669
23974
32373
3173
16433
16359
5028
29505
2457
5621
30183
11630
3446
29557
8549
24897
18517
21520
3883
8037
21704
16993
20607
24793
347
26129
29808
9788
713
15680
27570
7241
5744
1319
24233
27038
10499
5628
10692
2497
21887
13846
29708
22884
20576
10322
5117
14312
4884
31157
13972
25121
23472
21075
31913
27225
21730
19823
639
29079
31270
7395
1434
1569
3133
31683
7376
19263
10716
13373
13987
20034
24737
15555
20942
11461
19018
12397
9246
28723
2601
9880
9091
17033
16083
11732
9575
24669
15385
28157
2110
27680
8505
13735
7007
1696
8021
30399
14610
20688
1059
30320
18154
15052
23783
13380
4181
17432
17822
19596
12145
4392
14460
23041
30753
31270
29081
6827
6497
30447
15080
23554
26838
3167
13416
29268
3241
7886
27806
16230
30614
19930
23874
3166
27456
15719
8249
15072
29896
28645
28867
4472
6045
5586
19702
10040
6806
30335
19307
12962
11070
22038
31031
16328
19311
31964
21532
4529
15650
17332
13569
13055
24709
18917
16032
31183
14414
14364
9343
737
2127
13493
24097
26617
16971
27958
6781
13700
13577
22812
1967
25471
12710
6619
17134
21909
6959
7200
1214
9863
5232
24153
23910
17105
16390
119
5541
5771
18108
242
1953
21133
6164
19214
1056
3286
6435
31326
6138
16431
13730
30598
17871
28427
1859
21060
2037
28082
1857
31922
11956
6046
32315
19397
28342
29733
9794
24858
13241
3673
13105
25074
2951
1069
13628
8059
15656
4313
2508
5201
24662
5759
20107
23364
2353
27406
2746
860
23604
27751
715
25882
7784
8126
27180
23809
5591
24643
26465
3925
20036
24834
7765
6435
5657
1544
13554
21121
18337
22728
1519
1559
12919
7101
30185
16862
14655
16720
7862
9512
30611
18939
17654
20449
1088
19887
19434
22292
9139
13427
7050
25264
32430
25167
11473
22669
12608
23144
12380
14506
17907
7532
819
3769
28999
18224
26087
7389
8543
12184
10717
9138
13819
4792
18665
27534
29862
1080
6942
29446
3377
12797
7909
26292
16991
14853
1869
17976
2786
6035
1186
23165
16006
27533
31553
24894
9133
9250
7338
4552
28923
18351
5847
24321
5970
26340
19917
6825
26625
31267
21360
24032
27448
11816
4507
23272
31424
25583
23152
31789
29928
26578
21229
29826
7107
9203
27584
9390
29840
20953
23645
31271
15226
28510
21581
11037
16258
31432
22217
29626
15033
14902
29831
14505
31410
4670
22484
13013
27959
12244
22243
2163
25915
2413
101
30530
11280
31589
22105
29713
13018
926
11046
25475
30788
24683
21735
20495
30321
5804
11014
16714
11574
9018
524
6249
7302
23429
6583
5633
17197
16763
12622
27922
30145
20140
13873
1860
8662
31404
16564
24176
20850
185
21293
3938
705
10398
3916
2526
10249
5847
21931
480
25567
26614
934
1576
21916
6982
17261
24566
2571
4269
8791
8211
25700
7639
24954
32016
4990
32400
13432
26322
26432
9330
25243
29519
6745
10689
32293
2194
25648
27539
9697
26629
26398
3892
1278
32495
20188
30408
1309
8252
13111
26930
26281
2941
4875
28981
13159
25903
31598
14297
16206
1088
12076
24081
11160
14543
25204
6554
8217
28724
24272
6438
11984
23104
9050
29626
5564
29637
21806
10069
21232
6745
5147
27346
16106
3416
1950
22287
8481
40
14352
11087
29405
8641
2078
12509
17483
15724
25210
499
30673
22730
28624
14297
18335
29465
26876
17489
18823
18867
22906
31283
25870
17879
26141
2389
28611
30636
27652
29101
25551
17027
3019
12730
25806
7773
29950
13343
1757
4781
1491
16530
3060
20063
4888
29684
2935
280
27754
961
14343
22976
28840
20651
14238
20030
18087
3202
16859
4226
3623
30551
30874
21705
7430
30689
11976
19740
7348
4896
4470
32282
7143
1855
26411
20728
26768
3519
22911
1734
17933
2258
31973
28916
21408
8197
2761
4884
14112
4130
475
4577
24558
12885
8362
4993
30251
32397
28276
29959
18984
3365
17980
31036
22558
23492
6174
21663
13344
22914
21728
15018
29261
32332
14281
20567
24394
29065
25270
10211
7408
1021
106
10706
30529
238
24870
3891
1441
6790
17785
20773
27715
30073
19290
12698
20961
6120
12660
16731
23984
16260
25793
1869
20883
25334
3162
11506
5262
25215
1934
21554
16766
11227
4657
31324
3592
21868
822
3176
7632
29844
22913
4223
5611
13155
2806
2237
1174
26994
18902
29493
28968
15374
13387
2869
10309
2457
8769
12236
6229
9262
1400
5002
21044
8068
4055
6535
555
13845
5124
934
29984
2431
21553
22043
32265
16938
13113
5163
20391
21035
31723
14899
7792
24424
12965
6380
7885
6397
9510
30189
13189
31711
11421
5490
24697
19135
22021
4443
21907
15666
25781
8568
9721
10766
25395
14595
32646
12567
13898
7534
30330
10203
26204
23136
14704
19930
4857
14074
16785
3050
17583
4190
21256
17114
4388
15730
25013
27990
17763
24545
11814
6410
2676
18019
11971
31499
14383
17471
6472
9074
19025
8718
8313
5194
11216
3009
14865
16300
19564
8165
251
12584
13447
1062
1988
26215
2870
8978
12113
6927
17048
30496
21965
3047
24167
1777
29158
30012
2252
30421
28217
20611
27000
21393
22794
5439
29424
31328
15417
293
6696
16951
12657
11134
11348
19021
1699
26574
14075
4571
1715
15283
13901
15648
14961
27663
32182
11177
13770
25961
3763
17359
17728
913
20965
6017
3991
31875
26212
17988
32721
29326
31573
16503
2909
29110
26559
20444
10380
23638
29850
2388
2372
2826
3369
3050
28152
9163
18826
12563
9431
27740
1932
4660
2372
7142
1472
1893
6023
28639
13523
885
26818
2095
13082
28974
11046
20118
9839
30170
27238
27976
26684
15622
15468
6363
14293
12677
9804
12643
26379
18360
19830
32476
13566
15629
18735
3272
19250
28870
10306
26904
4325
14844
32498
19024
18592
24291
4404
24807
11277
4431
27931
22508
31240
5239
2452
18672
11000
28665
15699
10015
16224
21535
8717
26032
23729
4961
14312
23936
11363
21803
23856
13817
12611
26080
28235
21817
1807
18462
8687
7024
16448
27460
30098
28042
22055
11057
15906
21263
24379
32079
12535
11079
32690
28369
30982
15777
18510
22584
11351
10581
30586
27164
13753
30793
20629
30505
1716
22834
32142
8040
9663
17659
11953
16575
27827
4970
27840
20668
2944
17153
20806
910
8990
30754
6440
25684
3271
30583
17789
17051
8548
8081
16031
6433
5445
9679
11650
20959
15380
6786
32581
2887
18700
30798
18183
17099
24422
17108
29180
2206
1812
30861
448
8382
22962
23545
16619
13618
31674
22522
9701
32144
13815
890
22524
32707
17212
2132
2739
19979
9813
29042
9053
26181
7230
9267
23787
5741
32403
2319
24067
2657
10824
10109
30034
26344
16026
14612
28706
5618
18501
30705
16175
10274
11512
11354
23990
28553
27398
15776
11984
14261
350
19018
17662
16106
5053
2927
18437
21679
7970
1892
27900
16780
21123
22424
13475
23571
24510
1467
25590
28445
22738
17446
27394
21846
27983
1399
11768
28156
7179
14203
25728
20195
11543
9554
847
22461
2033
17613
25596
2712
14843
29467
7951
19880
16684
25765
19548
31303
28422
19510
7567
23866
30664
32095
1799
3126
484
3610
27368
13474
18867
15277
31339
18335
11624
5841
16761
10054
13635
15124
4217
14640
27655
5500
14438
572
7085
32365
19748
12172
16986
10956
25108
12497
21391
14437
29926
18377
6559
22922
31406
12550
19303
25597
17210
18928
10809
18193
9891
22541
15385
11531
12579
21888
30252
19406
16678
26320
27501
10424
19364
24043
21410
21447
15021
28267
32399
24064
6726
30487
1897
3857
1907
1197
23693
7733
5525
29151
28530
29272
7670
18587
8412
11644
11683
18575
15699
1883
1402
14061
7636
15181
24707
23403
16582
3437
29828
20111
28463
10999
24783
32041
16936
27125
32607
1313
7311
11291
19491
20338
27899
26863
22170
2935
19445
9005
29088
28518
19045
19817
5512
25114
1098
25078
10346
29205
19374
12807
8382
15813
32730
12308
13866
12550
25798
14719
5273
15337
3795
9080
17805
26291
14012
3870
17334
26409
2506
18662
27843
6923
19016
14145
17784
3039
21559
7289
17409
24559
23107
12252
5254
23701
28405
21021
3071
23990
11817
24823
15690
26253
6851
28179
25722
12202
1182
23852
7283
22074
2757
11633
4788
4232
3558
29227
11635
3012
9987
16031
22511
22276
30315
2358
26882
32648
24297
18907
22517
16962
315
22437
13209
30357
3013
18870
3987
5726
12935
24419
23544
1841
25421
13205
23322
2277
2597
16238
10657
27986
31254
28720
3293
32089
19983
21595
31578
12069
22046
9238
5045
4529
25826
10448
30127
4490
4419
18471
12672
31447
16480
13833
16750
23702
3017
4633
16797
12584
22511
29780
23081
28688
11993
11508
3954
27896
13080
15252
27831
10228
16124
16790
15591
29451
1032
29634
17843
4340
16036
20271
14568
12573
21010
5479
20476
27890
24739
21446
17894
10843
13355
31267
9011
1926
2738
17587
4183
13288
7020
32041
8769
23166
26604
22306
21810
345
11668
27585
10702
601
2896
6294
6260
313
12164
17861
20171
715
8770
22372
27549
2437
32705
20004
11497
23357
14090
23348
17459
21553
8437
27490
17695
27466
852
28036
25150
19362
21614
22550
27688
10051
21167
12836
18123
10034
17565
9067
18690
7340
29966
20411
14954
22447
16280
415
25457
18108
16714
26688
25519
17372
409
27783
17018
13025
10141
24962
28084
21742
3966
5129
6888
30009
21545
32161
16021
21264
8519
7840
3530
27930
24943
17298
15859
4576
7322
14812
30451
22923
6872
14239
11123
27887
8002
31455
19321
15817
20272
25573
1340
5189
6572
3809
2103
5572
13094
12500
32380
10459
31081
15277
12363
23199
21453
3506
1507
10528
25518
12322
23448
22323
6430
26905
23590
11637
32727
9395
21829
19596
22643
31092
14973
29872
20960
19432
19004
26219
30478
21894
2342
16540
9450
4826
1964
32706
7312
23780
9696
631
1468
12731
18823
14139
30082
28789
14960
22387
19776
3147
6405
21425
1488
31481
8992
21814
15106
25188
15136
30902
2889
18815
25915
9819
8116
20591
12054
11020
28704
13294
13714
30446
6061
8173
15593
9515
19822
5501
3835
12531
21861
26607
5090
31681
32174
5434
22732
2272
31738
32158
30986
4653
16191
16007
7524
23070
2478
13492
1456
24323
26342
27032
20643
21388
21095
28673
30182
140
8777
29687
9836
29692
2606
487
1796
8515
19061
18689
31018
22197
24496
23774
26147
11353
18008
14950
16457
20463
9920
5105
11939
21041
32072
10412
5816
22874
4819
11071
30885
23781
22907
31660
20846
20119
387
14458
30610
21695
23180
27412
9698
31165
21772
21356
10386
29889
14333
5859
24721
28629
24274
22125
4374
28446
5039
28656
11132
15710
23001
28398
3407
446
15468
28772
25767
25291
30028
32242
11956
23230
93
9275
1179
8448
28407
18575
10880
19693
3988
456
5348
5593
15820
30833
22578
21584
28292
4654
13972
10402
19554
27735
16395
27295
30852
27111
14527
18080
17265
22677
14740
11207
29263
28992
16125
28551
25687
14224
6677
19046
11399
31963
30700
4609
29590
2629
29470
21585
13869
13868
25515
14382
13140
26819
24834
18193
7979
21500
10847
1054
28122
25260
26967
29794
19146
8938
690
31833
4118
12215
27000
14003
21052
24037
10318
10327
21529
12337
5379
30121
30484
22195
25191
32008
31641
15736
1116
31387
9673
28269
6703
6478
6767
19070
21288
5399
2102
24064
351
21118
28954
21580
20178
3932
10269
20141
18613
4323
22331
8829
13577
29406
8607
17034
26224
31802
13847
22463
576
7366
26054
19712
27862
30775
4889
21077
20525
8815
3324
6987
28847
28927
10829
23703
17482
1514
14736
19709
32711
30636
6373
11632
3671
14970
2616
7291
10095
11980
6072
14559
30422
31001
7306
22398
2813
1761
17854
20599
32142
25841
8066
10131
2631
19171
661
5088
2057
32740
30207
10907
30764
31930
22784
12627
8214
28421
26950
23372
24844
452
31074
30242
16967
3868
27517
18862
24907
8021
17479
12077
15476
22822
27185
9119
3026
18226
25820
22894
7223
5842
12497
3408
24717
13333
31602
8814
11629
26373
23345
18886
21230
22060
22527
14542
2235
4695
22535
13146
24681
3994
17565
27839
12807
12180
31601
1081
14070
16628
24585
8330
18171
6204
8558
28388
27538
9670
2085
2313
15749
11524
24672
1713
16574
267
21622
15916
12889
27219
19345
30792
31998
6584
8358
7029
18286
19653
17835
4647
20827
1842
9988
28796
4733
1451
25406
7455
20450
19924
11007
364
7046
32649
23869
1237
29219
19306
13231
22404
27466
12951
4993
20545
12211
29624
22092
24983
10706
18753
8005
27186
9386
23796
4277
25740
19686
5287
30121
14793
18470
7239
13290
15327
22167
20765
6703
2809
12998
29264
24210
27166
9142
15019
24897
18189
30000
18337
1910
31084
19034
29070
17065
32034
32395
31040
6148
11266
2142
11958
15383
15017
4869
29991
5837
31913
16864
18503
17310
13287
21070
9925
25095
28481
4036
1560
18999
15476
19996
13179
31244
12605
24111
17974
20029
4031
12453
1824
23513
2597
6924
29026
32240
27016
29480
12413
27535
7187
29834
16271
27122
28261
9316
3538
28406
29750
10140
19557
18381
25662
16159
18767
6133
27474
24184
31681
17515
15057
4257
9627
7964
22078
7961
11826
26268
25646
12086
6736
28186
1637
18877
17789
404
32060
176
16509
23111
6726
10087
31002
14186
17970
20706
3876
28443
7667
2142
31413
2970
27423
30758
26553
18613
31637
29356
27310
1411
7267
4568
29353
32341
15335
24736
7322
25322
30516
17113
19408
7394
5814
3917
11200
23157
15898
4109
32514
12645
21352
23817
24476
28209
24946
17629
21635
25484
31090
14318
24671
19981
22511
27062
28047
8232
20704
7260
15213
19037
18196
19080
12499
21423
13009
9077
14302
22104
31676
3400
1777
13499
10744
8608
31485
6810
12946
22638
26368
7817
25373
21767
31948
6051
12441
2423
13066
31611
28058
9240
19582
22614
11174
31588
25741
16279
19422
27656
9468
13434
736
23865
2298
29445
21485
24395
20833
9020
18247
6272
3641
19605
24541
29726
24958
7595
5162
18372
24354
23606
20059
25341
11862
4411
14256
15638
20486
17792
21284
13613
11938
25155
11088
6283
23332
2603
6029
25396
6991
32383
23641
28347
11572
25750
11004
859
25595
32655
17515
32580
480
12866
17260
2099
29564
23925
20987
31557
20550
28244
19948
3853
17497
12571
8403
23524
18296
15382
20257
16000
17743
1739
655
18633
6907
374
5056
13543
3533
16565
22305
3744
8011
4485
12565
1761
25208
2413
13647
9626
13910
26361
21886
19919
2472
22122
25392
18413
3068
28332
26864
18010
28649
31368
7858
6223
8854
25115
32114
32490
7291
18567
13847
22655
12140
12776
3997
5680
30163
17802
28787
12221
18237
89
5922
2461
22040
27544
17968
333
23226
11222
26436
5096
28582
31774
27018
21240
779
26991
24409
7051
398
25195
7956
17290
7753
28499
27470
12615
23572
9779
26161
4437
15363
12122
21536
7836
13616
28173
29083
12460
22970
8573
24675
1106
19725
4598
28639
29289
28516
7768
17599
2291
25229
15819
9183
14953
19436
18863
25710
5967
30659
9170
19791
17930
16817
3302
25023
11510
26232
16178
24889
692
8963
8583
32406
14529
17575
9846
4729
29773
3753
11200
19690
2378
6400
28174
10817
11203
3165
25826
12102
19311
24425
6862
12438
19846
31053
21988
10569
6355
23928
9325
25809
10251
17564
8670
37
5725
18170
2055
1568
23114
31712
24718
11043
8887
12912
27292
27650
2624
10146
2262
5150
5328
23949
19343
28366
11118
30690
27451
10244
2650
16825
18215
8237
21849
16528
15464
14168
17997
30864
26898
21403
10760
17939
12202
9906
8034
28772
3805
30442
19593
22981
8561
28478
32409
28855
23165
15039
26477
18037
20949
28473
28084
28354
13513
2835
17223
3300
12047
2679
13754
12785
24573
22451
27952
28745
12283
6879
3444
18532
6713
11456
27974
21198
16029
12525
22515
19311
20480
6960
3369
25104
12953
9263
29448
29723
24249
29004
11900
5026
23481
29641
5579
32675
26417
17200
12650
29067
7275
30450
16149
25592
12312
17230
27422
14019
5185
23924
13318
21566
6272
27371
11338
15290
23151
48
3711
5453
6753
29344
22433
13010
18512
407
23465
8752
23831
6874
2141
13536
21473
15922
19052
8361
22498
17498
18618
7598
31301
3355
27129
9643
1125
22710
22649
14460
14911
20610
30785
18911
8488
726
862
15482
7867
22057
16507
3616
1046
14200
1970
6480
22854
2025
2466
4094
31999
3501
3266
5014
27792
27690
5364
3647
18455
26458
10590
12637
26353
30318
11381
15705
4213
27064
31322
30372
11490
10183
16746
27641
661
17876
18705
29155
21376
32605
6878
30592
28375
20751
16861
6276
2828
15081
5153
4224
31742
28063
15008
29541
6510
26428
27460
20292
27058
17164
2366
6999
25773
16569
8094
6213
25342
18100
27168
1442
3448
25558
24649
20661
24786
5192
30387
8319
6560
19872
2726
25336
7298
5708
11239
16284
11932
11316
14549
4902
4678
32411
177
22684
23556
32582
24638
9099
5048
3809
3210
3988
30230
2206
11
18727
27225
12575
15853
5007
52
3222
24491
28719
2572
24619
8413
19211
10084
25246
23889
20618
21401
24621
13660
20602
19663
21944
19570
21076
26411
18211
22005
16065
8259
21756
25675
16990
1746
21853
11827
19900
19121
29716
15961
22188
2306
7682
16680
16057
10414
15297
25823
757
23315
32650
32743
6393
5366
19029
29028
7463
5055
27713
28682
13874
17125
17463
15153
20961
5543
714
25132
7951
10493
5218
5591
26871
16846
30362
14448
14254
31587
31974
8104
23025
14876
18553
15609
15393
13921
30566
8249
12428
13276
20229
2160
3310
14565
26008
30439
16696
23102
3886
30849
19343
28417
4552
6478
11672
16598
25787
13918
18163
3177
32597
8659
14597
26140
31427
19770
14331
22265
2866
28188
27915
17898
5173
20687
19965
300
23655
19858
3563
31745
9297
5082
2885
5285
9358
16358
24343
30340
14124
28313
29071
27818
12374
17289
14266
14459
10800
5460
32398
16548
18435
13363
26413
11345
13466
32465
30824
16033
24556
14685
27010
1622
16379
23261
2615
13778
6395
17606
27645
14143
4279
6346
12426
20749
4401
8434
8598
28321
16008
32236
30178
24907
1055
4006
26489
11641
31996
19484
32566
14379
15214
30830
14726
26791
13299
30773
26735
4718
20312
10007
30418
15214
26658
28825
28909
4729
14125
6709
30243
10742
29587
29613
30720
19159
10703
24990
27256
29643
3619
30296
18799
22708
20023
3309
6015
30299
9730
6792
14837
3682
15341
10752
22044
8059
2102
13741
5055
11736
19347
21371
26857
28643
22809
26428
21231
13102
14171
20291
8368
3501
23766
16174
12828
12067
2957
15619
20723
26330
4080
29823
1743
12695
26370
21674
5221
25549
4027
11183
28168
17425
2987
13547
24943
10702
21217
19780
18615
29754
16139
16828
28331
28040
12767
27717
2116
28256
31417
4824
26476
21900
16261
15553
19207
10228
27871
29245
28724
27852
29049
6726
18640
6668
18621
27310
31549
9504
6324
7787
3937
3041
26407
26162
27889
27077
10756
18247
3823
27986
14082
23699
4209
16857
22152
11767
30373
16736
32204
4576
23570
736
29752
19739
24864
6321
26641
25835
1499
4930
13914
22361
20724
7181
27126
11724
26632
15562
13838
7641
32037
9955
28594
11356
13707
3881
19139
1736
28079
29125
24080
1723
32390
21105
12991
5078
26623
19688
25327
22475
1234
2458
2971
30903
11128
27301
5569
19891
24698
1281
6852
16805
32239
14842
26640
22621
29760
1252
26108
2525
2095
20746
26100
26615
12824
27623
7127
16926
630
26521
18078
15222
12200
402
19519
1837
12534
24977
19664
16142
2767
17616
28912
2131
12372
27007
30563
31419
7707
20082
17916
32221
4652
6935
448
4284
1360
17322
29256
12187
18828
15788
13415
19475
29160
22673
13
2914
26484
3769
1387
16134
20365
25249
9560
19339
10077
7259
2292
29089
14497
31547
23691
11633
19375
12244
12732
8241
15031
12834
19674
14326
19017
18441
24978
2506
27415
20478
718
4607
18685
9221
18906
20163
19262
10459
30917
26868
27153
23924
7179
24373
32092
32424
28528
26433
26815
4905
2607
31103
18644
29624
5716
15063
1461
9112
5991
14533
28351
3395
1098
11179
17302
30557
14436
13164
20073
17894
32768
16950
29560
23475
17391
10655
22995
12319
6261
32244
4452
27902
13155
17357
23087
10450
3456
7141
28889
4418
13101
24873
1127
6599
2121
27919
14665
681
851
30249
23959
19498
9166
15610
12954
27136
10218
31496
28558
19209
17760
18482
24998
2363
27038
27204
19793
21978
17700
17097
29884
30189
9774
20257
26520
25330
26259
28371
29
25553
28909
25636
12623
12815
8442
17128
2688
32580
834
16792
5142
28367
14330
8357
27022
22472
32041
7180
13505
25398
9225
6955
28262
23170
30128
4818
2009
14892
19183
19870
25115
23741
23419
3714
13849
20989
2122
16807
21041
13925
9536
12150
20722
7895
1547
26099
11555
27789
21068
19532
22279
7504
25847
5297
12000
27626
15100
103
2226
21725
13607
10776
7497
21333
12612
19054
3197
27228
16008
10976
21685
20045
28972
15051
25514
17035
6491
31428
9326
32626
24910
12845
11948
13454
5814
8966
31537
31499
9050
12294
16811
19565
30977
10474
25521
20866
29842
12558
2308
7572
31866
29754
20757
10722
24142
7614
15815
9554
12209
17857
15221
27744
13945
18646
27191
15706
7181
15824
3169
31951
28689
32216
15949
7749
15942
29372
23387
1322
15275
8074
13365
29197
20201
5982
31320
20494
30701
22136
1232
30355
23255
12689
21058
13117
29203
20335
27696
12315
11205
24760
3961
2589
30315
2564
15903
11211
190
13365
7757
16438
12504
14091
19097
21039
5788
4595
30598
27576
23891
10016
4685
18872
147
11485
15581
30707
18533
18722
19232
26936
20646
2917
9600
24540
8110
14514
13482
14952
4144
7678
14993
30863
4705
23737
15542
3171
2141
26018
25512
19400
16838
5599
29638
5672
23214
10829
17228
616
439
32021
20878
10523
27000
16768
25470
24310
26915
12812
18804
29572
4197
25791
12847
18459
12942
14779
12055
21263
11506
6163
19908
25381
27791
27869
27332
14155
30448
8328
8601
16006
31313
30320
32258
5163
10499
2736
21116
3154
25618
25143
22535
25736
31014
16671
31533
27844
30631
15162
31297
15517
24868
13037
14565
18617
14582
14913
27854
27785
14112
2615
1996
15411
8826
1116
772
13008
5647
29342
28544
4312
13763
31070
28651
32474
5689
28614
32661
18545
23539
4701
10942
17267
21947
17368
7184
14187
5698
20532
9069
22858
20744
26113
6635
12121
32379
14849
18205
29042
2915
2289
11157
14704
6013
27559
21670
6116
1894
12637
7535
24842
28091
13389
276
17915
3967
23678
25167
3619
1981
17629
27688
1270
20078
13967
28672
28639
9884
28294
25812
8313
14280
24914
27584
30466
22154
28986
32194
26893
16503
19084
9921
24694
20295
23089
29134
1691
26424
4740
27305
20425
9389
29285
22663
23285
3355
648
5650
31149
18213
15635
10930
29774
7686
4969
2315
24182
21552
1600
5831
4028
2354
1018
24981
5279
14047
306
9585
11197
2477
32661
2087
9030
6235
30451
11794
10927
16087
21653
3114
27819
8286
1234
6974
1367
5349
15069
20605
10420
1464
27361
32571
3419
32097
10832
2034
28524
28363
27256
30855
16328
30631
16727
463
21376
8719
13488
26194
10125
26985
15198
17999
3265
1679
26857
27904
20477
18221
30551
798
12965
29802
9028
19112
18257
3274
3637
18401
1733
21842
6954
31640
12580
1518
31090
4779
20320
5393
20931
11982
26869
26267
18826
11401
16855
25087
20608
2688
13480
13221
27774
22007
32047
15757
30610
16533
1798
31542
1106
17256
5266
23742
23664
29482
21048
23882
19855
27075
10702
22696
14421
26894
27216
25651
5570
6880
6101
12023
26304
4679
30657
11542
16891
29199
11579
4715
29682
23691
31202
24684
25935
4242
30395
2901
15219
22471
22894
31363
26454
10781
6579
26653
5774
10907
2823
25594
15021
24925
16035
32191
6864
22236
16814
23112
9077
29807
2994
14410
26765
19985
12621
10294
3539
14692
12073
31584
2395
22006
24877
11872
29806
27331
31221
21176
24213
15612
3712
15288
22260
17415
2601
29343
8153
24263
7897
13827
16533
28189
1402
2163
27019
30895
8879
4698
24198
15336
25538
23334
23376
20032
26590
7594
9856
14013
18814
15297
18067
7609
7205
5429
3390
31463
29264
17887
27907
25745
32680
3855
19715
25635
11133
28718
20243
29677
10096
12961
15377
2597
24175
27889
2681
21803
20455
16681
13107
3345
11060
23168
18607
32347
16221
28216
1076
12803
4862
17350
15733
22209
14469
2099
102
20361
12961
28866
13645
2900
31992
28883
3868
2595
3353
1799
13310
13121
24497
26021
21552
24777
26113
31293
8978
17513
26511
6283
26238
2405
11292
19613
4184
22495
471
6200
5734
7509
29648
8057
31842
15979
17583
2232
17486
5611
422
5041
14600
25866
16804
11238
18206
6381
25804
31295
22499
2411
26661
14836
25283
5397
8595
21676
10451
15987
30726
2535
20140
11921
27633
9625
18554
16570
1022
2583
19536
31620
29184
4407
16063
6925
1064
2227
19878
4227
13949
19919
11595
6890
30854
19516
11179
23833
31561
25659
3599
5382
7034
31750
27872
22596
15340
16491
444
31178
9291
22714
7113
31990
14349
4577
11850
14802
6566
17622
11632
5781
3579
31797
11634
31341
13338
7467
30688
23931
25896
6034
2868
6687
20634
24925
14506
25463
10409
16695
21585
1314
29439
11367
11106
20554
20919
15351
13521
23009
22660
32021
12323
28202
16944
8377
9855
23932
6729
20104
519
1603
12055
7929
12137
16455
24528
182
32176
3377
6927
3397
12385
12875
8579
4327
30659
8071
24804
18880
17278
18371
31532
8761
9063
20043
19971
27299
10907
11679
3707
22045
2251
15223
19709
16055
19926
11781
30084
29911
2973
1658
8200
7644
18963
1227
17726
26114
403
2229
11134
2437
3959
1023
8196
30986
22758
25087
20572
7482
4077
2143
22552
32176
20177
21793
22212
20245
32164
15841
8732
11401
13847
29786
26748
69
6543
13356
22423
24447
19835
7645
7020
23950
4580
17181
18806
6735
9797
18510
3107
4039
28830
16195
8840
25354
6852
8008
2131
15451
6651
32355
23041
27284
21702
28634
18769
21961
23294
11253
13816
1320
25634
25861
16022
15395
2030
28069
24041
29394
25903
5184
26688
11666
10965
22484
32051
30707
14154
23029
16786
1745
16898
12820
30107
17856
17236
1537
15216
21422
3720
2991
8648
12995
21041
22584
18148
12172
29373
8224
10181
17241
29514
19678
28572
30179
24763
2968
23426
562
29451
14639
1641
17086
22754
20347
12626
10453
24934
14296
23489
17212
30804
9953
16494
6169
10319
25979
2622
22032
6008
11030
21873
8365
12862
27951
20765
31746
30840
18457
5339
7057
8369
25854
32448
6252
1474
289
11663
21146
4775
31333
27436
445
8331
1299
6996
14578
31525
28376
652
25081
32583
4877
31063
29590
1972
25659
24492
26422
7219
11999
25767
12758
5857
31082
30335
17441
13259
9612
28344
21976
16060
14002
20122
119
21332
25038
8161
27926
25434
19030
19894
6541
30547
4239
2526
30939
23892
5387
4658
29385
14868
5488
27215
1738
12357
1660
23950
5670
4645
20294
23863
6487
20816
18887
3825
17587
8408
11416
8061
24652
32151
16893
11684
22293
4292
4131
24942
16710
8389
22182
917
28161
1092
1366
10553
12341
19333
4155
18389
29379
5111
17623
17778
22495
14857
1194
22811
26553
23870
2300
20368
4701
27268
5078
2111
2264
8386
12882
15983
12701
17328
29716
29375
15399
28907
15385
2255
6111
19273
3760
27965
21055
28777
197
22483
8248
27791
11365
32254
5841
8367
20095
18818
22290
20168
29160
26477
12576
16500
19362
17225
681
15292
11358
17046
21634
14896
11071
21624
31631
5688
28129
10668
16612
8869
12698
10432
21801
24715
31232
29316
4931
18259
2219
2748
22065
21260
572
30999
26163
19714
25757
30309
16690
658
12939
31236
16988
24124
30802
15259
27919
5882
3544
32011
24312
27088
14813
12451
11644
4517
6785
20372
12886
29009
30471
29860
2946
9207
24280
3878
21082
26517
14795
16937
19968
5593
11683
17392
9467
7991
31962
20898
21029
15416
17053
2883
24772
18709
12311
19427
13303
32644
12018
21013
23892
722
3355
19619
18127
29234
5574
8064
13277
30037
15283
29950
24026
30522
14511
28481
12200
840
18013
3572
25754
30874
21558
7226
3728
1946
24271
15080
18275
11729
19546
23281
4483
9213
29296
15394
11230
29284
10510
17423
23812
8041
3805
16717
31113
11357
25270
28385
10667
21655
5733
19449
12853
17095
32429
7130
17572
12423
17549
8730
6791
9267
31682
28431
24620
16635
653
20615
12920
23862
3766
15033
13335
21241
3025
15740
32214
16105
11968
22967
28236
8525
25209
19225
7360
5480
29194
6666
29511
4869
5082
2529
13357
28243
14897
14167
28310
2547
19706
31547
9829
28496
12488
25960
13149
16687
16152
25589
7046
15495
5078
27307
27859
15250
21538
11964
23041
28452
21075
19121
7874
16956
13116
24229
28443
7128
30895
177
30219
29454
5440
4519
10093
26969
27979
18947
26911
24369
26937
4894
22372
14046
31998
165
10375
14733
18662
32330
29634
21156
14226
1465
24413
5459
15677
28878
31258
16491
7237
15365
17361
13428
21222
19762
10584
4090
5704
4722
30629
26151
32444
3425
2615
17303
18754
7821
14514
30055
21072
9515
18377
18063
11726
18185
24928
10098
101
29892
22514
29620
32249
32315
14641
19020
12660
19267
29677
11226
29126
3229
5431
21306
10282
31013
24774
31833
19370
27467
18586
3399
13797
29383
2014
21902
13584
11913
25875
22467
32571
751
24427
20826
27349
59
19315
29886
4211
3396
8949
2466
14797
10860
3101
26513
16905
24785
23514
32461
19261
12744
6023
25430
27951
6791
14795
3657
16735
33
16062
18795
28743
6072
15181
30982
9185
7917
991
14324
874
30876
9785
31225
7270
455
15006
10326
23780
13007
20539
27802
771
24810
30915
7612
9653
13265
14167
871
15043
9145
22184
25493
15889
4997
27231
3679
24100
23354
32701
23571
20961
22195
16766
20872
15255
19606
4868
24238
15680
16774
26289
27497
8708
2970
21397
9888
16639
14862
11849
19345
32068
9529
10522
20839
1826
15039
16234
14606
17062
23048
28756
27974
30560
21745
3215
26870
11626
26817
7061
6083
23463
17246
7172
9442
19273
26817
9028
11306
21654
3239
8298
366
22763
13449
18012
521
7681
13775
24886
9402
28271
25665
6893
15283
9072
1214
29491
7404
31719
22576
28314
9405
25760
21183
16635
18092
5593
21317
30489
8324
10753
28418
25474
17319
4543
9618
21174
10404
2358
4379
19083
268
29320
26315
22736
23426
14744
23426
13617
19986
9493
16587
14938
6852
14516
28177
31328
624
3260
18960
29276
14803
16072
2185
8537
13539
24520
28730
1648
15456
842
15629
18993
428
21496
29328
5957
9436
20833
12965
26194
24847
6908
27771
16671
21246
27753
30652
16633
3541
12027
28680
19541
29250
17524
25763
22454
31691
28431
12394
11729
30820
31428
3596
751
24129
3015
15478
22420
13289
13906
18319
28254
16012
17316
18726
22831
27286
18506
13864
24975
8836
28573
3095
20555
2038
8332
29367
22626
17158
24475
9739
10530
23513
4652
15487
27535
21107
1789
7527
12036
26832
26611
15272
2333
21296
30998
26805
27859
17074
18652
21438
31977
32292
13738
2340
23944
32026
27800
1583
18726
14653
17781
13571
27820
10726
8203
25808
20183
7660
9891
4682
18142
26554
6604
5209
18006
4004
2393
273
31315
123
7849
24292
2001
25182
23595
30230
26450
6100
30240
22130
9160
4376
10403
25916
180
27060
12007
1894
19344
1105
16321
15366
23659
6350
13158
15112
2515
26767
13941
27680
5111
3352
11832
18947
19213
5338
12839
1495
29938
25164
16045
32488
13840
318
1327
25244
389
26219
32075
2217
21634
19789
7005
24453
16624
10293
20552
32031
2906
22170
13939
10188
24583
5553
4113
27524
25446
24383
31398
3918
8624
10924
31686
32505
8648
17496
19232
32013
8038
12082
32188
12545
12404
17542
30337
26030
22968
1558
16378
3076
22196
22125
13146
22012
6346
2928
4285
32205
16804
3894
27824
3427
7379
793
5876
14861
23734
6413
24191
10358
7838
5937
22212
11478
31279
14756
564
23401
8202
26266
1541
32033
19369
26799
19250
15512
3209
9083
12483
8008
10895
30310
13134
7934
10661
16829
11710
30604
12452
16902
5971
31934
22390
13713
25322
3216
8316
80
25471
29086
8493
16872
23024
18908
7680
4616
4099
17799
7564
22266
9387
21084
14062
27256
28039
1799
8044
192
4524
25310
15192
1515
16804
13775
13878
25978
12470
17559
26145
28722
13160
32053
32362
21546
10051
20383
21891
23330
2006
32435
16923
25366
21758
32112
21387
17683
11876
11366
26993
7754
18502
2923
28314
12131
7547
13200
15142
17939
689
11604
25062
25841
32506
30487
27913
7557
3463
20433
19960
20642
11442
6659
1150
18678
24130
27374
16684
25568
31979
6660
1788
15489
2837
25756
4148
3350
24287
31209
31373
14981
20322
813
32405
15925
18234
31786
13906
25123
24643
28633
14120
819
27808
27999
764
19908
4354
18749
5274
10374
21542
32455
2900
16784
18336
17879
14828
29101
11736
12482
7349
27127
16722
26251
31476
24488
306
19799
14220
10796
9983
14625
5339
1915
10663
29359
28639
31397
29123
10949
13981
30894
8989
11672
7619
22429
8047
27269
22924
13264
9838
9219
24036
16274
14087
23511
27085
12528
5609
20359
25089
16840
7491
6416
16088
30242
14799
18395
4461
7363
14607
1518
25596
15872
19671
7520
31119
27857
26635
29199
12506
11814
22698
17301
3683
27262
17163
19319
12774
7605
25191
2976
15095
14621
12952
24846
24809
27601
26400
11980
16879
17734
21357
13600
11649
26147
10332
26885
28161
13139
11003
24539
21919
16216
18579
9054
4730
24034
11238
469
3591
5536
14261
11915
23479
25686
2693
18051
31444
2352
28579
3432
28588
18774
24934
30403
30706
25280
180
20337
24161
8524
9671
6995
12706
18957
28209
31559
25200
20710
27678
12119
3322
3160
23258
2353
29065
23449
31891
25303
24674
29414
1375
28056
7406
16921
14209
27967
31768
10622
5352
13194
16887
28899
18936
28638
685
13550
13709
10040
2703
16052
12861
26727
4486
31110
1246
4217
15796
31502
5192
13171
14683
20892
20060
32069
24571
3258
24134
7932
18107
13318
6142
7226
9226
8257
15637
3299
23174
27299
32430
10010
11037
26225
24779
9580
21106
22738
25290
23882
5506
25311
4399
6589
391
20985
25763
3669
25373
19039
4669
30307
14499
32767
12545
13415
9188
29069
22694
1484
7926
22995
7581
7891
30819
19272
3662
17102
23175
10723
5541
11406
30513 25145
23326 26317
9382 2222
5810 22075
24625 25753
16858 17391
3858 1687
19195 31478
27376 29899
20992 10804
29990 2501
22093 23136
13407 15017
244 1360
28770 2189
24364 12919
24623 8482
8447 15532
32330 29335
12354 9516
30551 14010
13258 6115
26343 14689
21213 1255
22162 24072
19687 29510
13126 10427
14702 28929
11486 20023
1096 17496
13302 3916
31244 16968
2558 25477
30918 28243
6030 14091
6383 18303
31993 16327
25244 26273
4389 11719
25333 20955
17050 15075
13801 10596
3800 23968
22560 4487
1006 9044
21809 32239
72 30091
9750 16929
9417 20138
21469 2890
11546 8658
12959 10043
8769 31239
18614 15538
7029 5266
13867 22747
304 31395
12398 30230
1671 24123
26186 24571
19639 15945
24599 6299
25856 5652
12338 8969
9398 7128
1962 22298
32661 21172
828 8808
23637 29635
17538 23197
6014 29322
11111 1262
10366 8338
17374 14053
7416 13397
15316 29796
24160 14175
30050 12007
30149 8109
2376 18953
16877 6233
19863 18762
21415 15737
13485 2831
25693 20292
6246 13546
6889 8310
17809 13596
4777 17398
23457 32088
22742 15798
21669 23242
21521 15067
18811 3928
19007 5407
17984 4136
30871 9587
17162 3426
29177 10728
5338 10039
14210 17103
27340 29730
16221 19231
11153 15469
24028 4120
18207 3832
17607 11302
20647 4918
3316 2312
29896 15480
32279 19761
8194 17006
2268 14447
26989 746
10035 13258
5547 12520
5867 6319
17947 29900
8835 29518
10319 25066
27709 17472
14785 25931
28531 1389
29633 4526
11310 30253
29618 27854
12533 29357
29558 8675
30435 23189
9767 15723
17405 19175
19720 22058
1986 12074
6331 18288
26115 28105
10932 24730
25588 13238
19181 11739
27524 9042
9691 15933
6378 27281
9890 2786
1664 1113
16773 25488
2773 10540
17056 1133
7421 13063
29913 14598
21292 30858
13588 12438
12164 25432
17830 26502
12074 17857
30220 18992
20383 13215
29406 29928
32334 25213
20990 13629
9825 21759
12053 12412
20697 21886
27712 21366
2782 1010
27398 28547
1619 31509
20878 10439
10414 20677
12302 6580
31751 30122
6791 20432
13934 14362
2736 1465
19330 28217
7727 15974
15424 2917
1295 9647
6424 9425
13423 23056
27206 10607
12663 938
29279 20756
2193 23690
32554 1751
17621 3630
15538 21178
31684 2117
16025 1676
16698 13495
13231 12813
6046 11493
30659 8788
12380 21554
30650 28782
4245 31682
7134 25416
28181 29570
11384 10446
22661 11368
25760 10837
737 20476
10068 54
16685 28951
2760 18620
3684 14826
11773 26177
11954 15171
3221 26771
16866 16652
17638 9629
23066 20500
1101 17731
27334 12563
3524 17549
9170 11496
3767 13320
3356 24100
13844 13673
30249 15308
16802 31860
3607 16731
30099 22300
14290 22535
12892 236
28299 25925
7364 17829
20070 8847
3131 14121
5491 8805
13166 31383
12512 9874
14104 28856
10861 11184
10011 15770
2591 19950
3535 29562
57 27409
2458 25831
27496 9657
9409 25125
3902 11750
24445 26064
3809 29370
8274 29889
5 8577
32412 13622
10775 5614
7019 300
17851 8103
31888 30736
20601 16645
7672 21399
18611 19220
11577 1003
26075 31458
9067 22279
8419 31734
12601 12132
8436 29726
12599 3541
24674 31854
5239 29359
7648 11141
32087 23086
28144 5394
31900 22548
158 25239
9413 5779
28526 26989
26521 15469
10131 25097
29187 32346
17505 9341
31263 24490
28165 3649
13205 26155
4212 30004
24102 17741
32417 19422
8836 17540
22003 23288
12647 25838
13814 13358
22749 2614
8273 16931
993 10936
5368 6582
22576 19174
16034 28804
26200 18410
17278 23725
8210 13709
3617 16860
2257 21335
8899 3969
21659 23799
21676 13409
26904 14822
28649 27473
29929 20552
11075 17726
4410 32531
30322 5233
8603 882
30861 7441
26123 19820
21189 12010
29526 1985
31571 3180
1442 22292
17583 17143
24900 5199
25859 22614
13784 1604
4575 29065
14224 24208
1070 22215
25292 32197
30825 30915
7659 17096
32522 23343
11617 26999
12612 2174
11786 15503
7665 29423
2495 7885
716 26311
6694 12116
9696 29149
28110 3407
25408 25692
25467 32471
17145 20165
4030 32535
11077 8499
8393 30638
769 20451
13442 10580
22625 8435
21718 1985
24547 1898
3664 3275
24449 12153
21738 18126
23083 8193
11043 9808
3956 5460
16209 20197
9100 31040
29497 28497
878 7242
477 25837
22874 5175
14229 11852
9606 25553
28769 28957
20241 20455
20606 5971
16696 1430
27447 18308
26828 30151
19454 15503
9699 2553
5563 16514
1487 5697
11364 20155
22860 11406
7374 8525
31485 13618
14019 11685
23066 28830
3412 21613
7523 18029
20848 18608
29272 1445
15030 29247
23723 31289
29320 20308
6646 31698
13665 6518
28074 22990
7784 12700
26951 18569
20805 6037
1235 13276
30259 28839
7045 6884
15446 24951
8385 22789
22096 16168
8521 46
9487 23495
25777 10334
1256 29159
17171 22631
28906 29576
773 27634
28780 16446
21448 6851
745 1679
14274 1342
32270 21660
29486 27178
4624 7172
21267 27062
26691 11525
24690 31161
4073 27876
21444 28478
11591 19343
23716 16704
7935 15490
4552 26802
3481 14055
7477 451
6499 257
30899 4703
6779 19146
20095 6649
10026 23515
21057 20104
21619 22669
9789 10959
25836 25182
8397 12770
22989 6038
1551 3046
6727 13866
2523 24600
9495 26080
11768 4113
90 28084
20623 14408
23459 22650
32479 6616
6219 19654
24627 20867
11272 7177
19729 32759
4545 19708
26293 18257
15521 9538
17086 16864
16747 30281
32550 22059
10765 12657
21111 3125
10103 1904
27708 18431
5549 5877
14774 3407
1563 28299
25297 12464
17450 26048
4950 6586
2064 4487
25698 31379
19436 22492
31255 8374
30482 26278
10641 17139
21411 4577
15132 28855
610 23804
7332 1678
24770 13184
6253 19430
5444 5363
25604 7702
13823 14332
7029 19615
15744 26824
31934 2737
16853 9899
30596 6641
8677 17675
25861 4729
7427 4986
31822 27680
2242 20770
22189 11516
6410 28518
6250 24870
28267 26566
4530 16317
24242 10499
27604 8494
11194 24452
14000 10930
7301 7417
27243 21272
11403 9022
12648 9412
17746 22146
3700 24824
13887 6824
13121 26706
24236 8173
6934 3222
15931 25292
15812 12206
24425 25375
28380 21487
20582 22150
15647 414
7716 23052
26166 9651
1453 26376
12964 19932
20411 3906
19960 26053
2690 17495
28487 22935
5585 11871
26073 16831
13657 21964
24099 31728
7500 9365
29429 21867
11563 661
24309 10878
19673 4398
25164 8010
8179 18993
12447 21962
868 1538
31553 17681
2355 11511
27559 5587
26272 6146
8732 10279
2160 25744
3253 9867
16773 16304
10888 18985
18353 27768
3865 13401
29388 2468
14869 358
29188 23169
5955 30869
27509 5898
15031 32099
14842 1872
11593 9743
15682 28191
23877 7000
28710 1758
1892 9608
14649 6839
11259 2737
10657 28920
25715 8759
7718 7865
11513 16782
30345 31168
30326 26181
22295 12961
5314 16708
10365 23081
23829 1874
18910 22013
2238 10970
10531 2175
12311 25326
13715 12273
29112 9100
24739 16605
6635 27424
8463 16308
24160 2379
11305 23989
546 17123
22897 23824
30154 30523
25703 76
18419 10916
157 2278
31213 6707
29712 2363
3254 15557
11192 3495
23077 21825
32350 24815
3689 31261
4526 28636
21938 13860
5517 4137
4654 9846
18861 11936
11831 14800
350 10367
24267 29965
6567 21536
27196 24813
5525 31961
18216 1302
21715 22050
10156 5208
6267 10741
17621 11829
18988 18043
32343 22945
14685 28388
8834 7430
17136 21398
29297 22411
5898 21899
13957 16278
4387 6388
30482 10895
22105 11043
11607 488
11786 16295
180 2394
18593 18617
25623 23153
26800 28375
10168 14666
8768 11182
21254 9884
9317 3133
23264 21237
16661 24120
2057 22342
10041 19626
8662 22178
773 12255
12586 27971
30853 5249
28580 4302
11385 15873
14103 17879
20323 10296
1339 20136
24286 19535
26530 14142
4401 11484
25581 25237
7972 27981
12351 32038
24595 30858
20466 30893
27712 31446
26761 29999
14701 13046
25318 15164
26027 24214
11454 11122
9325 17896
11849 18242
480 10894
18494 14071
28799 7610
28158 28915
21730 404
12303 26172
982 14812
19149 22584
26291 20432
3420 15285
14826 3408
11489 19756
6622 21312
22514 14919
20981 12078
7755 1184
8686 29748
194 460
28021 23328
15741 7320
2548 28115
11362 15250
7853 16871
16335 28876
19206 18069
32139 22236
1827 10709
1021 16167
29370 6342
28572 5472
1571 24401
13479 7243
22959 11017
16662 26567
30523 30038
31440 14347
27141 22739
28190 6704
190 22004
16480 29168
30176 19180
15103 20653
29249 8910
674 15796
7657 32754
20133 21444
13088 26010
13511 22474
18380 9429
23842 11503
16634 4260
12897 18900
9403 15708
25133 4892
15921 20299
16872 16172
18409 7326
27550 10030
4203 9858
10040 10588
19728 11658
29683 123
3860 25937
17937 13477
3820 2912
19663 2380
16858 25938
21654 3196
28094 27190
6517 11104
12079 6964
7631 28680
9674 20340
22865 19561
15050 30523
21543 5798
13786 6743
624 6798
5159 5566
29679 25701
21944 23666
11267 10471
13570 16295
13785 28298
31927 552
18656 23556
28640 15095
4477 20493
30763 19251
29185 9830
3718 27455
20440 19994
4588 4897
16642 5380
127 16936
11720 19601
18136 27090
15015 11207
6555 32748
3729 4742
3406 31739
18773 4622
24683 17371
15963 24258
11187 19366
18324 3884
27846 27864
17585 19520
7921 14512
6803 22245
22087 18905
18179 1713
4339 22857
23716 9716
13004 6762
31525 20217
24362 8823
6075 11912
9464 24361
10703 20399
12555 24724
4084 21699
31410 31307
16667 16801
7823 32715
7690 15161
23461 8215
30474 24654
26289 9375
6624 8055
1982 5990
31743 11882
13812 5220
21756 1657
9649 18986
15682 2653
31963 28100
9479 14643
8564 9699
14207 4804
22126 12604
32335 4361
6849 19499
22852 23279
32444 6556
7749 5207
25496 4907
30086 28513
22867 17546
17919 25322
3772 22051
17949 10835
1994 11007
1207 29316
3633 5607
32323 22577
4151 27081
4682 7004
25028 26973
27929 11292
5049 23047
14778 29852
21891 15872
12322 1126
5360 31153
21420 226
20545 26719
30150 32537
20096 9229
20714 10943
12820 1182
20433 24177
6546 6715
21731 4411
17110 9972
5617 15709
25683 23466
24614 9295
12455 23596
22587 5122
14450 20128
2795 4457
7785 31269
24999 3128
20902 14518
20362 32748
16962 16465
19087 9739
17446 1881
25858 7597
5150 18490
6964 11323
13104 26699
10611 31607
3115 17912
32313 30908
6018 12832
7332 14727
29019 6332
806 2359
5604 7362
27262 1041
14310 11081
28903 25479
26012 18925
1423 24506
28613 9333
10314 19005
18168 7603
20872 17948
17208 26540
5765 16669
2504 26361
23999 4677
1344 25965
14253 24990
9185 22520
12206 15672
20518 15307
10560 32622
22427 20157
7538 27242
13298 9966
19612 7404
27220 28074
14413 17478
29941 16784
31109 12204
27371 1011
18212 10410
23104 5504
16547 13558
2118 17953
20738 9576
3114 31778
15873 5703
30668 22163
14227 17606
718 20205
31632 24014
27628 7672
25002 10750
1163 26603
25506 15089
6804 29653
30140 32191
13442 29245
17264 22214
21434 5893
9314 10922
12571 2709
23956 30874
10199 30261
730 27093
17025 12217
3215 31341
7783 18532
30087 8011
6433 775
30020 3444
31850 30057
10861 1675
7215 22763
18811 20118
6886 20076
9142 12037
18465 6507
6752 10992
19811 5739
21040 18592
7474 28828
15106 5201
22637 23223
16332 16438
7648 20266
13012 1470
30742 7029
18976 11286
23918 15060
16430 22511
30321 17438
27878 2177
7779 28397
27341 26063
21016 29695
7291 17453
266 19676
9807 256
29864 5817
12385 7366
16880 7325
1208 13910
31039 19650
23998 19304
2152 7486
30960 25175
772 9186
16858 294
17674 25955
10563 5570
9120 8119
31909 13190
8240 5058
20960 18948
20925 4658
23342 14595
30840 20392
14170 26052
28558 17432
4653 13706
28997 6514
10538 4440
24903 28034
2171 22269
4413 27413
5162 23374
13216 32349
12692 25011
28876 10390
9499 11493
21079 14058
30748 3317
30880 24722
31521 3729
20139 4159
14423 12163
12332 23736
27202 15482
13793 29892
19119 15373
7205 586
19946 2813
30659 18615
7730 3514
11528 672
27498 6953
23836 17065
25361 1189
15762 23461
25716 24388
3645 5118
17698 29275
8517 10327
14753 28484
10619 24945
13919 22110
17130 16715
23787 11606
27054 2958
18789 27301
21258 11559
21556 14938
23732 18230
7158 26
1651 24871
27581 14949
10732 1566
20856 11034
25785 20889
30895 26942
26812 12113
7540 16377
9907 21089
11158 32481
1804 10153
24087 8060
9466 18293
29408 25599
16328 10842
18100 21340
22126 9569
28003 13948
8546 29032
6720 31433
24240 16836
27860 7664
9293 11819
30164 1765
11432 29650
2129 28711
20867 20946
11055 18245
10497 1232
16088 9633
30976 9693
11057 18036
29864 28827
10702 7698
30788 13473
98 30320
14161 30241
16249 13539
4309 456
22889 11562
32243 30694
9605 9647
20155 4815
9109 28938
10567 11393
4995 16583
32515 18311
13655 5481
27724 7965
17765 28590
13885 660
2245 10005
23237 32760
32260 2462
26365 8689
1561 10449
1977 17639
6555 30721
2142 18281
24113 8146
13299 6608
12361 11001
19578 28959
29965 28739
3200 8494
18578 24025
26355 25096
23635 2498
31028 1169
6623 11177
25453 23148
24014 25569
31525 21787
24313 29606
3089 8296
5611 19110
6957 15364
14482 3520
24588 22639
7738 31499
26732 31511
8125 20250
6670 11716
18419 3966
1733 15667
26736 24205
18124 19201
26223 15458
19804 14028
21513 22821
27518 8852
10667 23693
29983 5735
13254 18082
15458 1853
2248 19912
22330 17697
6988 24057
25399 5265
15501 7506
15264 30504
8993 6609
21955 26490
18916 1117
14217 3136
15154 7430
15437 9909
7257 13455
7150 16447
3405 26409
26659 23378
12446 29826
29711 11153
28584 22782
23062 6455
20234 3140
5102 5046
26457 2301
22777 30622
22037 472
14034 3007
15067 26578
6182 22930
5341 9652
11717 25813
5264 13533
28152 1654
13732 28481
7702 28338
13625 17074
6738 4734
14416 10591
20439 2086
13951 2970
7447 5940
31978 28382
3167 32659
23918 5648
7343 15348
24095 30469
3274 17265
31989 10565
23689 3696
23490 12814
30836 25291
26727 20892
17299 11054
21832 13736
29570 24000
30205 13615
29380 13829
21579 31092
15705 17923
4434 14408
27539 8867
26375 25481
24357 12123
24037 29161
18045 19722
2784 9456
27220 28707
27035 28741
31107 25102
9946 26153
18200 12747
28474 19780
11945 6105
5664 17316
4840 20822
10479 4867
10872 13927
17022 6728
3839 4058
13001 28753
17021 28682
20198 9200
7900 4867
32059 15667
25544 2535
20975 25577
22208 13713
20382 20321
10605 21623
8273 25461
6707 10197
23213 7879
775 29704
10090 15947
19072 24631
23303 14854
27440 31033
22460 32533
1332 23475
19377 2800
11786 18817
8045 19440
29347 11864
10385 27407
16313 22441
29894 25328
9315 25544
16628 2079
8935 11341
28853 26265
975 12219
6665 6287
24383 15967
31051 31335
20613 28283
24931 24580
2034 7076
31806 12103
12008 30057
28539 981
21045 24885
14695 16411
18079 13175
23084 12176
15296 1023
7493 7738
28949 8619
5941 2420
16721 26948
11129 19950
30711 931
11963 30453
9511 20248
31048 4853
25528 30732
32196 12604
17800 1252
14365 27904
23056 22825
2237 10660
828 29670
20484 25655
3193 27986
24053 15934
14351 30639
2607 9651
14001 26482
2079 15949
15698 1700
19317 28674
11579 14216
4308 16075
603 10878
24270 20391
31710 11047
4879 16098
13057 18634
20440 11159
5156 24055
23984 7284
28192 15210
21846 8637
3036 31281
9721 22675
3099 14610
19371 13175
27544 18727
18964 11274
30037 3531
16227 16918
3376 5050
9098 27602
2231 9075
1963 23394
2621 21217
27085 15774
4654 23099
28884 22036
15007 12329
9392 7248
20777 12584
30420 15963
17144 22063
12010 11393
3871 16019
4037 4695
13102 4392
18583 24829
17927 30889
1636 20129
13549 16217
14774 28484
22238 19947
25747 19137
18979 4511
1196 5131
20517 3503
28119 26038
7042 7145
10431 10169
17504 8349
10714 626
22274 13753
29852 746
12441 4403
32491 21595
7772 10919
26834 13039
29402 25666
23673 31691
1423 15070
10837 32332
20662 16750
30108 29328
8543 27549
1276 14649
3521 27570
2956 18541
9681 10167
32259 27169
4628 2522
18472 12184
5297 12307
30345 15910
8394 16135
10352 22842
31756 23597
24083 19868
7813 4911
30475 8690
17590 10899
29959 12425
26602 11162
22210 3666
4294 8552
7986 25387
14368 21350
23811 5984
10773 32485
17987 31346
8021 21508
15455 18199
194 14803
19534 10369
2362 7608
32524 9443
14768 21010
3658 4402
21378 16413
20836 29225
19718 28950
30355 28303
29798 12959
23652 14012
13487 23140
8040 1370
12580 27903
12333 7529
10968 11289
1390 27013
25724 20434
16007 8300
30837 28515
18987 4795
21810 23810
25945 1528
21436 30983
1676 16597
7310 16460
2355 11443
20136 6617
11616 12390
7391 10177
16324 10296
21879 8007
32219 7984
2035 27717
2660 11668
15660 9167
1556 8364
30113 2579
8331 20425
25102 12163
13703 17030
2624 26935
19032 3150
22055 10380
32660 286
11565 30226
19211 10124
8134 5029
3581 3081
20296 2521
23435 22883
2046 9372
876 23182
16759 8982
13537 18851
31012 7892
19947 4137
6947 28198
10939 23700
27989 1477
2410 12555
12470 7609
21994 20334
27886 7546
29245 9880
6691 4950
20196 9441
7442 15122
26523 5095
18782 22484
30787 24975
24103 25921
32288 31302
12511 25570
22852 6285
31321 17612
8779 11700
31267 14464
2121 18405
25622 25872
19201 6501
19499 18307
9560 1303
1169 17531
15369 21570
8700 11285
25753 31123
6719 13585
22670 1382
12573 13107
10460 12097
10076 3304
1440 6305
24604 13357
11792 11514
28775 9901
7346 17145
19721 14633
17357 25356
2722 12829
28190 22308
25593 30625
6091 26554
31379 21645
21405 27152
1413 6368
4201 953
25222 6499
21199 18267
15688 21129
14119 3764
16649 12954
20409 13787
2149 20240
13100 7112
16238 2370
20290 3095
11262 26175
21442 30217
4172 7677
18869 5324
7102 9651
10964 27900
24062 14723
3394 17257
28752 10588
14199 28955
18723 27935
12412 14483
28133 17408
8286 84
30492 25392
5341 5794
6835 30649
32356 25226
12433 32681
31038 9762
25969 15986
14086 13842
4077 20625
7263 19027
23515 8814
26342 19511
16349 20099
28517 17834
28980 9921
23626 21943
18901 27951
22615 20046
21695 32725
8602 24388
29835 31704
1184 29339
22597 7142
6118 7684
12922 21972
19344 19874
26258 31622
8541 3089
8288 25360
8411 2983
2552 23066
23511 21753
5057 26761
5912 16033
715 9820
27469 4671
14690 10451
29251 702
28131 19159
21595 22489
17358 21654
19004 29405
31517 18030
26309 4272
10708 19212
15685 27922
13274 5333
14319 11043
29959 10884
12936 10021
20862 26389
11619 5508
8253 12515
11407 4883
9202 11277
5967 2713
1552 27677
11210 5004
2083 26860
23300 11804
24417 15040
8461 116
28289 25016
11641 31036
20944 7274
28687 31586
29057 4554
24006 30490
3652 21070
493 5155
31771 29775
12201 20812
32617 20403
26532 15672
76 7369
17924 11358
2093 31348
3226 4179
15766 8076
7516 21580
21059 15233
30998 25311
6011 19009
5724 14601
11425 24412
9411 10869
31750 11366
4177 15099
31233 18078
22833 12648
23106 28620
5035 18301
12131 26224
9300 6970
10432 280
3202 17756
25225 6418
23299 14628
31765 2115
5391 20826
26745 15959
11130 11922
11610 12571
20526 19118
1023 11302
16345 26020
4266 17343
21475 12161
9257 28411
28835 21422
15272 3366
9170 18802
13001 23140
1856 3513
23543 6040
15301 10772
29431 27013
4219 11520
7615 13108
10794 30571
28556 28565
16132 884
8751 20072
14995 2163
31143 6238
24047 8249
1525 7804
12340 20889
14124 14529
21299 9255
30664 6152
4200 8511
16704 28464
12845 26185
24287 14201
32044 11324
21199 5169
24090 26721
4471 6545
8099 27226
1799 31458
15520 7010
6992 25571
8848 17110
10202 367
30790 29685
5168 32091
15583 2276
3199 29086
21239 20212
1631 5812
19485 18472
2033 12612
2179 9714
25898 768
32506 24894
26478 17100
16670 5041
4961 24611
4046 30259
250 5559
5088 10411
31193 3928
3858 9993
20954 10007
6467 3978
11754 32171
15843 7735
11545 29204
3496 432
10225 15486
30850 27943
31238 12391
978 2991
2511 27140
12503 14519
692 27361
10088 8657
30056 27081
30953 13753
21113 23013
3960 1170
29478 27943
7527 30066
9328 5610
8431 29985
26740 19410
20514 542
25079 6138
290 14819
7747 11342
25233 19306
12594 2613
6216 29424
22408 31860
4172 25337
4997 26703
9213 16020
30651 14832
22929 2272
5150 28685
22977 11727
14682 2758
28098 2090
1641 25036
6519 2262
29796 9672
9701 25429
21657 4347
12263 25487
29919 2849
3875 20691
24102 17564
10556 537
24914 3278
1354 1930
26186 26567
13191 3394
12619 10016
23882 23380
4739 2598
4410 5902
13275 10556
8123 10623
30996 12410
7085 28471
9749 11674
21334 5454
16259 29973
21916 18344
22931 25225
22392 5238
18716 30814
3495 10496
27377 8873
20131 19363
30061 8528
4305 14101
2127 23920
6396 15089
28360 11771
27906 17775
18387 20390
24269 14962
2245 5122
17285 15305
3621 3048
11012 18094
11965 12571
11147 19091
1265 21289
5555 7455
25168 19346
9382 28531
8553 15660
32398 10417
18912 25286
6478 18879
15041 12556
22385 15944
20243 20395
29023 16132
12465 11701
32471 10554
19797 13638
13465 28547
8694 25192
10851 2000
20564 16692
15647 31406
13009 5946
24923 30665
25218 15395
31225 5039
25478 26005
1832 4823
27542 27223
16787 26082
30430 16566
30168 15136
7947 15399
13371 18774
26790 20013
10396 14271
31392 20093
11942 18256
29742 3681
30282 8512
21719 15194
19563 28360
10954 21769
23515 7720
31606 14927
31367 30954
6741 4532
22254 28522
25096 4357
6616 15766
937 26689
20548 19699
24669 21431
12706 30689
8488 6504
5698 4639
262 30130
12813 23185
32055 15152
26483 14913
24538 10716
18084 29861
22717 16758
3331 11552
6260 4906
14551 26058
8616 22125
1348 23412
17586 17704
25211 25319
31080 792
15917 11117
2871 5236
12357 2707
19315 10193
24534 13612
15850 14148
13394 2457
29631 17606
9982 20296
2166 13788
18594 3963
30027 4727
20357 27467
11976 11032
16792 4844
16534 27193
3826 16946
23444 21737
12412 26196
2598 32438
7918 20721
32464 29903
13818 7248
12547 25706
22470 9452
15414 100
25760 15408
13625 27175
23278 30847
27078 8657
13155 18039
15962 16787
19833 8055
7746 2134
27 2398
12793 30629
8865 17302
20401 2247
8706 17746
23088 15659
30277 28947
477 3594
3129 8561
7195 32583
30566 29464
1237 22938
67 28689
15962 20461
25258 67
17260 5126
20616 17209
16275 7783
3289 14117
8632 11634
13012 20773
15598 16337
32098 27334
27539 3605
8917 10439
26776 18333
6359 16159
21277 5818
21664 13888
4161 12304
23405 5534
32568 28992
14125 5995
13214 21188
9085 18853
10762 12570
1750 16467
10983 12580
3077 15628
20351 17359
28636 28600
23897 3315
22312 13467
27589 12666
16611 29583
1973 20677
26794 1168
18894 11595
11633 15742
4799 18563
20597 3359
25042 30213
8306 18276
31168 10732
25878 1773
18378 1662
7862 18382
16645 27919
28225 8084
10742 5666
14706 13955
31838 29906
24393 26146
24407 26992
4283 8442
26016 1902
8617 1946
1590 29307
26127 20190
804 5872
28542 23409
12955 16747
16076 13969
24133 22969
15882 16402
11479 17658
5814 16806
18918 13055
14386 18267
16379 23287
8821 24933
14569 27467
18689 13086
6238 12486
8724 29515
9401 14585
13859 16801
12827 29662
17284 30088
961 6331
19051 18974
22417 21065
5399 2943
20466 30230
4173 10564
12257 19240
2054 21065
7490 9187
7269 32180
23923 20269
747 1330
16423 9423
26606 13444
11378 12574
1095 29243
1056 17372
15180 26047
20811 26201
21758 16022
29229 31965
10371 227
14130 5962
19158 31533
10065 13566
5565 18786
24221 32759
6907 2332
15127 17210
22471 8994
19399 8309
15486 20018
13835 18659
23701 12030
1326 15728
23249 14708
6204 23070
26042 14146
8725 12455
22605 6042
28609 30308
21233 27698
26883 2413
24748 14224
32561 20738
31895 28804
32322 32041
2959 24310
29737 27033
7726 13793
8802 10199
3833 3744
11722 29855
20699 10601
179 7301
467 5911
4920 5084
5609 12332
3534 17879
11878 32022
31260 24302
28996 29617
30221 5763
29924 11790
7459 15302
5119 32371
7182 2518
15839 1186
8829 1833
5839 10334
10036 29741
31952 7468
12894 3375
17549 21335
8741 9085
17041 31286
7553 20935
29880 30641
10573 20427
24547 30978
5024 10546
30192 185
10586 23476
6122 5635
27133 8323
2172 31019
11711 25831
25260 353
29149 13861
26822 1979
16177 9382
16277 889
24327 25173
27097 15245
21037 8265
6134 12635
15945 28580
8170 10429
17775 10683
12673 29002
31731 9079
6860 21720
28796 12283
12495 20287
31322 13958
12410 29536
16922 24475
11227 8550
14423 7520
22417 29260
28371 4933
19588 31904
1990 8421
4563 22150
12149 5169
782 30975
21511 18123
26278 26731
3988 10928
18593 17997
30848 2586
28050 12367
19463 32421
29129 4230
10008 25520
26823 17142
16743 18438
4341 13401
24254 8894
28565 24092
27283 20319
26872 17323
29152 5448
10481 21742
28463 15951
28555 23059
7412 169
5623 19599
16928 16394
24520 16735
11507 27148
27747 18580
20498 29141
23728 26126
13785 12020
278 1928
15858 9101
9127 7125
22823 28086
17047 12136
14196 26656
20211 12826
7265 15866
17295 18984
19855 30226
10305 22651
20368 14654
21836 4653
25851 22522
2847 21320
960 21330
12864 3793
13498 27907
22403 5
4483 733
14463 226
21644 14699
29762 10729
12141 14806
13380 7971
23417 1799
24986 11874
6294 11788
14956 8905
3660 21949
23465 29070
17179 29087
4857 9215
7698 7176
3316 8899
9885 23428
13201 18019
30367 22392
20705 20745
4800 16389
18941 13703
7433 27951
1597 20378
5550 31039
22186 29040
7722 23141
29110 27241
29329 16290
22315 27419
3362 13541
12386 27288
10268 21109
181 28915
4564 31630
14902 27392
1795 28751
2722 27484
1892 14036
29840 31917
22655 8095
2286 26923
10943 26940
21678 7008
5323 18212
22205 31787
22803 20451
4661 29195
10665 5750
4307 26010
24147 29431
27051 28504
20702 15996
8218 4778
21429 1596
28413 10787
30386 31219
21536 26881
3635 6536
28666 5627
12401 26093
3479 25402
7437 6472
26325 1957
17132 10832
30931 32097
22597 7929
31911 2456
14584 29267
22607 29050
32546 4527
7146 130
2542 13573
24361 17403
26286 5778
4864 8130
20522 19909
7073 8269
14391 20828
18090 11756
3980 25803
29085 1359
16338 29917
29842 6473
3066 10141
9512 16851
19155 9079
1473 23636
12252 20891
29935 16672
5719 8098
28969 12862
670 1140
17603 10094
19898 19561
11805 7018
12082 28846
22554 15981
6433 32235
14035 12786
6795 20002
7309 12734
15345 6619
6889 20000
2595 9342
1115 7032
17238 2048
8669 31478
23158 25537
28901 24740
17598 29365
32148 15015
17797 19651
11568 24002
11355 22378
3284 6939
14676 10666
30822 25410
7076 26402
11722 6767
15980 22134
8277 523
22484 14067
8325 23410
28250 6518
11247 10232
18538 16521
31096 10794
31278 19408
5576 3158
1447 12964
9212 20557
16637 20989
5787 27751
30483 4501
29900 14792
30303 25674
32710 6114
505 10180
19591 26939
22769 10073
9673 19824
18406 17965
18994 15483
30932 5278
23243 26417
29998 21727
3507 270
3629 13026
30997 22325
8039 13180
2647 22707
24483 7876
32148 29700
13292 27068
26957 28120
14564 25395
12891 5399
30299 10217
31784 30754
28960 8693
26911 32604
3863 5988
16225 4329
396 3107
17850 8629
10695 31519
27859 22456
11233 10922
6313 8569
9174 8225
7741 26321
12506 30411
18830 14066
19185 7685
32708 6055
5818 17052
20910 23006
11147 26491
4718 5987
32707 29062
18035 15854
28508 10949
32424 19296
4288 197
29675 8010
19422 571
30401 1455
26492 24555
1864 24331
207 29896
10605 2451
8521 6493
18782 28607
26290 18027
17475 24582
29050 19156
26921 4584
3406 6327
1598 31794
18409 28125
22084 24702
27181 23380
25152 12281
1906 28761
11122 11625
5918 3196
12682 28782
19573 7422
10521 11783
8371 18814
30278 27225
17240 21460
16322 30636
25796 12094
11774 26295
3843 4794
10907 19485
234 2738
13346 32567
16227 19934
6645 13844
20741 22887
13445 8894
22504 6216
28102 30143
32183 6650
11744 27108
26118 7248
40 15681
6886 27808
1102 15221
10167 25635
32727 15664
22078 926
9166 16626
16888 29250
23223 277
13741 25553
12997 11021
1863 10755
14413 7151
26085 29992
21625 17968
20012 2062
1089 9391
6365 25381
31639 24310
22445 10977
2274 701
29777 19808
19630 30384
17880 11085
6562 2675
4157 18436
4274 18402
8765 17655
19862 27037
1382 11344
14202 6852
29809 20184
18935 25599
3025 14615
27202 27074
26764 957
7331 24527
10570 832
11817 22012
1451 6855
9885 16950
28638 13895
5812 27590
29808 12267
5768 7123
19553 9402
2121 14120
21885 31860
29488 9528
25833 10428
2741 10335
10237 24444
13826 2923
1873 21638
11175 18523
16411 13943
30095 3175
10168 29409
28979 15680
19848 1449
8205 25496
28415 22445
23632 7909
29177 28842
17878 1634
22862 94
31578 6999
26535 745
29671 12443
25744 1145
3216 27479
14286 18470
7778 16652
20210 22043
12439 5848
302 13559
6924 26101
25960 21107
11510 2434
20109 24388
11216 6534
25128 8771
16024 30514
32051 1739
6458 28262
23340 27234
31821 4215
13164 28060
23805 11312
16565 19517
18760 1814
26378 158
23662 15344
27587 13906
22434 25223
29664 20488
13062 25771
15518 1203
15062 9334
16968 22505
3299 22485
18768 29065
2628 15683
32158 6305
4424 3544
7208 21903
5039 20611
23235 32614
23833 29332
568 14483
7614 18813
28315 7872
3424 25049
27096 12792
14974 16301
5263 14092
22987 29678
20770 6454
10718 11076
25868 3837
16171 6670
17524 1624
19506 27046
15361 7190
14838 2790
27889 8829
9393 4587
20325 31538
4294 32536
12031 18521
27639 6494
21935 14588
11992 15803
22730 29873
12931 18433
15453 27255
3726 30937
24768 1762
4922 32007
28270 5496
13293 31216
13331 20826
30179 17241
10983 26919
14112 7793
5435 31261
25001 13842
27473 18049
24307 9284
2673 11073
24476 13571
23097 6361
19289 17986
23605 4979
27952 26927
22960 32338
12263 10425
9161 13936
32444 6479
6601 16486
7766 5611
27059 3469
4604 20048
16157 7267
24837 2704
21567 30768
20623 18384
6474 23529
25972 4687
26107 31828
17018 16549
26991 15725
14026 29769
19513 22281
4260 854
14514 11449
2128 12175
15760 23793
22360 20128
16058 19305
20468 18343
26715 10948
2246 2546
22581 18800
28871 24842
28985 9677
24450 18929
3412 3473
30080 11689
395 19563
24835 9461
10314 11750
23287 10596
26105 22161
28709 22410
23505 14429
27306 9873
15598 9798
28583 14577
31141 19253
9531 10875
13591 2085
29870 32668
14598 32133
15599 6624
23528 17374
2369 21941
3386 6070
8241 13682
31767 31924
32459 15767
3081 7173
5133 26198
3103 25085
20636 18003
25664 7938
24246 23209
11454 12198
5736 4141
25646 28691
513 29174
14200 32428
1734 8477
4138 4593
1511 31169
23826 26019
2482 2382
18699 809
21255 14847
21527 26931
23308 22434
686 22173
7457 20892
5974 15510
15639 24108
2676 7169
23964 25332
13410 21019
15098 18101
24001 6239
24066 4186
10769 15271
31554 30520
4223 20115
21119 18580
22269 23342
8799 18021
17304 22479
1125 25436
30726 25406
17698 34
11135 3096
3242 3553
14031 10101
27462 14853
9896 31431
7784 1860
18492 15622
8676 30683
25611 13066
24924 11547
6906 27448
7676 8229
6566 23648
23656 22514
5623 27622
28403 16534
19192 7968
28690 1989
26342 31744
16656 8854
8071 23795
24835 24711
24764 15368
12286 12225
18778 14677
29320 30366
27190 24727
10573 9833
31615 29208
4372 27493
31825 13014
24305 7696
28806 2017
3260 22952
12496 24837
18881 23535
261 13993
25529 4652
24761 7927
15354 30578
18962 15933
7402 10276
21208 5779
953 20153
25548 31423
12880 19901
31291 10325
7556 19224
10194 19747
2960 147
17588 31691
30402 30104
1994 21426
2164 1593
31066 24601
16446 23413
29660 29322
7018 14518
9993 31862
20648 17053
20788 11292
29699 8962
8925 20652
5908 11831
132 18861
14710 28045
5819 1436
7546 13082
29823 21462
21787 6841
8136 3512
6964 7249
22623 23300
19696 4955
31984 5510
6018 24478
18016 4088
11799 829
19808 17444
7177 25076
3651 11336
1878 1439
24332 19390
30544 3068
3020 10972
29590 8625
3371 18970
3906 11921
3396 20594
13412 5915
11958 30989
17328 14147
18935 1051
23667 31350
5356 12035
24780 13528
26807 30652
2584 8656
6609 12154
8622 11206
5720 8334
12749 24875
16042 19335
17106 15034
11314 32670
30894 5886
23170 21073
9368 3861
26274 14925
7935 2227
22696 20881
32195 10602
11145 721
31396 3880
1839 9752
7675 29185
24780 20658
424 4910
30061 23625
16459 7510
21202 26958
25783 23053
25213 24731
28067 24731
11017 14422
14755 8702
15293 24
28503 30258
30305 30798
13794 3759
11088 14560
20894 29236
15311 11025
30991 26051
13981 23207
30229 26348
8908 25163
26469 6991
27854 30514
13881 22877
10707 22525
5191 11870
9555 8926
5616 1464
27878 22269
15547 21870
20060 1306
1537 29671
31754 29555
20970 31473
19298 14568
13976 23557
16839 4957
5025 2509
25503 32096
31171 23267
31145 18187
15059 2524
16528 13868
13815 30341
14017 29092
13333 3180
31866 15373
26763 29346
31268 16800
27169 26816
16611 32085
14395 29992
22891 31051
8276 18573
29973 28267
6055 31414
13618 1865
23855 1150
31903 19018
30674 6944
32666 28428
25818 20657
1491 8962
2724 7662
4806 351
17308 14648
26697 16950
5481 24285
5985 25823
26724 28313
4954 22940
21327 605
31511 28284
20292 25166
3238 896
26603 31249
30487 18941
15344 13126
32399 4929
25012 22866
9880 29305
1091 27234
22203 13779
19591 31149
11601 31455
27323 1785
29846 25147
21537 28512
28159 9839
2296 23380
26574 6678
30377 19937
20707 20799
19009 14642
16085 31250
18211 15447
6721 10423
30207 28229
25954 6771
16382 23070
20706 13332
19007 4275
4848 16272
9607 29512
13459 11497
9780 7063
18750 23123
30835 1303
17572 10137
17587 23421
25293 22717
30810 4739
22122 3039
1718 10985
12646 18015
13878 18618
15293 23878
19930 32465
11409 15586
14056 29595
31099 21425
26337 17183
12319 9345
9651 16955
3587 17364
1072 1840
19105 17545
5823 23393
18362 22457
18513 31319
7150 9184
22935 16905
11146 5949
24691 14426
17313 14715
23468 2532
27486 16528
12005 26100
24472 27878
6864 23509
27815 28856
1439 7506
6774 26304
10171 19062
24282 7183
28857 10902
18978 12604
14474 30354
25072 22208
4337 6231
7751 10401
19258 936
15588 27982
1578 3103
24274 15306
22578 23662
9273 19725
27111 29419
14967 31912
5303 18252
4209 15527
22996 32174
9515 187
17781 19165
9367 25753
4670 28111
18091 4509
8444 25201
9398 10163
6294 12711
30964 11639
16961 653
31840 19355
30194 20740
22217 22409
11033 28010
21800 29002
396 10664
23089 14503
22209 22386
15656 23950
15169 31690
2806 4023
23641 23494
23932 4486
13843 18068
15655 29236
8549 16571
16581 13098
4775 29859
24471 23725
7242 3160
10663 17856
2504 22667
23131 4934
9943 26842
31051 12904
1762 31057
32080 21046
24761 22832
9693 8337
21128 12014
32403 20040
8710 15743
16655 7809
19694 3795
2311 1371
32179 10143
3733 6609
14448 10335
23250 24290
21533 32668
10919 10222
5129 4458
29664 7268
30084 30774
16514 7834
1500 17086
21599 6652
21644 21345
20711 31849
21935 17561
19265 24282
18619 30406
2203 8517
30571 11053
21694 32193
24829 20544
9957 22250
9630 25376
2255 17799
17955 2656
29715 10602
3065 19980
6580 16792
11615 4329
18421 4010
466 12031
25198 2675
23241 25941
8288 25571
21667 26364
1350 26155
13278 17230
18348 11298
8841 376
6724 14568
25084 5430
2871 13001
17606 4318
28089 17764
1255 14496
480 28428
19008 23308
20150 15726
30023 4820
25229 15732
511 21972
28050 8810
5928 30031
27301 26720
5554 29564
19048 30159
15480 21057
21654 127
13355 16190
13207 14759
6028 16653
24145 1367
19423 18888
21568 16659
15772 21196
24521 24000
21863 26045
21195 20677
14658 14027
29048 8298
11778 13363
32611 3971
11519 12040
8921 11347
528 307
4725 18091
1463 21689
16623 4434
18328 28732
31541 29353
15664 11461
11453 18575
18627 30912
15897 9091
11414 3144
16844 15624
15967 12965
25436 11598
28410 19731
19624 9230
31325 29381
30076 10422
21454 21034
4451 9670
8788 14191
4028 17274
24939 23621
25104 21929
31227 25828
31907 24813
26507 11856
17737 31492
15794 20955
25723 2678
8655 491
11434 10616
3322 9213
3027 12305
27195 19434
15188 10619
25849 31849
8702 14540
31669 20694
7275 12502
11000 29746
8082 25419
17545 2410
27032 27429
18148 26844
13546 30276
18664 22295
8584 21081
19920 6370
18596 16644
5476 2177
11883 22329
15472 4147
1571 27624
16758 11775
31862 23005
16800 25776
31757 6373
504 15903
8289 29234
6363 17072
19150 21504
19371 2591
3562 2169
29893 18813
25364 21462
1459 629
24144 15816
31138 14292
21586 2582
19478 19273
9944 9351
18396 26728
11069 1026
16961 8437
24395 18676
5761 7776
24658 6898
30082 3212
22646 2464
24002 8660
22093 29905
20366 26704
17066 16367
4470 11348
26803 21662
6397 13370
17466 14492
27541 9570
2634 15083
3018 14966
8191 31795
18109 12019
29595 22114
30164 997
27607 26517
2224 498
24951 17467
27487 7321
22305 5239
7379 6844
25455 8391
2451 10332
323 4580
32433 13733
14939 26601
18684 18218
24613 27830
21622 7025
18132 9623
24585 18866
14003 2081
6517 15836
1977 30301
13709 13785
7006 17961
22691 9235
10414 22490
25409 6967
3740 38
30490 10041
8344 18754
18495 14232
8548 20295
3734 32483
24611 15322
11145 27516
11187 9484
22523 7580
4156 21375
28288 32407
4873 13259
9677 23905
24727 30495
20333 13393
8428 10028
28342 31782
26154 12606
15356 12360
26980 11436
26628 26704
2480 24691
13243 10953
16766 19486
12328 23864
1576 14313
15008 30043
17866 4133
2361 20399
30547 4062
23425 20276
28892 32444
9071 10868
30777 1575
15001 2498
16846 25006
30632 23232
20900 28330
14345 32036
29373 24350
12774 11451
14500 5090
8789 19630
16199 25089
11215 30724
7433 18271
30947 31592
15124 21151
30507 7212
2028 16963
16000 20623
14410 7957
30826 19771
2599 21958
23514 3090
15895 5078
4380 12330
15064 27571
4615 27414
3883 1061
23159 18280
17890 22249
31997 31859
16443 17053
28628 12118
2668 29660
9751 17718
24191 27049
18738 10954
18784 6417
9879 13597
9781 29708
9650 32655
25581 22437
23070 27421
18716 9562
1561 8931
10758 3014
8501 18911
17657 17021
14161 13816
14561 15672
13256 23615
18966 6706
27880 21108
27000 20433
934 2508
12734 23945
27535 9969
20235 1022
12034 6987
1218 18536
17309 25470
17820 18236
757 3892
4600 6665
7050 30236
4210 21663
3578 15923
5302 23927
2676 5954
2199 9551
17008 20391
27483 533
669 9817
23385 12550
10523 32295
24007 17431
19435 22080
22733 32404
9124 11256
29661 25863
3687 10697
21063 1115
16148 18328
23560 13377
27838 16442
2275 22739
5725 55
25012 26487
11971 29134
11264 13063
17618 19001
29648 17199
31723 15410
26560 15126
26793 13237
15187 4928
9680 32520
905 10931
13696 2297
16820 29528
687 2151
4231 15781
5846 18691
10096 26489
22505 29016
10280 29255
25229 27145
27272 17527
21638 19034
15006 6665
7022 28146
15616 26748
7085 6112
28000 14830
17317 18139
27489 17284
24365 7886
2473 15116
16193 2964
21303 12257
2551 255
31479 27407
18101 31776
27028 6840
31394 10690
23950 19639
26970 22072
20876 31874
19942 2649
7411 14421
8171 31176
695 8589
14625 9849
8818 19538
28423 23920
32691 17016
29910 28876
5016 11687
6579 21253
7327 27834
14120 30578
8377 6246
25557 7182
21920 15132
15971 24699
25451 16432
25786 20039
13664 24122
27508 13935
19721 189
27025 2081
19338 29958
27756 1222
9521 24151
26605 30016
13135 13637
30465 17520
6214 22111
71 8956
10724 25616
4877 6223
21999 32711
4218 9441
13569 7764
29964 22968
16278 31638
22086 2351
22884 29011
26786 29942
9963 13671
8653 7514
24908 17185
19219 5574
7262 29674
6168 650
13055 2855
5578 9180
19880 14689
1427 4636
14149 23203
30931 3933
29763 29732
16525 4640
20458 13606
1377 28002
21485 32542
7098 14810
24127 14613
26696 25724
18729 29262
26801 1601
22938 6185
13443 26922
26558 17223
2670 24195
30161 24559
15792 19045
10550 13745
6096 2174
22979 4681
655 3604
11104 7110
3612 27976
26064 3563
10119 7576
32462 26325
4984 11688
2652 18142
289 16962
1368 1986
18801 1691
11856 20224
11914 29144
24727 8067
12150 1488
9624 11906
17429 27412
28779 32677
5466 3629
14246 3177
1463 8740
24950 31429
7638 11336
13806 9998
12682 32043
19358 1304
20741 15086
8808 7326
23115 24766
24719 9443
16103 22431
26129 922
20956 3176
10807 13059
12766 9999
5994 21336
9154 18215
22856 27495
28980 27047
20727 7296
8104 23533
9145 19857
5011 24579
6081 4496
29658 26144
13126 19737
24970 32626
20949 24409
22475 28186
9195 21034
18447 30329
19651 21887
18063 21930
4717 2563
23288 335
21536 24317
18785 5265
15057 1911
26497 3682
22532 19103
21023 17669
9955 13165
5833 13009
9101 25478
9673 50
27824 3425
8277 28400
9050 22952
22278 2740
32012 15329
3212 17096
15377 31309
20639 20766
525 27920
1848 4756
12505 14483
28674 13430
19854 1831
16907 23364
6624 1515
12224 9910
22446 10479
26392 14078
27350 31385
25103 5965
19790 31304
6998 12696
2417 20024
31561 12188
11926 19622
4385 27936
29671 8244
27755 24442
32113 2958
10937 5716
30583 4174
3479 14768
31756 32029
11456 10538
30433 10011
6290 8317
31579 21122
192 1353
16616 3718
13127 16916
14740 2175
1955 21134
30423 6729
2626 25881
20657 6123
31801 13704
761 8312
31542 1319
13555 30259
26037 21500
7968 8694
20343 16205
17242 26069
6704 10595
27424 17150
1665 3725
24622 5859
20773 11111
4944 5020
12399 22619
9593 6022
17908 15977
1807 10289
22661 18724
8586 5241
27232 31229
16189 498
32678 196
9587 27018
10512 15724
5310 18281
9950 3855
9100 540
14353 5169
9979 19699
27098 16457
7663 2471
31570 27262
21089 27968
10603 14766
9466 27702
30503 4532
14048 12759
17928 26091
26064 9960
21191 5358
20077 19343
27209 12706
18647 26737
27342 23927
4992 23319
25964 6122
8251 406
29628 10063
14230 2415
5587 32461
26218 9652
11379 17834
27056 28780
25475 25544
3222 31545
8381 14192
11475 21304
19111 22607
22839 31785
31684 3006
16006 9936
30219 20039
22150 9882
27288 5732
3415 27268
27042 13449
20739 32057
3757 29797
16214 20602
15616 25446
26096 22467
90 24699
18584 13868
26081 22813
8659 909
24923 22416
4533 27877
4768 18022
12024 13309
32591 3398
11851 21064
5313 27371
5100 17166
1595 12399
9081 14537
23400 16842
516 16848
17158 32662
15973 8242
32223 32277
13268 22757
30203 11636
31415 15904
22036 22353
23480 30981
13642 5500
31003 22147
11032 9722
8782 23419
24455 16464
1474 25633
27553 20478
13562 21158
7721 14409
12002 4372
30857 1341
25697 27257
30732 11763
27441 32583
32589 19472
21231 22779
29680 27790
20590 24829
25743 23999
13137 16071
19191 7822
23001 24906
16021 21257
5883 14221
11051 25116
16054 23704
24519 8351
19619 14992
2550 11668
22734 26915
28981 25513
20164 19239
1704 1029
6893 12157
7439 32320
16924 31036
23797 31155
5989 4875
18730 1011
1071 12751
26484 2200
5769 10887
24962 30275
18882 24435
12833 13535
15667 2172
12979 20774
19808 23248
7388 359
17216 21453
21630 26503
3544 11040
3560 13383
14863 12334
9290 4036
7357 5811
13420 27460
25349 30376
20384 8239
31973 875
23286 92
5643 15898
28334 15246
4330 10047
18931 15935
14350 13235
11974 28060
6572 2236
14904 25808
16766 17273
3292 6021
17613 20352
22396 32168
21712 4293
8203 11373
19252 25790
21211 148
25852 16068
29712 15850
8075 25533
1365 18450
27647 2296
29645 22661
11457 23128
8780 21976
12634 11189
25544 12350
9353 22911
31242 26445
8338 7332
27817 7429
24024 21940
19513 23054
12206 4932
13760 26433
17259 22416
10857 24682
21948 24932
3965 25676
21055 31804
27278 1510
4429 7082
11766 25333
10263 17912
10624 954
32500 4622
29540 26621
8697 15511
23929 25938
32715 6240
19110 15003
2737 24064
30873 31950
28653 7870
4540 16633
22861 24239
7013 10115
27901 6687
5198 11444
32671 14898
22340 25207
11421 15563
5667 30559
18622 5037
257 12009
25336 32481
28074 12033
18310 26199
4941 18119
14650 30416
11892 4754
21779 1530
8505 8501
21522 477
25527 32386
8010 28535
22720 18189
27191 15523
23246 10547
18256 26944
5435 30554
27359 19342
32180 12153
4113 29659
491 7132
13385 29536
15756 28961
7354 2662
19571 3463
23093 429
3356 15720
16191 13069
26458 10499
31847 1374
27468 20351
22231 24470
23693 13101
11560 22321
32172 6926
15995 7638
12252 3477
26565 29239
15084 26797
19306 6201
20857 15102
5902 7253
9570 17004
23463 26173
8316 13281
11223 24259
5511 12365
29818 11511
32097 2795
17275 20112
5242 17605
28907 3982
27784 24954
24148 9501
18044 31039
16458 28603
18612 11300
9796 10397
25970 23193
13482 32335
1421 18224
17711 25756
19302 1444
24929 7085
542 23323
19326 12917
3334 29608
2442 2124
27479 4372
9886 4569
9252 5854
7811 25910
11916 6016
10112 20815
10804 18164
20079 1163
31733 30327
6422 1711
8913 32141
8885 2559
22828 13381
26332 22438
22072 25278
11903 23383
17330 18922
21324 4661
15308 10642
19772 24816
25450 26522
15977 5425
29840 15495
28959 5689
19739 2366
31797 2245
21936 14862
414 27188
21747 23281
15163 26347
761 16655
18931 28665
28927 28036
31494 21495
6492 3427
30622 24370
11188 15099
4776 18189
26991 25689
10465 25760
9833 31502
18228 677
16875 20786
2883 17045
11227 18344
29252 23822
18991 12708
2574 16760
21159 4459
14451 22760
27836 4698
3281 28740
12244 25642
20452 3497
20919 23410
17886 13577
6470 31597
22202 24601
26987 19710
4301 11626
30796 9969
14750 2773
1732 19332
24823 24349
11283 32550
10812 30416
2516 31870
16380 14446
31792 27055
9670 25549
6738 13019
23614 24764
6938 28134
2927 24807
29206 11132
10083 22779
14510 22869
17137 5386
14238 6583
1239 27696
9386 13373
29449 22391
26764 984
2120 28664
306 1555
18421 6211
21542 28571
17448 21761
1358 27134
18941 6360
9685 24243
10286 1935
20329 29531
17383 29811
32679 6982
28629 8185
18387 25145
14721 30884
9421 21614
8412 25385
4928 10205
28186 19922
13341 2746
6596 4896
5448 15167
31497 28596
29329 19627
12374 3951
741 15755
30246 30169
9669 17208
24602 17855
1272 28321
10316 11297
32381 3658
2273 29259
27332 29077
21469 31553
4894 28993
15675 12384
27761 24880
2878 8515
27184 20333
8450 23268
32138 13421
5974 14851
5346 30869
22478 15564
12160 29437
28179 6068
22918 17780
894 4516
9253 14788
14565 27481
28176 1079
21173 22027
4145 3929
27457 15692
17052 13568
8026 26676
19905 2186
26912 13755
23525 5734
7447 30822
32467 15574
15742 13606
15822 498
6108 18813
16331 2801
24795 15586
26077 6308
16985 16743
27121 11587
4029 10137
21947 16236
5255 18855
26096 7785
12588 12743
11702 27570
14880 32726
3673 19890
19764 21054
22335 16334
4386 13853
8734 9124
4966 25252
16236 30608
14416 17341
18199 22133
29016 6128
8567 9402
11697 9607
7297 3730
14625 19184
24893 15233
32015 28260
23930 23324
22494 4294
30144 28432
32377 1998
4998 30309
7215 9062
25509 24068
9410 16980
22797 23159
3258 6682
18358 3825
23551 13850
11226 9614
20135 29182
29026 15579
30733 29527
20382 20121
7203 26244
3384 29630
13065 726
16491 10685
19166 6642
24432 32007
15318 13942
13625 15570
25228 3551
3682 7193
21658 18858
12901 25572
17256 27577
32013 6857
321 20985
11309 17843
23724 7490
13713 9698
17913 32638
14645 6195
29466 13582
25525 31138
30132 11625
21765 13581
30582 9990
24418 24123
4266 17021
12936 32284
27913 20713
18214 29778
13012 24976
7823 4593
24608 21190
10930 20867
4722 27150
29260 20560
27787 14211
17756 27868
3717 18550
5592 11952
21535 27993
18590 23389
19798 5851
4781 23743
9525 3669
13973 23679
27373 3429
13868 14555
28968 30936
19587 13994
14235 17102
17432 5274
4826 14360
32077 25533
1649 15589
14617 18756
1328 15518
31742 3466
3014 20750
7483 7252
18834 25798
22082 23127
19381 21696
26220 29690
24172 21826
7916 2398
6301 7685
27394 23451
17839 8599
10353 24397
8607 21502
25650 22608
6992 17566
20330 25287
4387 3933
154 3427
15304 26884
21781 26850
15188 19176
1720 12501
31379 459
18901 29095
23711 9213
1904 20443
26801 12998
1966 21653
26680 27401
8330 25436
11048 2337
15562 15646
26261 1039
20273 13428
24960 983
1527 30504
25585 5927
21110 4341
7238 27706
6438 2957
28362 4348
7627 20449
25481 32367
32749 11420
9827 29517
23433 9712
19808 25071
25094 29334
22851 30061
32618 18960
9314 29191
24526 26674
13236 29891
26896 27104
7724 22104
31943 26393
32325 13643
5756 28213
8671 27480
6679 17514
27721 29203
26263 3989
7839 31439
262 19767
31318 15807
27564 15038
29205 17499
32132 4871
23750 13061
19948 17696
24302 21997
2208 2130
32313 30002
15849 29023
4954 13386
786 27912
3601 163
30492 17362
16269 21386
32691 2826
7925 19277
21088 9991
15426 24476
7679 17071
21839 13621
26740 24637
16691 21697
29850 26433
9678 18680
17532 21479
11170 26636
3016 27517
9188 19525
9856 6704
21715 16360
26611 24086
24649 8286
21996 25458
30864 31890
9257 13875
22390 29339
1038 11453
11172 4251
7323 28652
28715 15591
16028 17494
25184 26984
10527 30929
2538 5697
29227 7734
1817 26545
26543 27748
7034 21307
31929 30855
8360 10245
5864 8346
24932 30335
20516 20522
2280 6980
140 605
7289 28997
9392 9524
13116 28452
29697 16909
24650 13278
15238 3948
774 18093
20688 20474
29103 3629
12591 8910
12849 17085
8486 10476
13633 24616
24605 9227
18344 23173
17494 29340
11743 6747
21282 3335
7645 1033
10581 26680
2861 3685
18423 24922
31043 11428
6460 5858
18448 3962
16822 21200
11988 385
4554 27185
22836 25311
11105 13801
23180 2084
12255 2223
27526 113
2649 18009
9708 1759
10755 90
12986 8990
16615 15241
7800 15709
23261 17188
18374 10602
24759 11540
7225 27931
23484 29554
5989 17900
3416 18251
14395 12777
12049 160
24726 32719
28349 20401
21264 10862
31474 4988
17178 849
13247 31104
11084 28833
21401 19142
24057 16967
9368 2594
1031 25169
5604 18359
32253 25751
17770 19897
23390 14750
20947 2679
23606 2236
2230 23448
12530 30077
17676 7844
27764 21574
4581 10951
23655 4664
25946 6098
15312 21591
1987 30339
29670 4588
31530 24070
24356 11816
30463 29371
17052 21769
19468 19002
29070 8066
17580 20629
20281 17110
21816 4829
8945 20293
12483 4839
29298 16874
5639 2127
22132 28132
26782 12990
32128 180
27254 8553
20737 9702
10623 5082
28830 3572
30118 22515
30663 23655
29447 18736
16782 16703
7262 21804
7865 16789
18879 10599
12821 29567
3976 28230
26381 12596
2451 13147
13946 1904
26288 28903
11709 25370
18514 17053
27660 16933
19080 16297
2569 27572
18479 5105
8089 29569
12135 16027
23539 3199
31299 6607
25591 28350
8133 4030
27330 21647
4361 8419
14463 21226
5824 8072
4991 4364
8928 17549
16269 9060
27290 357
1915 3504
23693 13153
1281 12388
18233 7217
6856 9547
17334 17320
21697 20336
14501 9919
8891 8767
2408 22493
8501 25576
17806 29781
25712 28420
27793 4912
31177 14203
6596 4398
4934 5797
11399 24071
4463 8879
16573 12022
24415 5441
2944 14968
21786 1373
28691 24914
5153 30859
24855 26833
4676 3891
25090 10837
18104 20554
15566 23569
11625 22576
16366 22284
5265 28377
6278 32363
26762 18732
7387 11251
29153 31144
6921 17866
14763 21581
32756 24957
2076 18874
27264 6215
12629 32147
32517 28817
9342 7205
3837 181
28949 13133
26880 12039
13957 4757
25843 13078
12795 30369
124 15407
24181 970
8120 24867
23324 21512
17969 15690
3027 7189
23562 24264
10256 11215
21373 27151
11242 19935
17032 5798
24436 19096
17634 26920
26698 4641
14900 20111
6505 20951
13446 31922
30020 30957
10999 15373
5652 28757
17586 32449
28783 2532
20509 26843
9244 27313
14932 11737
20262 29886
6869 26475
5935 29658
10109 18806
23815 4549
9395 22366
20093 21910
9699 32389
19061 12890
12846 14863
19259 26878
8543 9193
19223 16751
17697 5897
22306 24319
12912 18167
17495 13323
16206 28812
15085 22746
2231 2041
3045 18889
5334 2060
1247 20645
25977 18095
13873 7513
3779 29362
24378 20937
9760 7882
29940 1277
7550 32217
30409 386
24251 13423
1448 17165
15193 25489
29015 30562
1145 20666
12299 1652
24327 20256
29750 26062
10290 20024
21664 15153
32287 12668
15033 4735
16606 21868
2862 10967
8093 26067
15546 7938
1563 26955
20799 27918
32352 9731
25877 8504
23212 17344
18593 10256
15277 20258
22570 3031
18164 553
1513 8492
8618 30199
19039 26344
895 8664
28396 7494
30180 19327
26268 22599
4986 19603
10564 4436
23498 20842
17614 31781
28470 29972
6353 8931
18223 24219
28773 3465
16041 17289
28213 30864
32460 29611
32469 24267
9197 21013
17750 23184
11964 24422
13848 8728
5567 14669
21472 9000
2815 13132
17194 497
18945 27836
10177 32566
503 2066
140 2476
12344 26464
30123 32422
32494 4639
19651 24049
31758 10283
30613 29949
15502 1551
28886 17726
16338 32387
23354 10706
10087 19763
5843 100
5875 9922
16537 22864
20588 2575
20554 29448
24713 14007
18548 1206
28534 27867
11471 7203
2508 23075
13009 4823
30144 22530
24701 24194
26779 24380
3452 16538
12394 21670
31342 6470
9718 4909
29314 24955
31478 22298
11076 4196
14468 28309
22199 28680
462 21351
7076 9511
28430 4612
26673 28260
5308 8648
21173 24234
2817 4737
31947 5832
2416 13102
11430 16990
27377 5638
4260 23549
11773 5564
24869 31882
17681 16386
21661 14819
19292 18764
6632 22725
29115 28118
19678 21998
14312 25576
6440 2686
17903 17241
32594 28579
31201 1618
28704 17781
32203 1876
12838 8479
31209 8316
17811 9792
14104 20486
14926 28561
17802 1553
11332 27335
31677 32673
23040 11195
25006 21226
2428 31432
23626 4300
12086 8820
11557 8090
2951 16467
6766 13087
12848 7465
21283 1507
12342 20559
25473 14250
17393 12888
19903 30014
23391 25331
6907 19822
19646 26131
30837 22359
32089 7246
13563 3554
27298 6787
12964 1166
18817 9408
8385 22896
12268 20579
4625 2168
31928 4479
17204 1013
29102 14209
9570 13915
13282 7443
349 20804
9792 3904
18084 3510
21096 12249
23274 16804
21436 22296
32198 28343
30902 14468
5292 11854
3712 20244
29468 7875
2750 21655
29465 13808
1966 18515
29149 7409
18036 18669
1227 31020
11183 17801
31397 18063
27216 18993
31999 10009
20652 27515
26100 19356
27600 5478
7703 22977
29972 16774
5804 29516
15859 22625
13337 17057
3609 16920
15511 12423
10174 27210
7981 10029
26163 15157
9951 1643
10938 21534
28195 11593
2971 32499
9876 15557
31092 10544
2282 30673
20177 25599
298 25756
32252 12195
27418 4882
20759 5654
29432 11430
28775 22769
28267 12623
8947 13965
16826 1488
32078 2664
9532 14141
29361 19658
24336 6075
31820 13736
17677 6279
19166 1736
6908 1338
13956 16678
8453 1099
24782 18839
26216 213
15640 16556
13422 24986
29464 4569
9630 12617
20403 32214
15667 7164
14357 9286
4814 26117
21248 20631
26217 16362
23652 3625
12428 7086
22321 18354
707 26450
4457 30177
19535 20636
11897 8513
22300 30231
11209 15201
4339 10587
5010 4914
29937 9870
20976 26800
10552 25899
24632 25540
9444 26114
14987 29289
29249 8833
21419 21007
24891 305
31502 18492
15893 29571
26929 20089
24670 8397
26159 13676
9761 17040
16018 834
12125 5628
31337 4432
28084 1718
2715 11513
23655 30424
24698 16338
29826 18490
9115 17156
12628 2800
31206 498
14626 29971
5609 28700
32285 1989
32625 5699
27536 1391
19036 23247
29534 7501
12201 10605
4012 28717
15569 15868
3291 21107
3418 5802
12217 28513
17065 20826
3064 12693
11800 30794
7903 5331
24904 498
575 17669
6329 2095
19369 11904
13463 31392
27614 25481
13271 20560
8839 31512
25987 31894
23078 19676
17490 11066
77 11902
12412 2009
11790 5674
31692 5259
13490 17996
31735 21442
25261 26263
5932 18806
5330 11852
32492 6015
26564 953
3356 14658
7597 13568
30553 8847
3122 11801
19595 17866
9894 20506
28861 17737
30845 19894
2860 21502
9220 12548
6813 2390
14672 28290
9204 11360
31092 10586
12035 14898
23032 3300
1440 11145
23686 24427
26874 15791
3813 12852
12589 17058
18220 21180
2835 15474
28719 24898
18525 18411
31294 12421
30179 6772
17423 21199
11321 5943
4088 30770
20099 16258
22881 530
11146 621
7802 28644
13583 12222
29225 2356
16735 4617
27207 26861
2855 29724
15883 19925
25482 5530
10438 21591
19057 21221
25809 32133
24866 1089
21188 10077
27413 22583
8425 23115
20738 11576
1777 4080
23103 11907
27109 22306
4169 14409
31839 31028
161 18190
12025 1143
20697 30290
1286 24576
22766 21105
8576 19628
14296 456
8258 30562
5728 2329
3959 152
3122 12080
7507 7449
23347 17351
19969 13317
29972 19880
19932 7705
32552 25617
13281 27184
18546 14172
18532 19210
26115 3295
9219 4685
27011 12818
15065 23753
26125 10991
10228 21504
14144 8095
19720 10470
16018 19794
6756 11237
2792 32367
4902 9764
7780 19949
25003 22537
18046 14848
4170 16637
14935 18937
14914 5231
29513 19303
18672 27
29635 27267
4422 10124
28756 10699
25976 30943
3845 31980
28408 16075
12524 2789
25765 5086
31230 23402
28992 6921
2853 29574
24095 8543
8851 9605
22053 3354
5717 6161
21745 15839
23851 18587
5718 16963
6551 3325
6667 1677
23348 22621
4004 24765
2633 18260
16065 7630
12702 14159
16262 29753
6798 27958
5963 32698
28510 3916
3476 10838
22477 30295
19779 9885
17388 6656
9740 24365
22832 7292
554 32631
13766 14700
25680 31174
32294 7170
483 11901
26859 24678
19814 6303
15586 17496
1334 9109
30049 19222
6775 3628
218 22656
1102 32478
19887 1914
21328 11602
6472 16274
6459 17702
13668 19939
30948 26091
14252 1336
29297 25713
18318 10613
16328 12613
32328 10803
21832 2169
3395 28843
23222 20131
7843 17621
12410 16168
9244 3537
21771 20411
2055 29061
16040 27936
29877 6024
32073 30006
9731 4926
14549 4660
31022 14661
24469 23347
12009 25616
6377 24045
5037 27602
20537 30148
593 21918
27695 5126
29914 32204
1571 23919
6036 16798
13783 16623
4706 27684
17765 27566
31826 27228
24949 15950
11636 2718
6579 10096
25325 19255
17793 1913
26951 31829
8424 406
16651 14627
13781 24061
29074 31796
25986 24950
32280 21285
9778 15898
12562 30078
18721 347
12737 17114
23739 9029
6152 27720
32524 6916
29307 19696
13432 7333
29368 13818
5804 25633
13306 12715
28628 12695
20459 465
5646 23257
13754 23906
6943 5674
30574 12640
9318 25158
378 26879
32526 12195
28817 266
17543 12023
31163 27267
9014 26874
6313 138
8043 877
30789 5503
24724 22363
18830 23403
24241 15519
31907 11164
1032 11942
4125 29072
5914 11894
27298 15637
213 1519
29368 16301
17163 20561
22742 14647
13091 27647
18369 6092
19727 14723
28438 20200
12926 19409
7202 10698
10834 28112
21754 7453
13396 8470
10696 23511
1318 31219
12388 13154
32378 31922
24100 29434
30594 24603
13300 25174
27047 22845
28841 2954
21886 21610
15762 23596
29688 16258
2384 25013
2009 18805
1256 9515
25451 15107
30487 27133
30323 19654
23014 21551
30820 7795
30333 14774
723 13149
29500 8998
12331 6202
2056 16266
4770 5674
19683 20371
5995 5877
22208 19446
10797 7828
5781 19215
11445 32244
11953 27082
5864 8950
12880 15299
21243 10682
877 1708
10726 4893
17111 19696
21525 17536
1671 27541
609 13516
18993 20327
29504 27314
19993 1363
26680 12344
22568 10769
3994 8049
2879 32006
13932 27787
18635 6760
22183 4368
20634 8355
21923 15461
4845 17659
1743 11671
26830 7027
18085 23126
9891 5614
16861 1858
15620 32405
15585 13670
23498 29048
28546 2306
19304 6520
18665 3470
28799 13412
12240 31483
11692 8802
4850 24636
6053 1169
23999 22277
12164 12012
9557 9427
5986 29042
8620 27948
29992 31876
18192 22824
30626 25742
5077 22576
12757 2281
26182 24070
16531 25088
28382 16901
28236 31410
4795 9131
18727 6392
21071 30804
24401 22984
2137 9800
5525 17465
5395 20728
19502 6119
18861 14981
17881 23193
10235 24194
1326 26913
19051 10747
5167 3972
2105 29878
27170 27739
10726 8120
25500 9081
16870 32011
223 9166
32153 25791
24165 1163
636 6959
7101 15751
11169 27782
9366 16098
15196 8577
4122 11240
21824 12662
2685 15672
21577 21909
31957 3621
20827 24942
26412 22876
28139 1203
8403 26823
14076 23103
29434 15538
13390 26712
16766 11821
30674 30257
13826 4273
16736 23219
8513 5894
2732 10365
1698 32611
3959 23338
1550 19160
9730 27090
6142 1001
31688 25299
20440 22652
2668 29905
6267 2805
22769 2299
7960 32415
23849 21136
24645 25422
4464 30626
2892 17474
4762 14107
12233 32335
23081 12285
26996 24891
26819 11758
32315 104
29924 7923
8852 30386
29137 5756
22545 8603
717 417
6708 6054
11918 28843
19846 24064
26354 6614
9443 8549
14575 31061
28952 30274
14536 12951
3760 25623
32391 5833
26122 16416
18087 29852
12719 6964
2833 5448
32483 18157
10314 2769
7290 13833
25322 13192
27629 15376
24912 5846
18605 28727
28052 32565
31159 14213
5053 30079
24937 14900
28724 363
24468 18522
17017 21332
6610 29129
6165 15165
7706 21811
9168 4371
5009 27282
5411 29233
28067 19654
1008 30762
21843 18048
17521 19650
15567 9824
14191 16189
20808 7770
27316 16093
16128 12894
7618 24230
31653 31288
32453 18020
2781 15029
13255 13551
28962 6663
1059 30638
18640 29546
13884 31578
11644 3592
30062 23044
29064 15130
21573 2650
20980 8017
16109 5158
7287 11124
29162 28183
31695 2122
18697 26820
24149 31162
31383 19182
10964 32049
4816 773
14235 10052
17306 4590
14289 1175
23668 4868
4873 509
32425 1373
23318 8160
25033 14926
21537 29924
15449 3377
17145 17351
9418 18533
30121 10380
32424 23447
14928 8408
18452 18240
14381 29596
23412 24943
24314 15348
31081 22473
24699 6991
12034 4814
26710 22225
27695 24158
1573 25589
24184 31611
32202 10359
25582 32592
29186 29041
10850 9074
7486 26052
20182 27495
3246 30649
4401 17253
4510 6632
28727 31835
23813 15193
16823 18742
31067 20202
6918 8541
5804 25072
7597 11389
23787 1569
31839 7052
14472 4786
19502 4872
21828 188
30206 2688
15173 26340
23609 17750
16997 22587
2244 18627
20432 10851
30514 29467
4558 26356
20280 6227
11741 27677
9057 18368
5379 143
2051 7969
29282 24214
5746 20192
26637 31369
12403 13205
3610 2149
6132 10444
26617 1205
12026 30984
17412 17589
29658 3848
14678 20918
3500 19528
14305 5060
31997 10443
24251 3975
17604 24
3257 15207
8087 12163
24383 12275
5407 27053
4950 14212
970 25422
31999 285
29375 15666
2248 31382
16407 20354
31644 5626
32586 14917
25823 32301
7143 24358
30395 32466
5257 10360
14516 9067
25094 16759
18563 20930
24297 9169
7457 25481
17187 7781
34 829
2045 14666
12612 20560
18513 6931
26696 3718
28922 21329
10496 25760
21897 11866
7594 28216
32057 30281
27516 9452
15398 17734
13696 25790
27833 19720
16802 4027
23911 14231
29704 5339
18075 1367
5281 24105
23792 3138
4865 27171
21412 31861
15468 5220
25418 3566
6192 20864
10430 15252
24120 25136
28766 12151
15327 16815
16759 17498
23298 21347
15870 16495
24409 5056
10881 11617
19975 20586
12892 29079
4975 11161
15408 3768
6986 28354
25233 10602
12022 28788
25855 15968
3601 4480
9496 10387
30023 5468
1035 23759
1896 22985
13392 32370
19646 12724
21399 12657
15517 26458
24830 19867
1339 10672
25478 22306
1474 26882
21704 24663
11940 26330
9188 14517
15407 32035
25787 3361
32609 24718
32606 23920
10493 25141
29637 27434
19166 29823
1477 1421
908 30531
25916 22229
2061 3888
9871 5819
32766 3180
8022 17980
26594 9339
31573 22683
28089 867
7599 28073
31701 30733
8790 324
26089 16367
5062 13342
27747 13800
10483 4544
2555 26731
8063 30670
16268 23264
1585 652
21027 30279
2979 8865
12118 27935
9530 16411
27608 5766
8795 3764
4170 1185
32732 30547
10323 23102
4025 15062
18418 9144
18697 12815
31507 14107
21552 20236
21345 24457
10069 17308
2140 22493
18199 28942
23979 22669
32635 1340
17331 15573
10537 26825
26216 786
20185 25254
7779 11372
18184 5339
30774 16311
5615 13956
17916 29595
11189 12057
28468 17395
21220 30451
29391 30324
25370 24844
20359 21135
3073 12807
18035 4248
19584 10352
11224 17447
27187 23108
14915 17855
32025 2996
7124 24493
25485 25382
7645 16947
12920 7805
17068 742
30148 11674
9636 11093
21780 22050
26003 6891
28850 17538
2367 16407
2760 11825
4674 27817
20692 26933
12824 18816
22870 7401
21879 11618
10699 28669
31198 23339
22751 22462
369 27434
8415 27800
30980 25544
30317 26585
1142 17770
30583 11959
25920 3481
18026 3733
20301 30049
9634 3714
13 28406
26406 31235
19397 9886
1170 2322
5417 2762
29524 18790
25388 8070
2331 11509
2327 8468
1165 25016
5336 14804
3641 22190
30621 20328
17868 4643
7330 11028
12167 15666
25159 363
5616 2185
10598 7464
13256 20076
28387 12634
14910 5629
9093 5828
1890 23482
13828 30851
8412 17223
867 13297
18142 5742
8575 28618
13143 13668
14313 11917
22890 23629
23281 24613
14622 25091
7427 14025
6999 21523
18999 17185
18949 5129
547 7082
6299 23022
9204 4955
20675 16398
16573 17289
22351 15359
2062 27912
7539 10462
25289 29843
12850 18140
12337 32365
2071 21497
22852 27977
17189 8720
11851 18536
8976 19988
17071 19713
23982 31897
15118 12005
32168 16278
16782 19555
6517 2409
5233 22889
30345 20763
25322 17901
27849 19430
27695 25483
7747 24564
5328 3696
22300 13418
26183 23926
10697 677
11472 7568
7042 3267
10107 7273
29940 23910
32383 1608
2871 13492
29649 23351
5375 18083
501 16228
24598 11891
23829 10951
31498 15228
2640 15365
10019 31529
340 12949
9879 9285
3119 21537
15105 18293
22882 16687
26640 26886
29751 32000
20092 26601
5973 11448
13119 22012
3474 20928
1793 9612
5384 873
468 20503
30827 27602
10017 23126
21146 3083
17890 22906
12403 2938
18706 23991
1260 5758
27746 26111
9055 4179
10542 16656
13350 7222
28591 32688
22376 16841
114 23607
27186 12472
31241 15183
8650 26525
28416 10744
28992 16929
6163 31951
27973 12900
30365 29839
8768 10656
31572 3032
4255 29705
1332 21039
17259 3063
19641 30791
13600 10310
3921 29054
30395 2557
3857 20139
19732 19759
15015 13847
14446 16671
4496 7369
6733 2983
6283 9479
28040 7131
29261 17945
17566 12265
28790 8528
589 29252
12484 10311
97 29185
6790 30825
6347 31361
20564 4019
17650 3664
27134 16059
18254 2381
2754 31730
4914 11787
10178 31782
26345 8824
4789 13387
19461 8124
7388 10362
29172 22884
26167 11322
5844 24512
11514 30719
29320 393
12603 14320
22540 28871
237 30701
261 12018
16401 4305
14237 1112
16683 31476
21133 1726
499 10741
14203 29514
24654 21942
22407 24481
7036 21671
23073 1612
30099 27464
27165 12896
2348 13545
22793 3678
10076 2484
3262 23128
20966 1518
27445 19797
9646 5754
14492 9719
18801 11935
7081 11867
13492 2827
15407 14145
25338 9751
12271 20077
18234 16716
10672 13389
5008 10278
7826 21723
10547 4121
21919 18373
17575 14802
5539 7115
14900 14271
25917 29033
22166 32209
4407 10423
14326 7809
27923 9869
13081 22801
486 29930
6360 23828
8042 17047
28624 26416
846 1543
30298 6947
2768 18306
190 16132
8846 22147
1955 15307
26777 28254
31434 1812
13516 3621
11260 23072
31580 1997
26177 23069
15791 2701
1363 5543
32114 11399
8530 31630
26086 14250
8889 11994
8058 15831
21137 23564
415 14402
15077 29607
5848 13852
27509 28143
10000 24175
30382 31729
15409 18761
15066 18883
21746 29724
19349 13837
14833 21861
3968 8904
10497 21388
26169 17222
19141 8971
27274 2931
9854 20435
9440 9306
2081 30187
16895 2539
3245 27995
8693 13819
18619 27976
21324 31884
15702 27232
20100 32079
3854 13433
1473 20071
13128 6004
7360 17520
2008 872
23823 31680
2258 32765
14974 1772
6300 28437
31697 26254
3656 25266
23479 11846
32289 2580
13824 31487
28804 31265
5386 7796
31474 21770
13180 9202
28514 5420
17975 4703
5596 32564
8842 3963
9283 32647
5285 18534
26739 30433
31313 17251
22668 14907
30174 32475
32140 18931
19804 421
27684 1063
18958 16516
16324 22113
11291 31985
19449 12922
1671 283
30712 19128
5986 23853
30843 22842
28735 2511
23499 30358
744 5103
7198 17344
26192 13761
11300 27438
26569 260
12765 15673
15479 32392
25517 27591
26373 26349
15282 10535
9622 22701
30037 11836
31743 12125
2335 27614
11827 24623
6863 27517
16126 32700
3497 8967
18167 21760
13072 16396
14256 7590
18263 11809
24367 26502
12501 23682
16290 9069
13623 1787
3918 21788
6426 1544
29897 1171
24026 27195
21353 21647
4516 26334
15356 25169
26067 20442
21945 21153
32633 11991
21367 12307
13883 13221
18717 32393
13667 986
30042 10233
13104 11709
21398 9840
12912 16995
2600 3927
593 23320
2249 25590
28789 3585
27464 19254
24900 5631
29824 6315
17030 12757
13704 17617
3121 32398
13609 14998
17279 20761
11157 7705
13380 21303
9813 28850
21631 26519
10372 13874
1583 6462
6971 32620
11112 6701
8780 32244
16549 5438
10547 1318
29024 22352
15433 7274
23264 5027
571 1719
29011 18309
27067 25430
15132 303
24437 19433
22126 3562
8261 5035
32026 21366
31655 3065
31397 22699
6767 29202
18590 16737
7610 27163
17710 16782
10788 11110
14321 19374
13115 16883
6404 32360
6964 2359
20064 5486
31453 17437
21350 24997
9683 30283
32442 3206
16117 25254
23125 10948
28952 21272
16854 25134
8189 3473
15129 9944
9600 6731
15627 21365
28433 16211
22717 8456
3944 21829
30903 16828
6261 22870
10894 8975
20886 24728
9913 6966
7693 20602
2720 1469
10161 142
30966 4975
8675 10640
5193 20853
14532 17827
2007 11202
166 17885
4772 28334
31168 16646
18633 3040
31781 32669
32527 9842
8183 2332
5308 10832
30167 5758
4013 29409
9121 3581
16037 17642
14678 27680
21989 8111
21082 15861
14845 10587
22240 4251
27873 15009
29090 31236
20799 19876
3541 7929
14352 21524
29020 23135
27758 14490
18236 27064
12709 3959
11856 17133
26508 14952
8254 30538
18710 972
17577 18378
31012 29960
1192 20117
20893 27691
29303 25031
10433 13518
22893 4979
186 10303
2606 29416
21876 6366
14114 29490
31919 3270
29990 6884
19539 2992
13441 24853
31491 1045
17945 23465
28404 2963
16615 8914
28416 32402
23464 3541
27126 17191
3797 11538
18485 13113
4822 9535
31609 29154
3699 20468
16628 12311
2443 17772
18849 9356
30728 13194
15573 15058
28946 9754
18711 15810
26243 9306
14129 287
28827 18360
13191 20087
502 12254
16808 6474
6074 30700
3619 15983
14869 4356
4764 21170
24807 9740
16414 17602
4283 27823
9139 22091
17404 1957
14642 12383
29798 24117
24665 5914
22714 3320
10267 134
10934 21471
25659 4796
2372 9591
16666 19788
19186 15212
18894 25055
21666 21581
5235 27
18562 32398
2246 6343
8511 5331
29936 23600
3446 20332
25759 30667
8044 3867
28251 22299
9470 17694
27416 27605
15323 7273
19463 16707
30192 18484
690 24294
8740 7093
12104 15967
3398 20271
2357 22672
20291 5675
13814 3582
30877 27397
556 28281
13336 13227
12527 9216
12471 9122
21860 1247
26598 32586
27282 4378
5113 9314
7537 24334
27349 31694
32068 15190
28909 14488
1577 32748
30833 2102
14831 26256
8385 6155
15143 23150
27176 5168
7806 3323
12743 883
26186 21024
10703 9376
23650 1946
8692 12544
15923 2977
13342 10272
28432 1735
10593 2259
9418 3364
11055 7034
17025 23216
5324 12675
21945 12016
30979 32304
27056 3029
12312 27802
9456 23521
509 5877
25888 17291
16584 17173
19743 8677
26469 2097
31060 1148
4232 488
20031 4735
23014 13441
5460 13092
1957 1655
23562 29512
31761 29493
18735 28246
22416 23326
23678 15977
21720 5328
19571 14261
13663 9130
30302 29475
21011 14220
5303 27707
9292 23005
12209 13895
23295 27603
31761 3253
20532 23022
7233 17086
29370 10438
30624 22085
30745 16135
7197 10754
27336 4282
24068 10975
26784 4038
10775 25762
9617 1462
15841 18893
1684 15036
14919 12994
26848 3574
17504 22571
26977 25329
10375 19609
16486 2156
13230 14699
1434 31838
14069 25330
28725 12602
27003 14291
26483 14449
7283 28588
30534 30264
30075 31994
32071 17037
9002 22074
8691 7028
16360 23118
29204 19591
22275 21539
11389 12205
16383 24977
6138 27434
17453 16770
30087 20696
17023 19799
25280 17075
17818 8583
16537 16539
16429 14729
29263 854
25473 757
2207 18645
17490 11238
11573 13752
16862 12450
25191 28692
25403 27773
27427 22387
7917 12794
28454 32284
16568 11828
12143 18325
25011 7036
24308 20583
9886 1860
29587 801
14453 12092
843 32415
11077 14778
428 12684
18239 19807
29068 20262
26635 19448
24316 321
26207 13474
13691 31631
16335 28978
18025 21534
28903 4819
5054 17698
13687 16881
13051 15349
9006 25942
23649 22876
21098 17555
31329 18188
2383 10658
19797 1645
7447 17865
30573 7325
32168 24001
1260 16312
8044 280
17556 26967
14173 20692
1118 29270
32095 6489
1647 7131
26835 17293
16968 10643
7017 24889
17981 28991
28213 22707
19752 880
21766 29626
23646 20878
3059 21921
32226 29983
17206 7344
27353 31814
15678 12999
14910 24458
4863 4420
26583 1241
4749 31783
18280 29645
27625 30836
14374 7982
8218 473
11374 26551
26240 17297
22967 15389
31846 22664
9414 31309
4822 22208
7713 30197
20145 10739
8901 18503
3839 378
29979 19706
28035 21869
25129 28817
11666 18188
18181 13279
3366 24669
2704 2251
11311 30487
24416 27729
32297 14015
25086 25033
31219 5649
26450 13164
31711 15265
3931 7188
3590 5570
28708 15939
2782 10663
27891 3175
19982 24008
3523 1628
26496 17287
27380 28723
1208 9236
322 26162
1125 21646
500 29211
26678 5483
29525 1458
6383 281
13672 32377
12476 19941
16088 5822
16325 26397
9774 26583
16130 8561
19270 25005
9553 3743
13572 23415
21190 13392
30531 8648
17986 10812
13582 9676
20807 25493
4883 12750
15882 10147
11860 18174
7114 32172
27424 2162
9569 4118
12354 22378
30233 19151
25208 1240
192 14573
13351 15392
31999 26002
7500 2844
16103 17427
4022 11107
11469 25433
15219 28875
18264 28807
30600 300
30680 19676
8933 14695
6361 15068
4503 25511
27897 26282
23104 8935
30710 19897
6084 14261
28171 18851
29510 565
11645 16985
2643 25960
30321 19325
1372 28590
21760 12556
29290 27786
29069 14144
14349 17318
15190 4533
13461 18711
8522 21962
23941 25313
19739 27722
29509 10174
5267 17996
7447 23323
5419 22871
332 27236
11738 9930
11704 20353
19243 21115
25699 31905
14738 3231
8321 13622
29184 21226
26533 30784
5301 19703
15153 24527
1622 18409
15889 6595
25407 5459
25257 24023
15642 20821
13579 1246
22192 21512
5486 9548
20992 21020
30428 22775
1166 28864
30250 4127
26110 20674
23853 5548
19681 21752
26155 10424
28111 10206
21392 20301
20662 17536
12258 18032
12401 1691
18935 13150
30877 1535
16742 31253
21928 16695
14139 23830
2858 23404
30447 19050
1145 29063
11159 31203
21368 19094
30043 16548
4527 26481
29482 15843
22433 13725
5292 17646
15961 26992
18552 10348
8007 17270
23176 19174
1610 17684
5865 6278
2574 6251
1207 19998
32408 12159
19785 12651
13855 24217
9129 7836
17438 30186
16455 3854
30375 7792
17646 32090
31226 32286
7414 19089
23126 26423
11708 2246
22543 5883
27471 20173
16865 18309
9580 31043
18820 6388
8365 31950
1664 5577
20477 11686
6979 22160
16975 8277
12401 2243
6288 1979
14971 23787
6105 13396
15731 8200
11242 6334
799 1075
28116 30581
30540 23682
757 7650
7780 20524
26665 20628
23107 18669
32063 19661
28999 8364
25770 832
2982 21084
2937 28697
6917 12832
28042 13374
24646 28850
27130 21460
929 28165
15327 15878
29430 7977
27450 513
31329 2928
18983 21827
19216 9423
21079 20246
25681 32646
30400 32087
4847 11523
15763 13948
31423 15876
13935 19670
24182 12285
8404 1810
6589 18873
22234 518
392 11075
20515 24491
7843 5383
20750 26469
30349 10805
6701 31627
22154 12902
11258 2083
21748 7810
29381 20205
31954 21729
28401 13476
22444 2224
11616 29568
18845 8343
9260 22271
29609 28824
18328 25829
4177 19259
27462 6017
32357 11752
17322 3379
28186 3220
7102 20779
25692 160
4855 8563
2149 24317
30584 22064
28559 31125
4231 20005
23398 4070
27965 1144
7682 13040
2945 13241
6292 8274
27447 10784
2110 22704
25012 13078
5416 30039
16757 14839
22480 292
10769 2583
18593 22690
5229 20483
19912 21874
28463 16393
23363 18672
24437 1530
22842 2579
31174 25134
17555 6805
1865 6089
15809 10068
11060 4157
31196 26617
31880 22544
18935 8663
26620 22752
11438 21014
28214 29860
7678 17168
4673 26164
6490 4347
3132 2828
506 25033
5199 31308
25975 21580
23012 3332
19605 27294
31507 15279
3679 29632
4189 29949
22906 14465
8350 20950
26547 28577
4413 19099
4058 15671
26278 20911
10707 16720
26874 30518
30954 31193
260 31260
4199 31679
24944 27225
26210 18260
20535 16500
2265 15349
9310 3654
10496 28394
19424 11521
28888 27021
28137 3185
22275 4782
32068 1921
25815 18231
20247 25088
8881 26124
2510 21413
7820 21301
85 17489
16594 13887
19850 7573
25457 30687
17394 21876
24370 17113
1450 5738
839 3104
22689 10413
11042 26175
2821 178
26254 9207
31739 5875
26616 3626
7315 27888
11533 12536
31995 25459
5515 1063
14835 17945
23632 29384
24192 12302
9912 1559
3557 11800
7717 14244
2511 16855
18399 11952
26832 10827
3871 27866
4366 5526
13670 11771
19261 8195
7443 32590
458 17480
8757 20948
89 8456
30110 3062
18290 14236
11833 24173
18551 2067
1181 24671
7642 11895
27873 14026
5004 25938
690 19238
5049 4465
31652 21830
19378 15080
5062 15488
7467 5975
10361 5133
12198 2411
30082 14002
13871 14759
10333 17824
15690 11364
15828 3738
5418 30998
24017 7509
11299 1746
10609 31780
28002 29197
12121 26581
30684 32679
31309 31445
16772 16680
28159 5019
31425 20041
26148 31300
17951 14262
19405 2427
6213 5906
5365 24220
21543 24635
25174 21785
30588 22480
12162 20764
27507 21233
18734 7534
19873 9286
32209 24727
17726 23107
15470 27975
14482 12970
5549 29172
30378 26449
21297 19397
10575 14373
6438 175
9017 22127
17945 9438
24191 5462
1293 12118
16210 933
17867 474
28395 21199
3961 10252
25282 12081
24942 4567
25601 28054
5701 19722
11064 12800
32048 581
25682 29606
7567 14617
11976 569
22722 10091
28180 28779
24123 4121
32361 1970
9687 29921
8609 10569
25710 8062
14455 16505
11945 17939
7158 10774
15891 20173
11057 13644
3187 30404
24885 8604
14682 24611
1852 15905
28152 19337
22307 3608
13107 175
8734 5791
28155 10826
20395 14781
30167 10547
18628 17059
31172 8901
9049 1841
10048 20102
8701 17084
18338 18186
23520 3599
18348 25109
8445 6319
23907 21504
28308 1892
16414 8798
2011 7156
9950 10719
1777 2610
221 15220
31251 7735
7274 5299
24850 6128
12275 14206
7940 24537
31076 25823
13370 30983
26544 16183
21619 21612
684 22424
11599 26967
1316 10863
28935 14138
23849 20326
31066 5296
1704 24712
5835 28606
29761 23718
24585 25433
31317 2298
5551 17961
28769 5643
28205 5773
31883 3024
24070 26591
15739 16664
12349 13561
18028 25130
777 15352
8579 19112
31952 18240
19551 14009
19795 1984
25329 3942
20263 25719
27790 22085
23908 25398
32578 29781
12705 3752
11624 28714
24095 32145
29047 20298
14404 24403
3103 9942
18251 12726
2197 8045
2875 1000
23339 28749
12309 27331
20003 5563
338 2639
12485 18086
12684 22664
31919 28039
19068 32097
25965 10379
22820 29704
1609 5364
10829 20844
8804 27068
11060 21501
11014 9596
17025 8370
51 21389
13688 20817
8063 11373
28019 14315
13603 5476
12688 31653
17231 17255
10407 29375
21442 1340
14207 24014
26521 30943
3905 26700
6500 12325
44 4691
9599 2207
25739 26534
19616 15041
14308 10225
17580 25667
11891 17490
11215 4552
24790 22039
12747 3006
24586 29386
27536 27269
17814 363
1294 13779
5126 29948
17735 4951
31643 4163
6312 18588
22337 5835
5529 5169
30145 3884
12115 8711
824 31372
2801 7962
9928 9574
10954 12371
10381 30090
25599 20653
13267 22885
21072 23192
2438 15491
15924 16539
14057 9554
10536 14652
9355 24617
29767 25124
4472 23432
21787 7807
20140 6562
3251 13474
20173 23320
5365 28400
24089 26376
14390 17406
5789 5190
18184 18933
25767 30697
24659 31032
12159 23818
32680 583
31314 27080
17873 15076
4463 5519
12205 26228
6070 21659
12091 23975
2124 7351
23284 22875
148 10059
10078 25790
26203 5269
24286 15027
15955 21559
19405 4728
18115 30450
18639 8069
10876 19889
11104 18615
24591 31177
15536 23213
2365 21119
13489 14707
26287 17355
27502 21853
13288 2651
13470 26422
32631 28891
6521 14234
21361 29300
25802 30113
16926 26258
13638 24766
10995 6635
2588 18918
19392 30909
32205 12276
29227 11862
9022 31564
24925 24026
14604 7358
16379 22593
10015 5038
8792 29599
31362 8050
1257 26536
21361 8188
19193 21363
31156 27065
5533 20606
2860 4280
1771 14067
30892 28431
17767 30505
17674 27259
21438 11374
14965 15686
4279 19716
2568 18030
29542 7017
2464 9475
22435 15579
1003 8913
28346 6428
20162 12863
10340 26483
7097 887
10230 3315
14068 29895
6617 12287
10300 25159
32058 9486
27217 6333
13826 6316
11394 28605
31497 6850
21116 20245
29830 28438
9824 9064
7883 18197
28952 1560
17711 18641
27882 7273
10571 1862
17997 29156
10857 20449
7932 20986
313 28995
18250 25834
25542 24386
8629 5093
9641 22576
25789 30831
10364 28512
12023 23304
12434 8423
8541 1292
29157 21152
29672 27096
26960 26227
14433 27438
22015 16854
16244 15579
26403 28307
21510 11158
29162 14540
16584 19244
17326 28221
21516 20442
25709 8898
21976 5882
23929 7705
9273 8931
22640 22248
27098 3594
10863 7938
8917 14701
8067 25830
25545 14897
6752 11913
5933 19081
23638 12629
9444 16859
2432 11121
14353 22558
15679 25155
5932 14471
17126 27187
16982 10084
18103 7090
19433 16200
4879 22907
8020 2408
11741 3097
10790 30021
27224 30378
7016 29579
17138 18658
11568 14393
3975 4691
11379 26627
27611 31467
13083 13557
25155 25790
18521 11864
11938 23301
23357 18393
11671 29287
19332 23528
19445 32376
29873 11615
2676 16512
28511 11364
27046 29565
31957 656
21036 22891
20699 10833
19753 11714
11724 5516
8439 8513
1773 10119
9753 17130
7421 1543
26737 31310
18701 1461
26803 30474
27026 13766
4634 14738
9657 20187
14426 6445
31482 2342
12757 27457
18672 7631
25105 12241
20328 30614
18538 26436
21176 22201
26372 30056
23122 27672
5636 13750
15768 12183
5888 9432
29426 30148
31923 17256
21790 2234
15094 5627
21192 18501
29420 26206
15451 5446
20348 10783
9238 3161
1540 12879
1122 21430
20299 2183
8291 85
27832 7465
21197 22102
3522 10984
16121 26783
10664 29579
6200 23495
8546 14829
29543 20531
15831 7497
22211 14206
24144 14772
31743 6430
27437 12779
30868 2629
24791 1615
16473 23814
1781 23854
13907 19129
10211 8260
16334 7584
23647 4994
3500 7627
16262 18702
4094 17720
7936 5770
18385 32575
31607 28569
27466 30509
27981 18847
4086 14896
16782 27849
20315 12403
25379 22094
6611 12681
25673 4084
11162 14351
15426 8405
22565 30861
3402 31587
8117 24478
1741 3242
17197 15185
14295 20693
18976 5070
26060 4340
12079 30525
15193 11772
9874 15587
25514 7439
13044 910
26078 30974
31876 28468
21688 19725
7753 27095
9879 31990
23989 27563
18856 28208
126 3707
18522 22128
13481 28745
4626 21361
16104 10549
15393 12273
25381 22688
20211 31228
15199 3472
29576 20076
28853 3670
5416 32177
2752 17263
19283 28110
18726 18857
8184 23972
15212 28550
1511 28019
2828 8677
4999 4254
11208 3039
21964 19630
26173 28144
20324 27034
28859 28759
30769 30534
2644 29887
20732 19529
19507 11038
24424 25075
9520 28126
9764 12687
13217 10555
28005 30437
29042 20972
28564 31747
26232 12037
15939 21053
21762 31516
29542 7283
5297 8362
704 20114
3978 5557
16283 1629
5450 6828
27324 24942
30969 24723
23702 29815
11458 23135
8126 18382
20482 15780
3999 32041
25503 30317
20335 678
6299 4715
11618 30478
27881 26451
17949 9050
2687 30849
31853 11638
7340 24545
6457 26694
4012 15887
10165 25831
28282 30141
25049 10551
21221 13910
16658 12183
7142 6624
1847 5103
24113 23079
21438 4595
17162 24856
6448 14501
18778 14443
1754 30491
7426 7301
15046 26243
30831 13980
20457 30052
17518 16924
7326 22567
27202 8521
13651 25301
3061 9510
1922 12322
5867 3222
8420 14763
25789 32450
30433 17788
24132 1210
16970 19669
21747 18015
17226 16430
1642 3712
410 19576
32329 23107
23797 1446
19010 30663
460 6764
13427 30727
5690 30022
30706 30722
13114 28349
9129 1305
32280 29926
8036 8376
30245 19499
1832 10040
19119 19789
20679 7684
19760 17578
28593 11515
21446 22204
27405 18198
8163 3555
6664 17995
7494 30052
31341 32433
3370 26033
21879 3300
29117 26091
9955 25515
19923 18085
31304 23768
3292 23019
12971 20848
10003 27778
28750 32012
22009 25714
2250 12415
27906 10434
17757 6073
10894 13955
23429 5868
5402 1808
21454 749
14520 11155
21224 14556
22716 16843
30972 22791
27065 9741
19264 10508
26540 1673
23498 24894
23670 15311
9122 26954
10896 2706
17178 18459
28666 12971
7266 19194
5492 28512
31831 10234
24049 19687
17820 8083
2633 30502
20972 24973
25902 26045
32174 14623
19297 2374
4554 17497
1061 24027
32700 15039
32245 1753
9191 1847
17266 22500
555 14629
15519 28460
12473 4308
4176 17646
25894 11032
14816 21565
22463 4145
10019 16642
28957 10739
29339 8002
30201 25892
3567 16287
9537 550
28824 9506
31850 22741
7902 2103
5641 5043
7427 2809
22173 9795
8894 688
23471 690
8939 31384
24862 21180
31616 21477
4276 14286
25027 9987
28668 22120
24250 18978
24664 12486
28643 8434
25934 5311
8230 6571
9507 8429
11528 31569
22443 9486
3105 26934
5983 25002
25808 16320
18608 27383
21037 11884
2971 13049
319 13075
27518 32493
32624 23149
16682 19432
19773 27091
31545 26300
2354 22089
16546 15131
18198 11451
8586 7679
26467 20359
19037 5960
761 11580
27934 28327
16146 21665
21755 32700
7545 2554
22565 6523
7415 16774
7134 27860
15886 9036
24276 20115
16362 31768
15789 20613
10645 16320
9699 30172
29546 171
27346 1748
25804 148
12559 18327
31256 16012
9212 5726
26327 9790
10649 13530
2105 17527
2205 16594
23487 9446
13510 8205
20023 15648
13677 25458
30445 2278
23133 25966
4896 15275
13029 10134
21939 11089
31532 13198
24357 22580
29637 809
29123 13929
22403 13265
13852 7240
25487 2346
9142 31271
9655 754
25087 16233
1289 2604
13702 4280
14497 31101
19819 13198
8383 1238
1301 21242
13853 17491
28194 417
895 26211
13988 7427
23947 19754
16266 30207
19675 6947
30556 25241
24145 29450
19756 7420
19882 28409
20425 5051
15958 4817
19765 3932
30343 15835
1625 20759
20617 24495
19192 3803
22097 29781
4578 28818
15192 2987
24938 29350
10410 24582
7193 20932
3897 16412
1444 25568
29816 20514
5148 633
27941 26161
24933 27166
14950 1518
20713 13105
15640 16234
15757 18411
13156 30023
17381 31648
29843 19997
31907 10052
7971 21787
15190 28463
27930 3570
9553 5661
8858 32750
13544 377
19126 31846
31971 21211
13956 9303
16428 15055
29299 29004
12747 26840
9695 17793
28948 15540
4323 18247
5663 7394
7279 2986
25209 5730
12442 21586
27161 10684
17721 25767
18582 26947
24752 12857
13975 19611
30984 29790
5002 23929
27458 22301
14233 8618
31979 21834
8665 26199
7153 32243
22213 20615
20661 10491
748 22245
5729 24325
13798 2244
3452 30867
18828 18016
15548 14447
18793 20070
21531 25931
28267 17591
9772 9892
734 5737
19376 10476
17051 24335
9573 19687
2941 13115
12318 26198
29205 29761
24344 19923
3743 4413
28812 18940
5684 22871
28801 5075
5185 17221
24036 31333
22583 19986
9690 27050
27524 24350
26965 22701
9155 16743
16614 25324
9519 10758
29394 4354
26974 26109
20327 5251
7724 5423
10128 31528
28917 5808
4520 7468
6663 2623
28812 19189
15446 2833
28916 32247
28018 2001
28931 4310
31159 23524
1564 17098
14531 3569
5368 2632
1582 22433
12277 31455
12917 23203
12209 16992
54 9972
14808 321
419 30301
10810 579
27185 16701
4641 5459
10384 4232
16865 4526
23776 12560
4272 17225
32546 11267
22200 18288
18924 10421
19819 7341
15713 7072
18967 27115
20065 26282
1722 16603
5629 20134
27927 24471
5422 27164
6153 13702
24774 27981
32536 12159
18854 30578
74 3889
21810 17733
15419 20930
6658 27842
30832 27062
21722 1583
31721 20499
18909 26202
6645 12482
17917 20002
24395 13881
21686 13112
5461 14423
32252 1575
4047 21135
8306 6546
30865 9545
15324 3773
3497 18053
16343 27472
1453 9666
13000 15447
3664 26398
17682 27276
6450 31166
9356 9177
27389 28016
9266 32281
8365 19343
3098 14111
7983 30504
9642 13817
8494 22618
22537 12661
22314 22275
26835 8165
19914 26777
13585 21536
3699 13653
30312 27593
11801 6295
26768 29396
15957 134
25352 24645
21688 28918
15112 20539
7264 11664
440 7982
9672 20268
29343 19061
26852 18562
9822 14859
11630 7682
23966 22418
19835 21760
30791 5784
1617 24084
27890 21018
19324 32449
21666 9030
20511 32340
24238 5509
14985 6671
16642 23481
13832 1159
30856 27331
22274 29771
28128 7497
1345 1478
21079 17590
24719 29799
18711 19330
21379 28415
12443 19635
18586 2922
8294 17572
13705 7537
28405 16133
28882 29935
21490 9763
1430 18227
31402 5993
31146 18342
6337 24871
14829 13229
23844 3475
8408 21969
19264 7950
19286 17438
22130 25000
12246 24008
20926 30181
11167 19477
1987 30914
31332 2678
3822 27891
19481 14839
11759 18799
27909 17370
25705 20782
13335 3967
27630 6193
11133 20360
17706 22980
10099 10810
9566 1024
16217 16677
22545 7315
23817 23559
26882 25284
22119 15086
10848 21169
17722 21405
27453 28123
4410 32305
29249 27877
24681 21764
4251 16025
24999 19410
24893 30764
9601 16922
2121 6851
31051 5319
1734 21045
30830 29456
30360 4371
18434 31389
17071 11750
12448 24299
12158 26039
2673 8177
18351 26581
12171 5124
277 20178
26750 18680
11746 10959
1833 136
3610 249
9171 19447
5447 25684
12407 2808
14447 3000
22110 20940
22595 2329
20979 31402
7065 1547
16596 26211
19996 10628
5669 12358
5954 2788
10537 22849
7551 22068
4627 11850
27065 1451
18713 28157
7931 21623
15307 29063
23149 20154
19619 23746
20356 8914
28893 6561
29814 6109
24712 8911
21233 19836
3294 24979
20748 10456
20689 8951
1662 4835
4070 26665
29197 27617
14150 5665
9034 22566
21779 18564
11388 18977
14840 19401
28890 28057
22788 666
8957 22583
22968 14973
1940 9029
4190 13235
20570 21173
20637 24672
9029 11621
20043 7917
8704 27297
130 29611
1436 22762
15094 1465
8835 25077
29061 25383
26797 4087
23056 20571
13334 30752
24714 9908
367 11877
8526 1646
23315 9859
23990 24518
4670 9793
7913 5982
6265 11509
31476 18914
3417 29769
12317 29420
21609 28223
2675 31525
18277 25715
18346 29102
22697 7329
27942 29886
14824 9830
17494 3468
23329 13899
28995 879
21967 12799
22377 27203
6241 20964
16581 28688
26089 31693
31535 11750
32280 15111
24554 11
362 31126
31098 10585
26014 24256
15285 17889
3689 30416
541 20692
24171 2068
18541 16804
21602 14632
20850 1126
2206 27766
12316 20859
7861 29950
26325 10351
32631 2131
4369 29217
28452 4582
19239 3620
21469 19335
19551 20326
16473 16169
26444 11279
5849 5606
25692 9388
22622 22595
27309 9869
29721 948
27426 28011
11043 6499
16823 10319
23662 2605
273 26030
19708 9197
7258 2777
16462 25598
25419 23189
29984 21243
1162 20229
23123 19913
2615 19153
4139 24536
1217 25985
2490 4773
22527 22314
25244 22148
24188 18253
15589 26780
22290 764
15192 23091
20666 24126
27610 7468
2210 17589
13862 14797
28288 15742
8897 4550
17191 26201
3633 21615
1367 10762
7274 2130
8410 13823
137 19945
5068 29490
27844 16297
32315 1617
16033 4927
20464 6941
15207 24601
2187 32528
28882 12072
15830 20290
3595 14308
23635 15757
18647 28305
22039 12527
8975 18369
13275 17713
9296 21787
15441 28102
23539 8026
9652 16374
16192 24985
1443 10300
14302 2509
29487 3820
30350 8851
3891 12312
24090 2604
26340 10933
6791 6853
25768 2810
14482 10236
17196 21513
20827 30113
14000 19665
7771 3001
16550 5171
2459 3017
24956 16483
3624 27473
7350 3474
31938 14230
831 24522
30932 18084
14337 7193
16809 31124
8883 7409
7132 29707
17650 17871
28432 27907
26004 31259
27618 31950
1593 31567
19996 3159
22306 29276
3883 18860
7495 10314
7380 17849
16035 12830
26658 8022
26835 5120
24739 24453
1503 8093
12244 27380
29528 4555
18649 11466
12195 13163
8305 24224
29076 404
8490 4556
24127 8430
12241 24038
20746 8283
21549 22661
27143 20189
23021 14922
22145 10420
32222 21792
2005 8134
31585 16321
19587 17220
3613 23165
32645 2699
15345 4407
16864 18248
31532 32432
29304 736
2305 21768
22568 19215
1077 12161
12818 12751
8219 12679
8756 1147
962 5869
9789 32308
10605 6522
4766 31108
21059 20388
17379 25921
25160 26779
31300 180
14476 27017
4983 8955
22435 20504
5833 4524
29268 15926
18285 10939
12437 4885
12564 26014
16568 5493
25278 28590
2271 4901
19407 26577
3253 6599
28517 32086
23392 11477
25065 30240
6577 7393
17636 24583
31902 25633
13588 29051
18419 11306
24256 23914
9540 24828
11336 7780
26406 30015
17152 31998
3231 15308
16958 21876
6362 31343
30898 24722
4895 6635
1014 980
17155 5951
3686 27852
31964 6696
7986 31684
4728 21735
12466 16805
15375 4420
249 5399
3445 3795
20652 746
19348 5750
1045 7605
13850 26403
23155 28860
6511 24552
12180 6679
15594 2860
31654 20497
324 28471
1355 21967
17229 18421
31211 9010
22237 3574
24654 17405
11790 28346
6506 12859
168 6700
25465 12251
2013 2412
4943 25502
8759 8913
30699 15667
29646 24367
7244 25760
22206 21589
23430 14563
12248 18650
31508 8665
31640 13594
16240 14688
10071 21883
12001 4024
2754 12789
30356 3888
5515 16081
9711 17150
1375 31408
13346 1390
14359 11728
1023 22847
28210 11915
23051 29257
4483 20256
30933 12644
21543 22710
22406 6022
15290 14238
9914 29739
27850 15577
6030 21242
19084 6362
6394 27813
16078 29580
32610 7953
15917 17815
19047 12471
23688 22240
32003 25418
1461 1614
15317 6553
11890 16084
9657 5304
4510 15788
6812 3162
19881 3552
25743 9858
30281 23823
30489 4699
28270 3438
14546 19043
7801 10509
2861 16847
23208 6748
1174 300
3541 19949
4285 30274
31841 8571
27441 31549
13163 17452
10288 22799
30789 27667
16318 18704
19496 1273
20212 14823
22566 15453
923 23470
21857 3769
26105 14161
17787 14855
29931 21815
3917 14724
18484 14117
21468 11956
11541 10591
3976 23462
28958 12048
23431 4729
20291 3563
25490 15903
13106 15635
25566 26721
18148 15160
17230 24867
32370 4099
7655 27370
5675 31925
21380 4251
14051 8203
28363 2182
13453 4452
30815 18594
6925 14117
2647 12314
32071 23645
14320 27145
14972 18853
7550 28034
11734 25931
11433 16084
31809 7855
2261 22028
29821 10476
2018 20155
13681 18619
11030 17657
3779 14741
9303 937
20389 28184
15262 26623
30706 12204
10408 7744
32633 24934
13551 7113
10137 27181
14808 31315
2830 2587
20270 6261
24586 7973
15823 9066
8327 7423
2725 28181
3292 15418
11736 14658
15503 9392
19010 20783
12651 5921
31012 9291
8402 23070
32279 14141
26452 28198
30533 6696
23168 19728
24024 17198
27897 14504
27315 29235
22733 23709
13152 483
17411 18331
4938 18934
4979 32692
13613 30386
24539 13828
20682 31154
16686 23957
28895 30695
25647 10624
21846 22748
7743 13909
17853 23358
29555 25277
26614 21147
17130 7006
28464 29290
3422 7679
14102 19020
2552 30701
8005 22417
32105 17309
15108 20478
1846 27026
10543 2509
22867 26753
10357 9462
3572 26804
15300 22957
4000 7852
29440 4140
18311 16650
11259 9650
1557 5552
24482 716
22983 23075
20340 26323
18494 2867
10041 3254
7570 20447
26352 3321
17896 2931
10505 8446
25927 23283
6356 11140
8615 444
11578 10861
21323 2409
31659 30148
3921 6388
14167 28670
16520 18205
12449 2944
17025 27664
26832 18786
13033 13890
3592 5491
27925 1692
29562 9085
25567 22491
22999 12746
19889 13623
7178 21734
22239 1090
5158 12455
20026 9748
19613 17003
32738 13221
20916 8353
12891 22906
14131 21387
31203 5764
9825 11073
22019 25157
2095 14074
19813 32308
8116 16775
31717 30307
10457 30496
18154 5471
20310 6243
11255 20311
4573 24218
23933 26753
26004 30013
8692 23226
11721 11448
10537 15981
23522 19053
19418 15029
19346 6653
27008 16582
12115 9155
22636 5769
8464 11426
7189 29830
11041 25345
21937 15111
23933 23827
8962 634
17195 19548
24435 2840
19450 2673
31587 20420
32370 25343
24001 16438
1546 16142
985 26200
29084 5511
21357 31472
13845 17652
21256 11648
18801 14984
15503 9066
27111 2655
7705 29272
25952 23814
32000 6619
29998 22078
12089 16467
507 22781
24288 14094
25599 19638
27671 2484
29559 18394
8465 7394
32082 17311
27754 8213
28717 15616
5562 22218
21889 26373
8297 31971
27419 21060
20677 19021
28877 11688
1873 23008
32356 1137
26208 30598
30169 7548
30179 6560
26060 24517
14720 2469
28717 24618
27876 12
2365 31858
23129 14189
8885 10125
32667 15075
5956 19229
29927 29620
27199 25142
19030 14900
12181 12642
20329 28134
12289 16361
30949 22757
7555 30287
22753 25218
27664 1565
23837 21807
8841 32485
18325 15260
14314 13440
5462 6431
20676 23194
18321 345
28909 31089
17134 21271
30069 8153
14626 6774
27357 30340
20676 24139
4996 6272
32604 23745
12898 21761
18878 31556
28152 15969
24214 28062
24455 10853
16195 22624
8833 1986
27369 29316
30781 11487
16321 27216
21486 989
1716 4478
25302 14293
23849 5273
25783 18272
28955 16810
26763 8285
17262 8724
16756 10478
25731 27581
18422 22980
24330 3438
15204 19869
17687 23165
22424 27146
4984 6569
29415 1398
24391 31557
14421 11876
443 15001
20996 30712
13891 28293
6131 28601
24278 19815
5861 8341
25220 26687
926 18214
23122 8465
28245 6963
68 24715
19047 21114
5307 20200
7753 16556
11777 5140
28608 14522
9763 25361
16468 4943
6911 21657
11778 32413
13469 21765
3121 31581
9667 10605
2279 11025
6851 20497
12861 21389
2712 16375
28688 15285
7729 19414
17914 17800
8717 11315
29056 26974
13832 29898
14477 30317
12149 31023
31776 15506
24940 25781
25409 847
16229 2447
12857 29200
3590 11061
8706 19890
5690 18442
19453 12101
3715 9787
32227 6161
11921 10218
2558 1752
8467 10892
26521 29275
18381 30095
14261 19743
1515 31808
509 30321
1173 30445
15868 15528
9667 5958
31886 21674
6483 23561
17812 27314
18521 18399
32236 12368
2742 32641
27041 2993
23276 4894
7774 19488
31792 30465
31273 1997
18113 28527
29261 1741
3705 29646
20120 24419
22433 19725
9415 10110
19978 29503
10303 24450
12889 28297
8702 31307
12707 16191
9424 9840
23354 4426
20934 15556
10438 16077
16612 30755
19607 26120
25114 23147
14905 5756
27254 25288
7497 22863
8599 31029
12936 6387
9061 13119
14126 11267
27135 22028
25217 1901
13301 14749
7589 23510
6840 29008
28086 8762
27982 23977
17428 23507
9034 2897
10494 2365
31740 863
29795 7383
7653 28887
2292 27756
19053 16240
17790 26131
31193 6043
8311 3155
29559 23488
8663 32139
13851 2763
12073 2705
17615 11239
24033 8346
11207 10121
16368 2650
20883 12721
24214 19564
26776 10605
22391 8435
5313 4510
20466 22146
6514 1790
12974 5689
9150 22370
27509 21809
1241 7741
5446 29979
28880 2662
20133 22563
5495 12571
10294 27675
7587 4677
24970 28885
29850 12797
26681 32208
24008 27472
19761 2839
13492 24639
9293 359
26930 11018
554 5520
3033 13487
3126 29469
32439 21677
20233 31287
7748 7693
20217 5319
30357 32163
1768 26331
22738 3474
18785 24139
25834 16910
14308 26012
23429 21350
17533 15908
19515 2369
29083 17775
29699 19239
17440 10722
24558 6724
7093 21150
10261 22633
25952 32424
22223 84
23640 24390
20520 13105
19736 12716
19855 16225
3762 7127
16847 1145
9830 20666
14657 22670
18803 16280
2623 21168
12589 21169
27099 7860
30032 288
14545 15927
24724 14340
7355 23263
29569 24286
14724 3556
2437 31546
7967 16591
21572 14226
16249 2946
8495 20847
172 13177
7512 13009
16245 12367
2948 15057
21992 22916
8322 31109
31330 8573
31164 25380
2752 460
25100 15978
6094 31922
22737 21054
17666 22498
3905 5779
20587 29832
20481 27788
22244 26762
1267 8675
10381 15630
20303 17291
16764 30268
26101 916
15023 18501
11777 13904
18245 7588
16800 10932
4590 21156
22819 25088
3745 18978
19026 27299
5261 16276
4611 25176
21585 31306
7147 25494
32367 17908
15539 25127
11774 21605
4686 15126
27552 27798
16011 31695
23732 2798
12262 9346
29389 22208
27812 27080
12130 4374
5151 14729
20423 24749
2654 1821
30043 8000
488 8881
7684 3081
22490 8173
216 1926
30264 4052
8989 15481
12417 4587
14708 23090
20102 157
10577 17424
14715 15582
16046 23110
32591 23823
27137 16347
8249 17185
6763 16885
23188 24062
2098 17494
26860 6692
881 22311
26201 17811
6926 23028
19723 27370
12269 20473
17191 26573
18531 18844
10706 17033
14318 1850
8842 763
28451 14630
32445 4782
2023 239
19860 26691
25058 6114
31760 534
25393 16080
15193 29726
12635 23314
8531 3349
30343 25801
14193 22233
1772 2666
27598 30227
31368 11643
6266 11542
3861 7319
5393 1546
26169 11960
1683 26697
29693 9142
24943 7433
12672 28170
20961 1852
26605 18904
32382 4788
10154 17709
22798 7819
16338 7557
29081 26306
18918 5776
32709 12584
7615 11829
5727 16765
16839 20952
13623 22744
11113 30936
11569 17478
25542 18524
2713 16052
25770 9296
31159 10767
16830 20906
22947 25513
29183 3570
29019 14303
19822 16385
31507 14585
4873 9737
31180 32081
2811 9429
3368 2232
6416 7250
14205 25877
21355 25935
18984 11855
29051 23681
27684 5485
10027 7882
28379 7932
16473 23226
25915 8369
4234 23383
12557 16976
2780 12313
31362 1484
5692 5689
17935 6832
29144 1836
7291 189
15831 4202
31031 15829
31816 22643
29421 11032
7769 29972
21083 7500
29130 30438
2914 27778
673 19993
19546 7926
17694 27759
6057 15160
7153 18571
7060 1417
3755 9836
15445 11400
17523 18741
1133 10510
5882 29231
28475 21846
20913 20752
16846 32609
28985 18814
26104 31384
30490 12751
31651 29876
9657 28435
5224 4571
14468 4692
19806 5131
27760 23324
15152 4540
27813 17208
23667 32705
30583 30652
1590 4720
20377 25415
32474 14850
19853 11656
15140 15933
9567 21505
29072 15696
13459 16395
30696 4606
27740 32283
7958 25854
11279 31299
311 28066
8150 26108
30192 9656
30633 11042
8453 29870
2682 4160
20263 5625
14768 29198
5390 16054
10455 13880
25800 18066
7574 23393
3409 22504
7137 19048
22627 27434
4719 19690
14991 4482
11119 19720
18829 21177
5495 17002
27857 8791
22717 28803
31838 12300
3209 23063
16863 5966
234 3579
4084 12868
12457 12573
25546 5091
3963 27076
17646 27991
2170 4120
22371 25252
16598 18404
21490 4749
29384 26523
23233 21941
29896 20633
21543 30980
16640 7340
21439 30540
4352 17619
12731 30252
25011 9541
20091 2613
29586 693
13407 1612
6935 29909
3033 23119
30069 23065
5574 17660
21894 14525
8190 23822
32005 12553
10281 13736
30205 25812
8405 8695
8321 30791
3270 23572
18590 4067
25741 4903
22670 28613
31325 9426
31534 8233
20505 1485
17075 15150
5041 7629
10136 18393
13743 6827
29658 18011
19981 32450
28264 20887
17226 28313
23253 31199
26557 450
8529 15614
296 6913
13015 16252
28304 2993
32168 11037
24652 1636
1527 22187
22109 9418
30438 6901
22781 1236
16305 31000
8058 16664
4393 30205
6469 18552
20325 20259
3398 22782
19380 27807
17267 8715
23253 13409
27809 20913
7019 8888
15514 4445
171 19481
27247 13753
30040 11292
2832 9680
10993 26055
31257 15732
26921 22799
17647 11996
29079 12700
19468 10130
19375 21197
3735 15501
3313 17660
21560 24985
29024 2051
10538 28672
22582 28414
24722 99
30934 26963
4367 7145
25602 23792
16274 2204
9550 30164
11376 13583
6356 3793
30389 1860
18730 6032
2492 4814
27025 7125
2300 31283
16495 20484
11813 32660
5632 18149
19820 2192
31560 13476
29730 6501
32076 25372
21900 2904
6273 15188
31215 600
133 2122
25578 26078
4109 22256
8200 24855
29983 6005
29334 11845
28033 25541
6066 12643
10097 3923
18853 9735
6806 25622
371 25741
27959 12497
9648 626
14763 3224
7060 20990
18448 29584
28242 1318
4160 8438
166 30640
6145 19043
31917 25752
380 8270
30202 2739
24049 14290
29158 1170
6312 16817
18983 22441
3627 12954
7589 32432
9138 16551
17289 29514
29407 23082
29846 31461
23979 31145
7868 15073
7841 31527
5866 22516
10570 22181
7461 9421
28392 25577
26327 9207
23398 2942
9065 24833
7824 2300
12051 25820
5504 8842
26611 18820
26712 31136
22877 12514
12343 22802
12659 8946
14693 9290
13557 5921
13777 19412
9562 11513
29630 27425
19743 22527
27833 29572
9823 732
16590 2177
20388 28092
29179 28999
17149 19444
29669 17275
848 25831
25546 11063
13298 15402
31927 29779
20085 1254
7163 14563
27329 25726
27099 22784
19814 18546
31367 8140
12337 21380
31565 14768
30974 9753
16397 24552
21196 1505
17645 23874
23831 10426
30797 20514
25954 9938
24830 19914
24339 22540
29870 19160
3459 8358
12967 27920
5206 28952
22202 10844
25096 32063
14453 22801
10441 28346
10909 5492
22923 5781
28376 8317
21849 25124
4521 7131
18666 5938
17057 18231
26230 7004
31956 8893
29128 19127
5003 6873
21141 8633
30520 8510
8460 15958
18095 22317
24750 31849
146 11508
23904 12630
26893 6837
24254 19181
30660 22120
9651 21906
25098 11043
26694 11675
5460 21913
16311 24570
13805 2530
15563 32284
30187 1658
5732 26897
22625 22667
9812 22508
13526 13679
10355 7533
3830 3440
28656 28893
5768 15315
1764 15930
25504 30742
27693 16788
17174 27765
25465 29111
10038 5555
2977 32266
4281 20502
12089 25527
1013 13748
869 24076
24144 12781
18669 13858
8186 28217
916 13756
32220 31780
15270 16753
20427 24726
32209 24078
12034 25688
3381 9526
22735 19924
31678 27979
10636 26652
7346 10386
17361 31534
1414 16273
14312 6519
4342 27324
16257 26261
6229 20305
24999 15201
22305 25473
4851 19245
11482 24016
9728 11850
12564 13246
8222 30158
19916 27559
17995 11411
21496 17896
30303 27011
15969 323
8326 22291
5813 16005
29939 21518
12504 18277
6611 4500
12412 15536
32128 21090
3313 28579
6392 12116
1854 27288
13965 1319
18032 27878
4318 28548
3634 24066
24069 30010
17310 31722
6930 18892
13395 18627
11193 18475
21448 31680
8775 2756
25312 31047
17370 17597
13758 5711
7378 16508
3034 11021
14723 10090
11860 14543
22316 30454
18569 10024
8493 18140
12005 23629
20084 17575
2040 13503
13113 2164
3019 7722
6891 9978
19828 22925
32362 9415
17128 10396
27254 11980
32529 27235
10856 15388
21024 27435
2847 31985
17445 27553
19006 15088
7644 9013
1429 3758
29642 16833
16092 3698
26505 13419
18343 23101
4961 12748
10646 10503
21528 20818
24268 15180
25866 12770
28323 22215
636 29634
17054 12158
1581 2487
18336 25086
12846 9578
12123 25320
7668 17168
26122 1964
31148 6218
4195 3221
7118 27210
9671 15366
3317 3896
31421 6915
1518 7892
20382 16114
5134 5724
14226 12451
22473 29616
27578 143
4481 2996
24239 28765
28828 8182
9260 21931
22745 30609
263 6666
4580 32593
14182 31818
5416 13591
25391 30457
28132 25215
31424 28710
24449 27329
18401 5738
17955 12245
27894 3882
25982 21211
19066 23062
6635 21433
22696 3573
8122 21510
18811 21157
25802 295
1753 15453
6232 27063
24843 27702
27925 16941
369 6634
16763 23736
30068 27355
8800 22638
26043 14935
23500 19366
19874 14106
3080 28066
18152 31252
27895 882
15783 31341
18345 5140
8330 711
17966 10208
24890 3011
6056 5924
22809 8134
6820 11275
26163 11261
427 7107
21618 25246
9747 6878
26385 4721
32027 4345
5714 6032
25400 12188
21876 18795
12713 28770
29919 2574
21073 15962
29859 23207
17862 20140
23328 6466
20390 27776
25606 19416
15658 15387
7041 7304
31229 14667
14765 27428
26446 29958
21072 6127
10532 22094
11464 27557
24049 25175
22594 16572
29803 20460
20525 20970
5015 27151
17647 20967
18726 1504
23766 12404
29189 4032
337 12444
4400 29621
3168 13370
2247 25872
27209 24763
26979 18766
909 293
19370 19005
794 18776
26657 21344
19650 24213
24898 32403
14316 18748
29647 13298
25225 13274
357 248
12362 7010
10580 27364
18960 21691
25518 16481
12709 2939
21150 11877
15785 7667
15867 7258
4559 31339
27933 4988
26441 25006
21232 13698
14720 13002
16454 1664
11017 9233
4210 3596
14036 3427
1042 5024
423 10160
15916 31295
24523 26040
6013 32603
25350 18965
15373 24823
1225 24188
18183 12041
16553 12352
20680 19490
13075 30231
9014 24912
4156 17185
2131 18756
1880 27430
26386 14000
26124 31776
8809 6643
4133 28921
28327 2552
8074 405
4360 13403
16495 13331
15750 6350
7628 4944
1779 5052
29198 11949
5445 31788
4108 18195
5681 22759
30780 19764
7163 28893
20007 5395
24204 15045
16922 25286
4805 28676
17183 13434
19475 18128
3371 28089
7235 6037
26521 18408
26008 29079
10199 11284
4891 25306
19552 23022
11059 30527
17386 19
28789 13039
13536 10641
1213 3068
22802 9383
17022 10054
16812 18125
16470 23708
5988 12788
13030 17956
11000 32527
8416 24317
27096 29138
7521 29986
2847 6586
31874 29330
2248 1101
13866 16814
14623 25763
27430 20706
7285 21541
16507 31111
13080 4245
1274 19976
28547 23375
21782 4932
6353 24014
12531 26932
12664 14193
14527 26318
13875 6271
837 11561
18752 3690
17087 13793
7628 25936
11244 24765
14252 17095
21347 1167
21325 24026
29991 1884
2542 30799
23163 16829
1548 32044
20984 12677
23582 26745
28124 16292
23427 23622
31909 7500
27577 1776
28639 31826
18895 16033
9530 9942
14877 30230
17887 14886
562 28325
12292 2272
16142 19326
7870 26711
27538 27185
1047 27960
11060 9328
18785 23406
11511 24342
27082 19778
15003 2665
6960 21959
18448 30620
31030 8821
5937 10137
26263 24596
17327 30461
6330 26332
19275 19299
391 29146
26185 9701
2938 26005
17441 16096
23541 27122
119 3832
4059 23381
25677 26972
9818 22281
18296 2891
3592 26338
9808 17624
2098 4128
16300 7914
22128 18839
20238 8838
26237 7437
14106 9553
28742 30692
12365 16208
14913 28409
20459 19955
30720 31179
31545 10322
30470 26848
6893 26806
3545 7012
8931 28507
345 14356
16913 628
21583 27994
20157 12144
13641 31929
17133 20860
32422 5484
23840 24905
31981 16970
14651 29199
28515 28397
30150 32722
30428 18451
14680 29412
26321 31556
11344 31915
11443 6582
15046 12708
16767 8813
12994 1192
22931 30630
4779 1902
18112 17270
7170 5202
16544 4015
32336 17748
1833 5379
11868 23652
4995 1388
15778 221
19223 21963
17921 30287
26857 19151
15796 12417
4391 19736
18307 26806
17154 18588
21306 6192
7356 6986
8795 31731
9730 22254
1296 1483
5245 23125
25443 24208
16036 1457
26289 23977
12500 3646
22364 6607
6306 13606
705 30483
31344 26019
15722 22051
25918 32355
21892 18633
6339 18992
2451 28596
20924 27600
22372 25979
12421 16682
14147 23263
28134 427
5999 18513
21039 7144
11211 22708
8839 5765
26070 29027
30849 30805
10461 31606
14320 31682
3696 21057
5885 4464
20242 31518
27766 30237
9012 2669
14441 24524
12389 23000
6898 1570
22211 29660
11601 2576
29365 22660
28991 178
26332 32632
19075 9591
582 15159
14016 30595
5861 24993
14225 18001
21568 23992
8919 29085
14953 3751
19794 24705
14639 6148
17263 29662
20372 1874
1121 30717
16258 29386
29555 22902
10681 30043
29597 8529
9740 11247
24917 31852
11213 6128
24231 21020
24198 2826
9608 11799
4841 51
21608 402
8202 1513
26886 32678
20684 7611
23944 6392
2457 13579
7115 23193
30295 6930
15096 13355
21655 6181
15192 26950
11791 2614
13417 12826
5962 10909
10545 20309
18078 24857
30418 5447
5983 18449
4447 12867
19794 17952
750 13385
11364 24785
24814 4579
14492 11431
11195 14925
12879 32353
19568 28888
8851 16763
9469 30608
3061 6136
26233 19741
4975 10079
8633 487
13716 14084
17953 26750
23566 904
698 9528
26442 27555
15749 24860
114 23073
5391 9214
18332 4395
8262 6636
12865 15048
24715 18377
11760 25252
6664 29496
23363 15631
1604 16828
29971 24392
5364 21277
14312 19708
12053 23309
23987 32522
12343 32267
448 18313
2588 30088
230 14092
18049 16200
10753 26404
23356 23564
21154 20007
1159 24942
9220 48
6556 25356
13378 359
3970 30440
16328 3459
7718 22799
5895 30861
15277 29305
5230 3302
25097 18225
11925 2699
21194 4021
31419 11160
19767 416
13170 21003
27294 2950
6041 17099
5352 2080
13707 4585
19312 11433
30358 9253
10774 13959
32431 27060
26255 7214
13411 13888
14335 17730
1297 23089
23753 3579
14679 24875
12965 6606
28106 6615
5364 14666
1002 19175
30033 26432
8021 14676
25193 8486
826 25578
28940 7869
25617 6151
15236 11506
393 17312
27429 12290
7362 10372
37 4322
7869 21733
19374 6622
785 1300
20530 1664
23263 21132
31743 19123
31751 21554
29203 21800
12444 5083
21809 20729
31382 32015
18740 10893
16327 10509
7844 23483
29201 11278
23687 17202
2005 18382
7289 2840
22702 10057
27903 25329
12896 1986
11801 4291
14859 29450
7190 7543
28069 28415
31916 8323
22950 18003
8776 28358
22277 20111
14755 12467
25956 20311
5526 9138
30088 28399
27951 2755
14347 18430
16388 4709
17493 3218
21703 11190
11208 23141
1563 8923
19771 9311
20902 29858
31914 21851
23912 10086
21291 4142
26443 11060
15140 12517
21243 1323
3260 29519
18935 18985
20111 25276
8681 11428
28326 30467
32051 8661
1958 714
22986 25116
1607 22273
583 18592
17160 16304
5435 22070
25634 15859
5827 23428
7098 9026
16477 3686
5722 29174
762 3728
11682 9993
28501 7541
13115 20766
30850 3432
26637 6337
17610 11265
29618 7663
182 11203
28714 20185
26730 20731
24016 7141
31540 26091
5004 11510
3429 14888
32587 31725
11360 12609
19116 30832
2288 9377
14332 6378
23519 7351
19301 31954
30916 9556
5218 1073
796 16724
11126 94
31132 16768
14366 25100
3014 691
4868 2183
28091 22332
22645 5691
7760 8068
32533 28278
21347 22001
18130 16495
112 4617
5142 17286
11103 18139
2881 2253
928 16538
86 1480
28538 9612
3828 15473
928 32290
28297 9343
6406 2153
22210 14824
29938 23201
2118 21669
14166 6442
19875 11701
861 17320
2184 13668
5700 23903
7990 7885
16491 29919
24113 17566
29868 20198
8763 19227
25067 14466
24194 9062
19182 17526
21273 21501
4207 30687
1957 10884
8560 10775
24153 15045
17871 7130
21284 20213
30490 2471
15144 11576
15268 15721
6255 22120
14297 25431
21977 8722
27086 9753
32601 23490
17181 22060
19041 17793
5359 8327
667 9115
602 6271
11994 13734
27886 6376
592 16575
3978 16509
28161 3863
15220 3458
26231 2223
27561 23719
12728 18783
8818 20272
20853 22557
17720 23635
23940 25468
27289 4577
25233 10099
20156 18473
6416 24672
25057 19738
2165 28492
9532 19111
27304 4977
18947 27760
25523 23801
18118 2206
25022 15625
22271 20494
14654 22270
6378 18867
20841 30455
15766 7477
29933 20883
32572 28894
6881 28924
20945 24247
15356 29476
471 17646
2053 32078
13688 30075
3978 2257
981 2307
13781 27928
5788 22781
32540 19182
2520 25875
3832 15608
32270 10187
27416 29059
4229 7782
22071 4481
11749 2057
22347 6349
29444 8218
16640 951
4092 22509
19812 30140
24961 21408
8676 15765
13425 11843
20343 23156
26541 18748
8985 26250
24616 10986
23163 2764
829 12425
4345 24567
11078 5974
30924 24785
19050 8435
13441 20914
12214 22284
25769 16708
8815 12859
15827 1671
18343 10281
15031 24600
1551 25847
16052 6322
23564 13276
15485 21749
23565 23311
13583 28262
17179 28391
8934 32696
23986 24640
9584 1610
11983 18978
194 15600
3402 17053
17802 5110
11110 13047
13636 27234
15527 31498
14001 27770
11747 25575
28293 15238
9116 9663
20576 17111
12941 1284
15360 24072
1667 19147
31413 13444
27502 7285
12565 28232
27832 30350
6384 9707
32469 20213
6023 15323
26396 8765
1016 28393
21973 28756
12797 24072
26259 27746
5334 22353
31428 25588
3716 6219
8838 8538
16184 25450
1980 19789
26891 3797
3937 5078
15343 28780
9501 4203
7654 19210
25878 17754
17266 8455
6153 8811
11340 4098
13721 24256
22616 6621
24807 10753
18649 32520
4962 30902
8674 3587
27105 28660
13 3102
18415 13372
22126 7044
17765 8096
26826 17015
6719 8999
13829 30685
31912 22387
26330 22780
9559 161
5327 27778
28190 2417
32103 5832
16064 14759
30105 9047
15364 11185
12673 1964
27911 17801
13398 17208
19158 14557
31900 171
28220 20078
16538 23666
20441 182
20239 29822
20084 10701
26657 9544
28563 18573
8854 6162
3656 8437
12614 1647
27725 15307
7376 22277
22867 2437
17805 30610
25752 11370
16834 6189
19640 11765
27674 11215
8645 9082
13907 21009
19865 1547
5175 3639
30315 16797
4814 28526
28577 16231
28626 3666
11493 28555
17763 947
27515 5624
7676 15513
1490 24207
1190 20357
9561 31877
25963 14074
18067 22792
21006 5436
17262 5413
32505 25944
22481 25321
3191 15716
21620 31174
28707 1544
29684 10809
4769 19262
1575 21674
30091 2645
26029 18324
30126 8508
27591 18661
32119 17149
22124 20136
15272 5512
21658 10977
12879 23730
11499 11960
12793 22141
12904 2266
5411 11418
31649 25373
20465 7980
4094 867
10275 19663
32592 29632
10564 15321
6059 30175
10532 2272
11640 17825
28809 24188
10694 28424
23586 6733
21217 15188
2492 17216
806 31083
26040 13583
16917 9598
11453 9479
29608 13290
13738 25614
4579 860
6095 484
9389 14905
348 13737
27614 4925
21017 12192
28569 23906
20056 14386
27356 13059
32297 16438
17493 11329
3276 18031
2424 4262
15468 13910
8142 19464
16906 9242
8336 10928
7607 2534
4724 8380
17158 27234
30151 8386
9665 31868
22204 17846
32475 17512
23044 21518
23974 15845
30622 22051
22854 31683
22513 22491
30310 24738
1816 1413
5417 21756
29309 12804
31587 7782
25769 2096
20234 15378
29530 27513
5351 27801
5078 19406
1937 16631
18816 28861
23196 24791
8873 32731
15886 25618
30632 16998
13842 25970
8237 28201
6897 12987
4818 30112
21821 15852
8947 9053
10832 13250
20672 1194
11509 23422
24464 26480
9828 9192
9849 28503
2932 404
20253 1583
21004 612
30406 11151
15066 14926
26038 26555
25416 27999
20664 26059
13228 6912
22779 30986
32191 20089
15904 4509
24401 22707
30354 25701
15675 22338
8726 18982
27284 11426
2723 6632
20520 19905
10099 669
10277 2238
22106 10245
8728 10481
16215 1743
792 7211
5737 25601
5697 32063
12195 19353
357 10177
6531 25204
20989 14605
12672 3952
22118 8843
26338 16334
5962 12594
8150 19162
1372 11851
29890 14541
12104 32120
13782 28914
5097 23540
28388 4872
25789 9500
23921 32744
19607 16431
3340 21863
3732 6994
3550 24958
4432 22487
31107 20648
10842 3006
14872 7052
15845 15484
18325 30684
1728 30460
20317 20605
6792 10468
31252 2280
32284 7961
17329 4048
24145 19845
6612 1285
16615 17432
13401 30360
16828 29964
23597 31040
12352 12398
5216 8188
8489 30938
22908 5882
18536 5510
27414 26040
12123 1409
21410 7273
6980 14397
8844 28826
14330 12108
3204 3349
23262 28007
26137 6405
29201 22196
11401 14940
29668 26185
4311 6002
25232 23788
14623 7150
14376 19740
11303 1258
20171 10326
6966 30802
6430 12689
32297 11149
16121 30987
13763 23904
29281 17735
10309 9999
4279 3414
3134 26821
25646 26711
21925 21813
6531 5690
31013 24706
15848 1481
31160 5724
22849 31720
29815 7021
30866 16411
7857 24051
15544 29258
27194 14766
16728 28097
17413 4860
28694 23931
8437 11587
5127 26016
19697 16527
16744 1612
12343 4732
26000 7058
32498 5719
4899 7873
1806 22656
24201 3301
4171 14610
24222 5777
656 14790
9643 31964
18051 25365
18070 16298
5206 1181
14933 301
9443 21702
14760 17067
30972 13221
24328 24193
11004 5409
9434 25448
32418 22100
5097 13559
8992 564
13843 5481
23406 18802
8515 31905
228 12706
11935 24683
5128 16285
12802 20997
20389 8483
17836 5342
29213 6597
32312 4765
12543 14082
6863 20581
2780 4017
1436 18775
27479 4767
14463 21081
21884 10360
23046 27414
2131 11499
9881 8262
20916 777
31220 25392
860 18670
3291 31341
15937 28324
15112 28654
2083 13380
25961 8257
24420 21342
17544 20239
16665 22427
16203 25834
21857 27297
6621 14917
13814 5943
4332 5060
769 18346
13589 13239
14899 879
6812 9441
1041 12297
12641 8829
27535 22830
22799 16771
13281 17445
1431 16167
16526 21106
2013 6306
17350 30645
20144 20534
9973 18128
13312 876
24984 23112
10827 13985
12880 7150
24153 31168
28212 12222
8489 19025
23148 1543
11819 22195
17404 22732
8624 1701
18909 6250
13214 27916
3410 2940
2664 1776
15481 9724
14909 27591
11040 23467
17536 21238
28123 29106
11129 4757
11091 5001
28234 31602
6113 12056
292 13913
20316 23580
5562 1683
303 21197
18422 5549
8878 13758
747 11387
7082 13060
12812 32091
8514 16538
4763 25534
13053 30724
14692 15589
28182 21811
8362 15849
11031 23721
21090 27390
6569 27869
