50000
1070
1655
1421
1791
3761
1425
3215
1776
3324
2523
450
2529
844
2106
569
3208
3422
2373
117
356
2410
3903
55
1412
517
319
2447
557
2289
490
2089
1385
3448
1085
3103
1341
3983
2051
1914
3323
449
1662
3461
1066
3981
2584
2635
953
451
2207
1506
3043
3511
1586
571
1156
3906
296
3411
2751
1654
3252
1846
1820
2122
7
1182
23
2105
1497
2903
470
36
3772
1941
1394
891
1717
1235
3647
1223
1028
2492
2402
1963
3077
1564
2510
330
796
2526
2253
3874
1033
636
3134
1263
2754
1255
1868
201
3638
1081
68
956
227
441
856
243
1926
107
748
3292
66
1759
995
2170
3324
36
1023
1667
515
667
3635
2859
2896
3387
551
3664
702
1108
2696
1160
3208
445
2620
2267
2465
3826
993
315
2633
1616
4
360
2757
2536
2287
2438
3421
1114
2396
2236
304
435
923
606
1728
3965
2613
584
239
2883
1425
3316
3863
3796
2324
3271
3005
3331
1522
1076
2184
2493
3888
1049
847
2386
2964
101
3158
606
3904
1250
57
2691
3948
3964
546
505
2405
1483
3517
2798
3238
2416
745
2674
1730
3459
3847
2747
2716
1188
2468
1384
826
524
1806
771
1694
1101
615
2446
2249
939
1412
56
3482
2289
3318
1976
3552
1194
1223
2231
634
1178
3479
3819
306
2450
2888
1501
3913
3706
1706
1033
3170
25
1298
340
1748
2030
951
3908
350
487
3187
894
1535
2378
3264
976
3327
2584
1782
2732
1015
591
3643
3910
3765
1438
2575
2760
2406
3287
1185
99
2438
507
1477
3072
3123
2954
932
2527
3511
2711
912
695
3184
2856
53
2955
2354
1031
958
1465
3163
1597
2523
1396
1170
3065
2885
82
1294
2581
24
2632
816
1901
2033
1413
743
3868
2854
3856
2873
2923
1196
2143
2465
117
1688
1560
654
3087
2170
3061
345
1825
229
1426
2343
1918
1323
2747
2646
3609
834
3546
1313
2168
3455
3080
925
427
3240
3858
806
1747
1676
1240
2871
2811
3238
2735
1783
1097
3325
1535
3558
280
1790
466
29
801
1986
1668
1833
1128
1764
3790
3210
2041
3271
2417
1197
3892
1375
2500
549
3655
692
1526
380
1771
504
2742
1751
3477
974
2601
19
3200
3296
3299
3113
3529
2790
380
3275
3714
902
2847
519
3956
2279
722
3895
1418
3754
3838
2280
3597
887
3867
315
1768
2429
433
1834
1559
2302
902
3893
3939
2843
730
1067
3018
3098
2199
2506
1286
1885
1600
1609
1251
3878
2858
3718
65
3898
2632
1914
1015
3230
2310
3386
1162
3207
1836
3109
462
2474
739
1131
1650
1082
1922
1897
2494
422
89
2099
3492
3588
868
2487
3081
2365
3740
3457
2864
1109
194
1774
614
1574
3797
2389
1187
2258
1864
325
1095
1419
3985
464
3563
2689
3901
2653
640
1479
162
2264
995
491
3707
3568
360
22
1069
2143
2301
2690
2642
3187
3688
3214
838
1262
1309
1764
2475
2186
3550
3528
494
2157
3079
2161
3490
1722
2575
1594
1205
1929
240
3964
3526
571
3834
1245
1502
1834
1443
1278
1847
2287
1168
2705
2551
3883
1067
1932
1494
3474
2786
1035
49
1554
1633
1768
1639
1805
383
3197
45
1617
3973
2823
2284
2721
1446
1405
2119
1838
2646
3214
1739
3726
294
3763
3575
3854
2802
115
3038
602
1069
2872
2224
3227
675
1291
3330
132
678
334
2635
740
2241
2338
32
1247
1099
1745
2086
3105
985
2109
3730
40
1428
3859
859
409
2018
2672
1322
2847
3616
3842
3223
1841
1869
208
3859
3933
2108
2954
3037
1614
2560
3468
3580
1669
2923
469
3217
1831
1701
338
3095
1551
477
3295
3107
220
2116
3032
759
27
3755
2338
3416
1747
3812
0
1589
3297
2751
415
805
639
2566
808
794
1623
1189
390
1992
2551
423
1080
352
1536
2844
199
2927
1877
3442
1734
1339
328
1424
2587
3246
1383
2735
1188
1016
3688
3249
3953
2737
3478
3005
1196
1034
1336
1994
1492
3258
1076
1882
1947
3778
2020
217
1162
3476
1941
660
3230
2689
2795
3266
1528
2696
1226
1459
1333
2849
312
3839
505
2131
339
3352
574
2688
1275
2626
3784
2235
1613
2106
393
3990
1225
2049
3807
3723
3094
1556
2002
429
3853
2487
599
1008
3378
2005
3872
1109
324
837
608
579
66
676
1544
1715
603
1582
1930
2567
300
2999
2462
2176
2530
3596
3553
2863
1772
1706
40
951
2845
3195
160
2995
808
836
1519
159
359
1620
3836
3061
1052
359
3944
3759
37
1752
3830
3486
1218
3385
1255
351
3606
3593
1485
3117
407
1996
1045
435
3061
689
2524
3068
2351
1194
1848
2356
548
1627
320
3024
272
466
667
224
2844
747
1204
1833
1598
2865
624
931
2478
748
3029
3635
1801
2923
3184
2321
3870
297
3957
201
218
2295
1982
2509
1916
805
3115
1950
40
1579
1921
2718
1027
2879
615
3000
2995
1575
301
3394
3387
396
3488
1266
2153
1721
1283
3663
524
169
2732
2509
1928
2827
1076
2020
159
1093
2416
1943
2858
611
677
569
421
924
765
417
1351
2191
2429
3371
1813
958
3276
3208
3896
500
757
1230
760
1174
1469
3418
212
1148
3482
2205
1396
886
895
1416
3840
2453
3925
3653
2060
3679
424
3868
1514
2512
2904
3988
2753
2900
3066
362
1062
746
221
2021
3126
954
2461
3827
1768
1527
2958
1157
1504
771
3751
696
2451
3961
3683
3666
784
2426
914
3979
3640
3802
1676
3220
2768
2082
192
64
3208
2975
525
3949
3314
2028
1494
127
661
3414
2302
2595
812
2274
1375
758
1970
2355
1565
960
587
1588
535
1248
3188
2768
69
3181
660
2815
1789
3818
1304
3477
1630
2493
951
1874
2553
991
530
3951
822
2978
1444
1251
3094
1026
2046
3808
2418
2901
787
1933
756
1867
2748
2421
905
346
2975
1573
1248
1220
1221
600
1545
532
1387
42
1098
904
2101
891
3798
642
1174
2984
2181
1573
1748
3924
2879
3000
3882
479
2611
1219
1572
2771
3140
2828
1898
3219
2963
1
594
2522
743
2154
2656
325
778
1898
2773
3260
1578
2152
3111
1195
1440
94
3701
1174
826
1947
3593
2020
3690
2377
2390
2784
2698
975
1473
274
3283
2283
1642
3566
3171
1692
2740
2890
1406
3402
2211
2779
1456
2140
2224
1099
1210
3311
1796
2463
3026
2620
530
3521
3821
2730
2173
3894
582
1900
3501
2206
2566
3366
1079
2165
1816
1325
2753
956
270
994
2944
1971
3783
336
1676
1712
821
3109
3617
2952
1780
3704
288
2375
2992
1608
66
962
2986
1595
3077
1395
2855
1626
2512
2829
40
785
1326
1113
295
157
296
3838
2267
3980
1545
3006
311
1760
3444
1349
3635
2529
2566
2949
1536
2192
1697
1551
832
143
1905
3721
287
992
640
3385
2449
2376
3515
165
147
2834
134
819
1224
2935
1381
1815
3344
3426
333
170
3331
776
3881
1573
35
2926
354
3528
1829
636
2302
1268
2679
869
1041
2437
2924
2077
2037
3356
23
3354
3681
2335
3771
1158
1545
1239
2874
744
3680
3939
2707
2548
109
3332
1220
3348
2661
2778
3649
3898
3642
496
131
1496
3205
764
3343
2270
3468
3249
2408
3430
3144
1159
2428
1519
1780
1035
1970
921
188
2197
2610
3296
1605
14
3009
3088
3595
2145
3086
161
3437
650
2970
1221
604
3837
1417
1284
2561
1726
320
2872
1303
1990
2627
2665
946
1288
1017
3867
1511
60
1552
2088
1454
1475
1371
148
812
2555
207
3705
2201
567
848
3516
2085
3540
3257
3870
3183
1817
1127
3185
3374
1377
1543
3239
1925
223
3175
2653
3144
1912
234
1815
1094
2821
2641
3710
2346
2451
3369
729
1402
153
2101
2240
1650
3439
1240
2216
1934
2310
2641
1266
2070
680
1867
1107
1594
1549
709
576
3519
1955
2689
3925
659
188
898
2606
527
2194
2844
872
3745
3538
3983
3977
3177
2410
2228
1294
2862
3364
1628
896
2286
3064
259
879
185
3310
2431
2394
2601
3750
3659
2135
3115
1647
3572
1069
2294
1186
2107
993
1687
2885
1305
1532
21
3235
634
191
2212
1861
482
2366
2625
684
1005
1999
1329
2032
3328
1391
1406
1285
821
3859
2786
1899
2392
2061
629
1570
3028
445
65
3638
1941
2431
2
1270
985
3924
3789
2374
1299
1419
1731
321
3166
1161
3066
2126
1300
3261
3666
1194
2916
3408
3149
1770
460
81
3619
3577
2923
13
2749
1814
3673
2772
2663
3664
2847
3283
2546
2023
3407
3176
84
1450
2699
1082
1950
2652
1060
1477
1644
340
2459
3660
853
509
3269
1172
3366
2717
1510
740
3467
1743
1249
3391
3697
842
147
1216
1270
2750
3212
3702
85
1668
789
1834
1846
1807
3819
3559
2060
2933
2389
273
973
1353
1279
592
2245
1654
3925
1015
3819
2747
3027
3535
3095
2757
404
106
1838
741
2313
2338
3943
1032
1355
3598
2341
2272
1501
2527
102
2056
409
1235
2014
1285
1419
2405
228
2400
3720
3850
2898
2491
2197
3124
3620
2428
3486
1689
3839
2590
3844
2298
3742
3233
1879
3105
2267
3429
672
2580
2790
3667
2411
1131
2783
5
35
3939
2543
3906
611
2678
2402
1122
3085
2096
665
3532
2162
2358
2910
2729
970
2359
2300
1598
2641
2752
3280
2733
3019
2171
967
1672
1679
3832
1673
1423
2875
903
2120
808
820
156
381
1518
3278
415
2084
1314
1501
3888
457
3298
1681
3438
1326
2508
3453
2228
3442
9
2797
3972
1704
3680
2266
3200
3947
884
1992
3952
2436
8
72
2792
784
3995
2221
2393
2106
3449
1803
3861
1473
3275
535
2280
596
1112
3665
3466
1886
2192
3976
1576
3581
1147
3800
2504
2486
361
2336
3239
3042
3891
3076
2150
1658
2429
1415
366
2190
3725
3537
2263
414
2470
607
3755
2738
3136
1905
1983
420
77
156
1858
2423
128
3336
878
3927
3649
1933
3133
1872
876
652
3655
2982
3433
3199
2387
3413
377
3790
2368
3878
2668
1887
2161
2466
1839
3787
54
3057
3392
1966
2730
3575
2660
421
316
143
704
3123
428
3006
3190
1870
1063
2458
3515
1934
1482
716
3228
3532
379
1968
2207
2674
2822
1904
2149
810
3103
3696
2065
111
3346
2483
801
2423
2012
2374
422
599
1534
2817
2273
46
2548
3457
206
2889
3588
1005
1426
3759
2260
1298
678
863
3108
65
438
3450
3861
372
2288
3072
655
423
3641
110
688
3549
3858
2483
1898
547
2559
998
2794
789
323
1294
1786
58
743
2060
3289
3250
2016
175
2861
2486
3966
2908
1836
408
3929
2007
1173
513
1821
1097
1081
1688
1305
3759
357
1163
3539
3472
403
1213
3956
2918
3161
3735
1339
489
1258
2514
3826
557
3353
3725
153
2400
469
3711
2455
2210
120
2541
1584
1741
661
1023
1640
1370
1264
609
2708
1859
1060
1067
2075
2511
469
243
2727
804
217
124
660
31
1908
290
2135
2161
687
3393
1194
617
2010
3863
1742
2184
1020
2007
266
3590
1529
3933
1463
2852
1123
768
1949
202
578
222
3623
2058
273
3353
2237
3470
1840
3157
3158
3588
839
3994
167
264
3195
2992
15
183
2572
2201
1367
1960
3357
1224
2470
2103
2689
2574
680
740
345
3900
2346
2424
2125
2400
2480
2499
1679
3400
3477
3511
2021
2990
3972
3064
2938
3558
3723
3905
3958
3342
881
3262
2482
220
3653
3397
3177
3157
1596
161
339
3506
552
1759
382
3158
2576
97
2311
1684
287
779
2609
3344
3254
2575
1846
3172
2878
3860
1675
2884
109
1613
2492
767
1773
1458
1352
2808
342
2468
164
1034
131
3377
110
1951
1096
1186
3138
757
1063
3
1331
3885
3903
2628
2057
992
3027
2043
996
2816
3968
3804
904
72
3326
993
1458
3536
3637
1391
250
2163
2926
213
889
3286
1714
648
3722
3826
378
350
246
1151
1915
3051
197
3810
1863
2936
2445
727
3267
3524
3651
1946
1502
1390
1324
1740
634
2244
162
613
408
1867
3999
828
2531
1927
2994
1854
3854
1511
1504
909
3932
361
628
947
3641
3818
2155
2297
2811
3439
751
3263
1807
639
1319
1038
3860
1788
2661
133
2742
153
579
1622
768
3838
3769
3241
1240
1216
2559
3407
2843
1085
3264
3716
3539
3248
3380
3044
2051
1256
3852
2487
635
796
2086
3303
2026
1863
1627
1059
3292
1822
1218
2066
2067
1965
1323
1857
2801
1204
3582
481
248
572
2843
579
3327
3083
2131
1964
220
1604
1036
2551
3288
952
1128
1283
2008
1148
2403
1864
1298
2280
2501
1158
1567
2583
3580
3935
248
3587
186
332
3665
2271
3389
3539
2934
801
904
353
3505
2982
661
2398
1224
2197
202
3919
2341
2819
2325
907
1049
2840
3910
3086
1741
635
568
880
841
266
2597
3679
100
1520
1371
3341
3355
2779
69
1005
1589
968
1609
2406
1442
2933
194
1824
3280
2437
825
3167
2857
1946
1622
2454
3593
1406
62
3051
927
3183
3312
3132
2122
3828
1470
2686
1234
368
3178
2991
16
2561
2831
355
1047
1017
1666
2407
738
545
3956
2924
3475
3913
960
2082
1117
2581
1384
765
3335
2696
1868
1050
414
1596
2997
1632
1466
601
792
2979
2175
2092
2611
2126
3549
1746
3472
363
3160
3838
1221
1205
2727
3708
1906
196
3800
3552
1098
3963
3070
3704
212
2003
1090
656
250
1962
273
1460
1780
1217
257
1056
2244
3300
2242
3310
3457
1281
3020
3493
1966
616
1488
2557
1267
1297
2566
2555
2634
2352
778
551
2593
53
3295
3712
2614
2690
3231
912
2464
218
1355
2431
2630
2918
781
1974
3660
1018
2442
2508
3248
450
378
2733
2140
2666
1267
596
750
2215
2546
1807
1634
116
2102
1304
914
1070
2557
297
886
715
393
3221
2495
3804
1143
2780
1014
2358
2192
3332
2861
1211
1077
152
1756
184
3590
2620
2897
3313
2479
3712
2819
2905
1929
3515
2258
1398
2255
16
2064
1981
1680
714
2003
3305
2148
3516
2953
2484
2809
1793
2891
807
3987
2963
2978
2069
477
3775
1415
2620
3353
2372
798
79
2812
3825
3281
1720
2880
3447
1937
2574
296
3332
2035
3283
2447
762
306
2156
1562
850
2031
3178
1532
3580
3894
975
3059
3982
1799
1169
2205
860
996
420
1103
668
1378
2092
2384
3743
3953
2004
3969
3172
2690
3609
707
1350
225
2390
565
1
3259
940
3385
3855
2283
3095
1539
1959
549
3709
3813
2226
2678
3133
3694
3268
2077
3811
1315
2723
2675
1346
3792
2263
1388
566
942
3901
223
2763
2271
1358
1724
815
910
1429
3946
3894
3400
1574
3334
1353
3488
2000
2823
3175
1192
2505
2508
1528
43
2704
2764
3365
265
2913
3878
2843
3006
1549
925
2077
2301
3720
3162
449
886
990
3965
23
816
1701
214
3720
3788
181
3394
2169
1321
1814
3093
3343
885
49
3455
3907
469
36
3078
474
2073
1909
3619
1491
1343
1722
3775
514
3934
319
1963
601
1817
3394
538
1535
3638
2132
3274
274
249
1432
1272
1293
3020
3584
2581
3639
2779
1677
2749
965
897
3266
2041
3770
2770
1671
893
1049
1630
2724
1708
1408
1573
3019
1567
3295
270
3855
2044
3879
3719
2046
801
1599
3223
3016
22
2697
2370
1348
3760
1043
1660
1977
1877
2877
90
3500
1042
572
2953
2290
3066
846
2602
2450
2903
764
2116
1859
771
8
1473
1939
1639
3427
2092
1893
2667
3630
279
2305
1164
843
3700
1994
3168
3274
695
1956
554
2772
2462
1403
1305
1459
1933
3205
745
3543
1070
1110
3572
3973
1439
501
9
2059
2134
1599
1026
772
3226
1554
3579
443
1347
41
75
3628
1854
3486
744
3337
2695
863
2344
2257
874
3931
2277
2272
375
3262
3346
604
2026
3376
3111
3306
1530
2358
2783
2040
2143
2079
2261
3825
1984
73
3580
2326
1745
3661
3750
1935
3224
788
2533
103
810
2494
896
1944
3228
2644
3370
3693
3136
652
3195
1549
1903
3480
1196
1857
1503
3649
294
697
2954
1041
3024
3164
1757
2942
3742
332
2985
2398
417
1399
980
551
260
3733
1722
2767
3700
141
3350
782
399
629
2740
170
2065
369
1938
28
351
3682
268
49
452
3766
992
1583
2328
2105
1851
2609
851
2637
858
788
3613
3045
3924
3163
793
2504
905
1247
1529
1924
3018
3544
1569
1432
1526
2118
300
3080
494
1645
1724
3843
3877
3394
1881
1223
847
2782
3474
1184
1771
1744
3661
610
1373
2108
762
2211
156
3131
2201
743
993
1546
628
3540
1460
2999
2848
3609
2520
2008
693
2539
2210
3521
1715
2444
3976
1439
3101
2325
352
541
948
2046
2549
1589
1702
3964
1146
3158
3429
130
874
1880
1390
654
3959
2342
175
2047
196
436
3677
1913
2207
3585
1544
1189
3818
245
523
3999
1298
51
1445
2392
1229
2240
3096
1522
1565
3144
3969
3935
2516
406
877
23
3698
2761
952
3564
749
463
2349
3312
2907
3080
2262
3681
3120
1800
3611
2108
2006
71
2746
3424
309
1464
428
3755
1529
453
316
86
1966
2213
124
785
1858
3476
1647
91
934
468
907
3574
3145
2650
2958
2648
2987
3865
3041
2116
2229
1215
1376
404
596
1698
3187
1457
2603
1317
3579
2817
182
615
3609
744
3340
3895
3198
3109
312
845
1548
3150
2754
407
3391
1279
559
198
3343
1619
2621
1191
1975
543
3457
1987
2899
3582
1521
2847
283
1693
850
560
1059
3389
429
1167
3947
2059
2929
1206
3587
3513
2753
2386
2159
3804
678
2171
1449
3243
2610
3692
403
2103
1391
241
370
951
3575
9
1154
358
2109
2123
3648
2907
2939
438
349
3588
3286
427
420
285
800
1897
3893
1755
1644
2873
89
1972
2674
2508
2945
1232
1144
3523
149
1079
1014
670
663
642
2662
2775
578
3051
3218
1224
1811
2956
3214
668
2831
281
1401
4
666
1200
1452
736
1929
3726
1943
1910
164
3120
1811
2696
3671
2202
752
1928
3339
1071
339
1564
237
1935
1953
1093
3848
443
786
791
1505
3294
2031
3297
1964
807
1338
1559
676
521
2949
1574
1429
2952
259
1356
2173
2271
3832
1820
2741
1726
1400
2237
1864
1936
204
2095
3030
1995
3683
1695
223
2335
3542
3885
283
1400
3932
1568
2362
1713
1399
1923
1824
1148
2206
2011
2096
3703
1715
1426
2985
1945
1352
1827
2128
262
586
744
1268
2706
1570
760
1366
100
2689
2346
393
981
2126
939
3774
1099
3161
3431
1500
837
2400
3148
2741
2213
3242
751
2111
2810
659
1589
2567
1428
722
2263
3053
3831
2415
2526
1727
1073
3295
2554
2501
1359
3453
976
3286
3285
934
1571
3470
776
694
2037
503
2080
3041
1741
2999
682
612
605
3258
1604
335
1610
672
3970
3339
1672
2103
1574
3851
2541
1070
1351
3711
2461
1290
3345
1247
2699
505
1039
3406
2224
235
619
1927
2016
3947
1990
3745
3720
2234
1267
3319
575
3638
1368
1003
139
58
2017
3570
1309
181
2088
3778
3591
2759
3303
1133
2672
764
3673
1728
2737
957
1058
910
379
1082
3815
862
244
3154
3845
1669
183
3330
555
3568
2231
1736
1592
372
3655
3986
1361
1115
1463
1952
2755
1046
2357
3505
3547
2010
1271
901
3397
3008
881
204
461
1728
1779
208
942
2501
2641
2072
1556
3632
491
1011
1990
600
801
1311
1631
3387
1342
291
961
3949
2747
172
1428
3546
3851
3420
3803
208
3888
862
1648
648
2301
3901
651
3194
3681
578
586
3248
1108
411
2295
3095
3398
3751
750
2768
2527
170
2495
148
1417
3519
3920
2477
1845
2180
85
1263
3515
2604
2042
694
1291
118
3170
2599
2782
1266
1950
1302
907
1664
2009
571
1774
599
1713
5
227
2452
2355
2114
299
1886
1649
204
238
1148
2716
1339
2727
2911
2826
2541
3123
1619
2082
3773
763
1609
1621
1844
2150
2106
2739
2922
2137
3978
947
3202
242
3117
1988
1127
2973
3849
314
2130
829
2183
1950
1958
2028
2838
3596
2419
1087
421
2256
3680
1883
3960
2620
1372
849
1760
1823
2840
602
3605
637
3710
3080
1077
3951
1602
1099
768
1059
3803
3196
2620
830
3702
2749
1788
3023
556
3542
502
1962
2423
2732
4000
162
3529
2258
3075
456
3287
2609
1317
2067
855
419
3655
680
2376
2190
2428
530
2957
2343
3795
1640
2292
1984
2165
121
1954
752
3661
2200
1029
2049
579
2641
824
693
2764
3420
1329
667
2180
510
1204
3895
1699
2489
1205
1375
1978
147
2570
901
3598
2673
1379
3198
2294
1372
897
2659
3411
3207
1829
620
3578
1757
1980
2647
1542
271
882
1736
1303
1070
3191
1288
359
2779
2291
1268
2069
580
1060
745
183
24
3710
2259
42
281
535
2542
1386
555
1158
624
3366
2865
3553
3161
790
3862
1841
3361
1860
3316
3852
1621
1712
2510
2809
598
1397
1000
2119
527
1281
1293
919
518
870
1147
2279
1325
1985
3784
2073
1965
3221
754
3118
3897
2135
551
2915
3507
2056
3108
755
1736
3730
1736
1144
1069
3435
3636
1513
2469
2221
1223
774
3567
425
3532
3995
3417
3013
4000
175
2347
2391
3794
157
2545
2455
3783
1010
1683
3329
590
1933
1232
1471
3685
3430
1574
3492
3316
3590
394
1182
1484
2631
332
1890
1405
2088
2205
3922
1027
219
3953
3747
3473
304
1319
199
2084
1731
3342
2834
1741
2758
431
406
2852
113
535
3467
2129
1567
2219
444
2903
1391
1818
2938
2188
537
3599
2574
2135
2098
2870
2237
330
329
1534
2186
3098
1918
1229
2394
3285
1682
3216
3315
540
1346
1321
3908
3447
1081
2042
1068
3000
2670
2694
767
1626
2466
433
3060
3596
1947
623
1518
963
1810
630
1654
600
175
3557
1799
1242
3418
2407
3187
145
20
3642
448
2346
730
440
1540
1617
3258
3089
3409
2829
605
2862
326
1511
941
3859
976
2006
3133
2333
348
2112
688
2417
3225
1005
810
748
2756
1488
669
683
3415
2043
247
1886
714
2660
2134
3425
3491
1608
350
787
3820
1061
3995
2401
990
2712
604
1615
1009
1281
3035
958
943
3630
3115
3494
2581
2724
3120
241
242
1667
1402
1957
2981
70
283
1145
3813
30
1930
318
1118
1270
2982
723
2010
3969
1516
229
3655
3133
853
834
2851
2105
2219
3223
1325
2762
3756
1216
1176
2065
2079
1994
3016
1988
3879
3683
3980
2409
317
1547
634
2088
3601
2769
39
2257
791
1858
1034
3812
2469
3452
3543
3536
2225
1818
484
616
324
151
784
3099
1701
1898
2071
3454
1774
1731
3889
2253
1523
73
2894
2455
1259
59
553
2435
2480
1864
1680
502
1129
1152
258
1207
1556
2448
2791
215
2311
1358
1142
610
3334
1351
1188
248
1123
1587
895
643
1571
39
2994
349
2275
2653
460
3077
1071
3640
3311
3703
2583
2516
256
3098
2347
3957
654
3530
918
636
1303
3644
2440
139
3260
2136
467
1611
1718
1058
215
797
371
2724
503
1951
3517
3466
3279
1237
934
209
2212
3796
1323
2811
3631
480
2890
582
1362
1913
1896
3241
1032
3616
2849
2442
3491
2614
942
3797
3987
281
1365
2204
3607
3191
2552
3549
372
2863
1562
2467
794
1933
2912
3
89
95
1666
343
3083
2881
2358
1792
3061
1792
3711
2797
179
1562
802
2024
3151
3076
1036
1345
671
915
1927
3518
3854
792
2136
222
2378
3472
1550
3197
3505
2969
362
2267
1075
3078
1067
1538
1333
2162
3875
1982
1447
1594
869
3888
2736
508
3505
395
662
2574
1180
3680
784
430
1952
1836
2863
533
29
3570
413
3438
3994
2478
2294
3860
2794
1464
350
2749
3034
1963
2264
1671
3581
3372
20
1497
3482
1923
542
3280
87
2897
3615
2907
506
3625
2389
1734
625
670
1489
2478
1883
2002
2266
3771
2093
2740
3359
2466
1590
1368
1364
1427
3420
1103
1321
1221
2461
2278
1082
3892
2638
2986
994
2763
1739
2757
409
3238
2109
813
3770
1582
1717
2016
186
519
565
2596
2605
2540
1637
3186
3821
1234
1020
1113
562
1899
2673
2689
1621
1551
1036
1586
1111
3397
1560
800
3087
998
1697
2431
967
642
2885
3793
3698
1380
1498
2302
4000
3400
2454
1970
2613
1987
3788
3426
1628
1151
3844
3279
611
311
3203
2706
342
321
1794
683
2957
155
3179
1236
1075
181
931
504
1085
2566
690
2794
1323
2951
1565
3185
2098
3973
812
2501
197
312
2096
1371
1112
1819
385
1249
1619
1218
1625
839
1653
3299
3066
942
3158
2788
973
1853
1818
24
2491
3513
84
1070
1518
977
3892
675
2247
747
3438
3850
1750
3211
658
2271
1012
275
3857
1491
174
3099
749
2848
3058
1910
557
2488
3272
265
973
2836
1040
1872
3200
767
2117
3627
792
1214
646
3571
2576
1065
588
1674
57
2678
526
1382
3980
862
3203
2136
734
2904
3230
2856
48
1924
1596
154
853
1300
514
747
3294
1548
435
2992
2663
1476
725
885
3750
795
1250
2724
612
3676
3334
610
1727
2854
812
822
2556
3677
2964
3566
2169
2203
3157
3572
735
3081
210
1519
2215
3091
3998
3201
85
3370
3217
1779
3483
3762
3346
2816
3535
1060
1049
3533
368
3379
1617
3610
506
32
2687
2192
783
2664
1402
3937
1421
2047
3392
2379
2332
72
2475
982
1493
796
3955
1786
1220
912
1670
1834
3814
2801
1949
2669
863
384
3259
2995
459
3956
2228
1870
411
1327
3846
696
1437
560
1207
2583
3726
2941
2115
2790
3367
3388
1138
1054
1902
3379
2678
515
2002
2431
2607
1875
3755
2501
2956
45
2693
537
2659
203
3010
2994
3881
2717
3375
3753
1290
1090
2582
1536
1950
1966
2304
465
3439
1828
2113
3683
3335
3837
2870
1061
2969
764
581
597
1432
1781
3582
1981
537
3544
830
1072
3460
2632
2013
3299
3184
1838
1745
459
169
315
357
334
504
3806
3205
391
3792
3230
2270
3323
1378
338
9
3984
3953
1225
3801
3293
2538
1023
2814
1375
299
357
3353
2733
3912
906
3329
1656
765
135
3716
3533
3046
2811
3696
3401
3095
3385
2220
2683
236
1309
1663
3993
3509
743
2296
1207
1585
2831
1703
1062
1675
251
2289
1008
1453
989
2975
1455
2273
2956
2706
631
1794
2344
2226
3416
3990
2111
3170
2216
2531
2763
1222
1489
3761
3989
2650
2321
936
1047
3802
1
2211
2359
209
1095
3877
1507
3726
3993
1603
759
2676
2702
1763
3025
3619
411
1744
189
2189
2882
78
1588
1207
2563
810
1589
427
426
1768
3168
793
2276
682
3025
2841
2923
2678
1707
73
964
1998
591
1763
368
788
2968
2178
2175
1923
1022
3888
414
3867
1465
782
1294
1599
1775
1389
3384
314
3162
1679
3735
508
541
2738
3391
655
295
3254
3700
1402
935
2659
3559
898
3543
375
641
2215
1324
1905
4
1149
1661
856
1564
1088
362
545
785
855
418
3054
1489
3631
1792
954
3621
3280
3371
2564
1462
2698
2212
1095
99
20
622
2675
2493
3733
3267
2519
2676
1642
2734
2220
1384
2334
3038
2616
3863
378
3189
413
1245
3200
2206
1413
3015
3783
3554
1923
3643
1788
3153
2226
463
3193
1388
2566
1097
2775
801
1973
1333
3393
1311
3670
3832
3478
2098
2026
1495
1970
3679
3701
1856
587
3026
1528
1217
2361
3529
3341
3973
1970
3474
2597
1948
3560
1565
1696
1867
3153
2540
2394
2341
3213
1355
1341
3386
3843
1798
1427
2699
995
907
1276
1845
321
329
1546
1682
1606
1349
2593
1989
433
3709
3993
1295
682
1623
1962
3657
2203
2439
1786
3203
3683
568
18
1067
3942
400
3788
424
1667
2722
3587
2125
1451
331
3302
2002
779
1055
3225
2203
1526
1837
409
1987
428
1115
3218
1082
2702
2079
2509
1949
1959
290
564
3409
3614
1123
2127
3657
1865
2608
3681
1681
462
3646
3629
691
1908
805
1225
2245
1917
3811
3904
211
1652
1148
140
3513
1823
2886
2006
638
1182
599
1509
3331
2166
2088
930
624
2939
1739
1987
1690
1732
158
1220
3556
539
3791
1464
2806
1979
2416
1518
1723
1734
3833
763
861
2894
1802
620
1066
1776
1911
220
815
3587
535
3259
1773
240
24
2522
3479
1932
750
272
2877
774
3312
538
2768
3402
2177
2654
368
872
2973
2662
2212
1067
2949
3409
2182
840
1249
1306
3828
2817
554
1530
3378
2223
400
712
1661
229
1832
3733
837
2737
3447
3909
3049
798
576
1698
1872
489
3778
3022
2000
162
2521
3761
212
1081
2376
2141
3565
3693
794
2392
1791
1055
260
3809
2885
1704
500
695
1943
2441
330
960
1892
2296
2163
3879
536
1642
3906
644
2354
641
989
495
2659
3861
2205
3362
494
2573
405
1214
235
3249
2474
638
874
3087
1979
3857
598
3228
1493
1342
2616
114
2186
1490
3675
1161
98
1865
5
3799
3555
3266
3002
2215
1421
3696
1274
1960
1382
511
1029
1383
1059
685
1312
6
3143
1088
2487
631
2186
1204
1656
3019
3113
3951
444
3357
939
3448
394
1090
1436
3483
3764
1303
2412
229
2755
3176
1281
312
3229
2575
478
3148
2711
2163
3775
2617
1054
893
1441
2115
2494
881
492
2515
2752
3944
2520
2563
538
3731
3692
3912
2530
401
3996
1787
1266
1271
2020
2830
2179
1659
92
2013
505
3662
2945
1725
3502
383
1396
335
198
2666
620
1946
685
3488
3631
1145
271
2507
224
2418
3042
3819
2671
1706
1402
3860
2235
2389
2597
3309
2798
93
2540
434
2391
1029
43
1514
3751
2471
3415
3485
1
1710
2319
2344
2514
979
3352
1399
2742
1430
1758
3282
3315
1359
2546
255
2835
146
1728
2054
3708
502
655
2586
2001
2573
3911
802
2817
2608
2992
804
3687
2660
2383
369
1675
3865
149
1621
2731
2045
446
205
3560
950
1424
2870
3549
295
244
1009
2987
1774
1806
1738
3709
2084
2030
2807
3954
3327
2510
2144
18
3820
3622
1885
3262
3187
3108
1075
1087
2759
2393
2674
1261
1844
3113
3886
726
753
1879
3528
3288
3043
2346
2319
2111
1504
1743
1795
461
1592
1055
3492
2922
102
2970
3391
278
396
3561
883
1364
3949
459
1786
3059
3063
3199
2760
720
1920
2264
3281
2987
2769
1204
3897
1001
2834
964
3256
3187
107
886
1661
3156
1973
801
3067
427
638
3347
1861
1437
2895
2581
2162
2082
1384
49
3189
2751
3950
1245
1168
3339
1854
717
2169
2991
3621
900
2043
2583
1085
3263
3722
3078
1130
2162
3746
2465
2730
3631
2360
2112
3670
3762
3342
729
991
698
3741
3506
862
2894
1804
275
2066
409
415
1894
717
2841
2613
3795
3429
2120
2328
2394
3950
2454
3167
1505
734
3999
1539
3021
257
3335
2325
585
1859
157
1115
2486
2496
2438
586
1215
1355
1553
3682
3152
3321
890
2525
2247
3774
2390
3017
364
2288
1547
223
3941
2668
3733
158
465
911
2954
961
2164
3993
2210
631
2366
1629
677
636
1525
947
157
2778
1615
130
1181
2088
3718
2240
490
472
3510
2241
553
3527
848
2648
659
3835
1927
1690
1262
556
836
147
1271
2243
2063
2706
1381
1884
2204
3630
3024
1416
1327
1480
1594
702
463
2080
80
44
1578
2702
3927
3654
3036
2751
2063
1338
1318
759
757
3899
1113
877
14
1667
3472
2937
625
3833
3131
2520
3047
1039
412
2715
3750
714
1461
3009
882
2559
3769
3058
2994
2877
1936
856
333
3771
2079
1983
3603
3233
1293
2398
768
2750
3554
1064
3156
334
416
3603
35
812
2157
1616
833
1457
2536
3454
2302
1513
3671
2845
2547
1387
1920
1690
3011
3237
2421
3496
322
2909
1194
2287
3751
1162
2690
3295
385
3001
722
3400
2143
2877
3327
1226
141
3174
3064
2400
3274
2219
1613
3853
125
992
3201
3966
1860
71
3661
2662
656
111
1563
351
1902
3882
2846
3674
2768
2978
1416
2887
3991
2596
2935
3531
1779
724
2497
2508
267
2897
1358
1301
2312
1685
2959
3061
1124
2464
3702
1717
2384
2391
680
2599
171
757
1083
3924
3379
3170
1348
3688
1822
1177
641
3201
1350
1065
905
116
2590
3374
2375
3082
3077
600
3016
1671
1271
2307
2283
1710
3609
3558
456
2558
1374
2922
3340
2147
3726
2258
2587
2077
1792
1240
1165
2443
1164
3303
2892
2402
3312
2919
3428
2493
949
3382
1646
675
95
1262
2521
839
3010
3673
2948
1496
1840
1111
3285
3986
3748
3768
1110
2417
2964
2134
1585
1031
1256
2034
496
23
2926
966
832
1984
1068
1269
1280
3712
3825
470
3721
1793
162
4000
3676
530
2060
3253
2219
2973
3591
3146
1899
2078
3782
2808
2968
2047
2421
1127
810
988
2632
2168
3291
2020
2667
1237
237
2646
693
1473
3369
1363
3743
3915
1358
2602
2664
230
2932
3232
1594
439
2065
3869
1206
256
1401
2554
3223
2651
570
2865
3165
1261
3612
3796
3554
3356
1430
317
2454
678
1287
34
2917
957
3624
610
482
3355
3300
2253
241
2509
3943
2991
1126
3937
2999
3365
765
537
3447
1217
792
2724
2363
3070
1705
2095
1648
2036
1880
2202
2097
2511
2765
3361
1479
3451
3044
1786
1318
1039
886
3036
3751
3070
1140
344
3857
3311
3460
583
1397
3658
2442
2292
3961
2704
1199
2830
2766
2657
3707
303
2459
398
706
3406
709
2909
1255
2480
3760
732
1114
3802
1472
415
1744
2660
1860
3302
1847
2995
1126
3742
2364
617
2048
1731
998
57
3570
1478
1851
1035
1897
1099
3787
3047
974
3215
3218
3871
939
2361
1461
1462
876
1919
3667
2316
3247
2783
1396
3965
2976
1323
1678
1061
1483
2107
1192
825
3903
1806
2314
3634
1799
101
629
3014
3234
2987
1550
469
2379
3496
3659
3487
1760
2140
1212
198
3744
2147
1841
2608
1060
2376
994
1144
559
3433
833
3533
175
3572
3604
3660
3779
1170
2009
3322
606
2719
2178
2343
3530
2613
3629
1016
1881
2504
3580
463
3213
1368
3021
1307
1768
3244
1946
3084
3083
784
613
2618
1476
3422
1763
3564
1434
2875
2635
2451
706
2436
1876
3982
3220
2363
1533
1043
3850
755
1780
2892
1177
1498
1429
872
2123
3749
2429
3706
2958
940
1131
1856
999
473
106
1334
2997
1548
3814
3483
2175
893
471
886
1895
3609
1025
915
848
1439
2986
1852
1607
3390
2217
1460
323
891
3332
3376
897
3455
1690
787
2740
3853
3317
2627
1819
2553
2160
3874
2972
180
2138
856
884
2733
3705
1130
923
1202
69
705
3995
1758
3841
0
2446
1165
2683
2124
524
3181
169
3461
1819
296
2800
415
2149
3140
3258
1431
3506
1116
247
3417
643
3570
2240
258
415
3816
3597
2122
2498
1231
359
1860
1766
3286
3931
3853
113
2074
240
919
238
74
3272
772
2721
984
49
929
673
1895
2339
2951
946
458
3961
554
3852
1830
1320
1565
483
3441
3355
3650
512
735
1367
3105
1839
785
358
2331
1907
3225
2517
2795
2895
1302
2652
1952
979
2846
1836
325
2257
3835
2612
3577
1351
1259
3925
3505
3320
1212
1303
2447
3330
3791
2748
2255
3147
3199
1252
3915
990
3746
1552
3222
2010
1681
1136
2486
2032
2794
219
3101
1483
4001
2046
820
236
1351
84
1530
445
1723
1885
1203
1559
55
548
3524
991
2425
3120
2327
2042
1356
1888
2082
988
3184
2398
1450
2644
205
3039
737
3214
1793
2663
2780
3062
1500
1713
2155
583
210
763
1028
169
40
3604
3017
1443
1608
1985
2871
293
185
1492
1337
450
2402
1018
538
2776
948
2003
1299
3272
2461
3542
1538
244
3995
3247
943
586
2484
3921
527
1463
2333
3648
957
1912
2349
777
2365
99
1156
273
2529
3759
2166
3882
960
1975
3711
3088
695
1620
3379
3370
2165
3384
1632
2839
1382
2709
2409
3891
3121
3735
3638
1937
3102
1088
152
3166
2673
3547
1146
364
2476
1222
2135
1242
3898
1591
2016
90
1250
258
503
475
1302
3956
3667
3008
3710
1337
3408
3519
2270
3208
2409
1981
932
361
3023
1938
362
504
1287
3285
1456
1513
2060
3475
2337
2691
2628
3748
2894
3123
1485
3327
2278
2235
437
2121
3384
1059
3322
2395
308
680
1005
2890
1270
1850
3791
131
766
3065
1607
246
784
418
51
3758
660
907
3874
1300
901
3730
2191
2455
1600
2264
1259
608
1986
2509
2710
315
275
579
537
2894
2049
900
1686
411
1546
2680
938
967
1568
3794
893
266
1234
820
1561
3415
1057
3925
811
3592
688
2258
3671
612
2722
631
2793
3710
1921
2235
722
3396
3137
1894
1951
547
3134
591
1347
1195
2810
2461
2027
1940
2209
3468
1208
1141
479
1633
718
1351
3856
1786
3162
3392
2631
3250
3760
2651
529
1675
3001
1195
966
611
3677
166
15
2605
638
1466
356
2807
3593
3635
523
138
3971
1748
3991
3056
3239
519
3518
46
1052
3049
1289
3696
1372
2164
685
755
167
697
1695
3827
3788
3961
2785
992
928
276
1331
3611
1009
2653
2946
3722
666
2074
3789
2345
1694
1426
2263
3928
1166
2309
200
1291
2711
1907
1988
47
1713
1664
162
960
2340
2265
730
1281
3179
1647
3289
132
889
2740
2700
571
2217
3616
2537
2458
279
1365
3585
671
488
2763
2479
3644
2664
234
3044
1875
395
989
3364
502
578
2288
1026
1629
2627
2597
160
3919
1406
2311
116
924
878
155
3570
3660
3068
1085
3012
2878
1710
3905
3336
2538
1821
887
3185
2891
3124
3949
3840
2157
1532
2139
1295
1696
818
2119
992
3410
1275
1276
1518
3411
608
1126
3973
1073
3447
3359
590
3152
2674
532
2595
2615
1648
2892
309
3048
2651
2858
2369
538
215
2706
698
3874
885
897
3038
103
1365
623
1463
2220
3271
247
1583
659
632
419
1540
198
3074
1344
1182
3455
3383
21
2151
711
3853
3755
1600
2299
1962
846
3600
500
2789
1325
2401
3721
3255
3891
916
1074
471
1136
2158
3309
3034
241
3623
787
2554
1142
638
674
1459
476
2396
3790
2684
2820
40
239
3649
3640
587
3300
3774
3972
2943
902
1689
1699
3990
2545
1376
18
3152
1172
2867
715
3632
2207
3030
2200
2910
3480
3998
1429
1281
2644
2281
480
3255
3710
1545
2448
769
3878
1742
319
2899
866
3986
339
3560
2344
50
339
3561
902
2827
3359
1219
1640
1755
1160
2237
1439
1722
2140
1362
372
1627
2859
3672
751
1457
2885
826
1301
2922
421
3622
693
134
2415
2521
979
1318
1839
3839
669
1727
1819
511
2506
2735
1381
3862
1036
393
2180
3898
1733
3154
2017
2523
1077
126
3359
204
1377
3301
2461
776
220
1789
3720
703
1154
1906
2716
3613
62
198
1668
901
3660
3938
3965
2763
58
745
938
321
3553
3236
108
2820
1051
581
1279
1484
1904
3756
325
1163
1964
3223
724
862
712
607
2900
1681
2057
2632
1056
3204
2843
3567
1285
3037
1224
2493
3237
2263
2462
1556
3714
1836
2208
1447
3259
1026
338
1574
181
3647
2346
3141
1175
2660
3736
3418
3120
1504
2409
1605
725
1162
451
1066
2466
3784
644
903
436
646
2535
2467
1197
867
3135
1700
754
3609
993
607
2313
194
2174
2517
771
313
842
2859
535
2167
357
3946
572
890
110
3957
264
202
1578
1451
3517
2739
180
3022
1251
3933
1168
2402
64
3228
1037
1860
1826
2293
35
2220
2098
3856
2869
1261
2377
454
126
836
628
3337
3815
3458
2330
3583
3834
3378
2651
253
1982
2779
909
1793
1128
3127
455
24
250
144
2216
2544
1652
3627
239
3096
790
2165
577
873
3666
1688
2605
1643
1996
3710
1401
2263
3461
1773
1650
406
346
1140
2019
1796
1908
58
3478
3708
695
1523
1706
2692
1235
1504
3156
139
3637
2940
929
3716
1619
2336
3472
1167
3822
1761
1433
2817
3959
2208
1554
1146
375
1241
1111
2480
2801
1201
1313
2696
1914
3232
2373
1223
3147
699
370
1084
979
386
1890
3372
95
1872
734
1568
91
152
523
3996
2840
3935
1389
2150
3780
1782
626
1933
2790
152
3316
1630
89
3314
3234
1726
2757
0
485
405
2177
1296
1291
341
221
3044
553
2652
1990
3257
1434
1186
3158
2261
3687
3368
689
685
1054
1719
2585
2915
3970
2162
894
3406
3593
770
1156
1425
3023
1584
865
2010
3285
1547
1242
3726
157
3794
2146
651
2444
2932
1426
1662
88
1601
787
3150
2654
1270
1763
1334
2915
2653
2632
1794
13
1419
737
3003
2443
1289
489
1540
1852
2971
3636
2
223
3730
1938
1731
2357
3936
1631
2383
272
1132
2263
1761
2604
786
3193
1328
1877
1952
673
2537
1777
2506
2178
983
3736
161
2413
3671
3663
3850
0
770
2799
299
3915
3387
1234
3919
2608
1
175
1315
1458
1132
1854
2875
2360
2250
3288
2331
308
3449
1265
1249
193
2889
2896
3804
1515
2566
2887
629
1162
1888
2386
759
281
1014
2984
433
541
2238
2894
788
125
2423
1283
1254
797
509
3055
3208
3600
770
2689
2376
361
3508
2598
3054
2407
2458
85
2349
3721
3765
2441
3354
3806
1135
3796
3611
150
808
789
3973
568
3746
1846
2731
760
801
1453
3374
3082
365
3151
2570
2431
1961
1680
2676
3234
167
315
2539
3795
3470
1250
671
1308
201
2241
3978
1204
3383
91
2082
3107
3070
762
3068
3254
1764
1147
3180
1174
2447
607
815
3804
2879
3072
63
90
265
225
256
523
1953
3532
3479
103
196
3922
862
1029
1739
2810
298
1723
401
2841
1477
2322
1005
3953
338
3768
1244
875
256
639
2750
1186
2162
1964
626
3058
3634
472
2152
1444
660
3931
1365
2340
2220
191
990
76
497
3440
1907
523
1402
2746
3292
2037
3030
2165
2081
280
1957
2576
1715
1327
2895
1809
43
3940
1688
2886
1544
874
436
2651
3157
1091
1170
3269
933
3004
954
571
476
2886
494
3766
2173
3967
3357
875
2896
3689
3433
241
1173
16
1371
1637
3471
1663
2191
230
2065
3212
2194
3550
876
668
1847
188
2156
64
2970
1890
248
1383
71
3421
1968
2921
1408
464
318
1732
1950
1682
1512
129
3989
1355
613
3589
3334
1846
85
2100
3770
1621
2456
437
1233
3321
2207
3912
1552
3478
2400
705
2514
2390
3531
427
2106
2938
3565
3985
3742
716
723
2019
3391
293
468
1088
3018
1254
1173
1898
1469
2238
259
444
765
1353
621
1898
3265
3782
766
2489
191
1202
3562
152
2928
3886
130
3691
3736
2621
2187
663
3760
3888
2944
2869
939
3122
2033
2586
3080
805
3109
2312
584
2575
3484
1745
1187
2181
3018
2780
2054
2879
1178
169
3778
1375
3682
3046
3057
1038
3581
3550
3881
932
1434
2918
69
3384
3151
2636
3580
3986
1248
2581
3944
42
2178
2895
3421
3434
2038
3601
3342
1720
1086
2343
1712
646
3092
3209
3390
1525
3552
26
2153
2175
1117
1939
3355
3337
45
1346
1267
1113
2477
3364
1149
2720
2214
3151
1677
522
2151
1772
407
2338
3859
1434
1793
360
2812
101
1609
3749
205
1132
3755
90
3069
1235
1485
3921
3773
2509
478
696
1104
2738
811
1761
3950
445
2989
3207
2900
1762
1312
2237
820
1865
824
2710
2205
601
3292
18
1786
2244
1701
3280
1949
704
3171
660
455
168
3662
3471
3089
697
1703
2747
2821
3634
1813
2426
3121
1079
3557
3283
3969
2257
1858
1959
67
3386
1428
1650
3746
221
2186
3772
780
3977
2343
3303
2286
144
1287
3308
3537
2165
570
574
1080
3415
3860
124
3932
332
2334
863
1246
3391
3517
3617
935
2959
2108
419
3157
3937
1991
3030
1628
2847
8
638
274
2147
3552
520
233
1722
1031
1620
205
3676
2303
3978
1775
44
1135
291
3531
1396
2815
285
493
3069
3728
885
3259
890
1355
388
3676
2222
1043
3693
2611
1555
2938
3737
1127
1113
561
3018
425
1438
3312
2753
838
3250
3957
1251
3292
3039
663
610
1146
2454
2589
3110
3604
1539
867
3581
2081
2304
368
731
968
61
2715
1746
1166
3411
28
3138
106
497
678
3451
1290
1634
1841
3972
3019
2297
497
3482
806
565
1086
4
1527
3779
2855
1787
1327
2518
2509
2996
2496
451
891
188
2281
667
1563
151
2154
3241
2741
239
256
1201
2158
702
162
2714
2961
574
218
497
3104
2268
2404
572
3688
1700
3754
105
3859
2562
1139
775
2020
3065
1395
2377
1637
2031
3217
177
3359
3273
3289
2803
2676
2962
3191
1731
2034
150
1666
3602
1576
2280
2852
873
1787
3103
2203
891
3990
2307
978
115
3707
1499
540
3544
507
245
1781
1874
3570
435
1961
544
3573
1855
808
864
3970
3443
610
1118
1255
3325
3337
2258
3450
3062
1994
1435
3222
1008
933
2436
135
846
1317
3319
3244
1368
2066
1006
658
3919
3236
1858
1191
3684
2931
874
2741
635
3193
496
3655
2973
2117
1007
885
1063
2317
1778
279
54
1901
1564
2837
1725
1734
1820
2053
3427
2271
3853
152
2731
3619
1589
2473
1095
3955
2825
2149
2320
850
734
1803
964
2763
1031
2858
1606
272
2015
2548
2009
521
3258
804
3342
1828
2002
796
3182
367
3400
216
1105
1172
2420
453
2604
46
827
2242
2586
2407
952
852
3532
1317
648
2887
2659
2510
1963
1964
959
3698
814
2403
3580
3121
2984
1636
657
3046
2104
1083
3510
377
755
3209
686
579
802
232
3256
2699
3169
1635
3922
3288
315
1089
3399
1610
1822
1061
977
2469
2043
3352
3893
3459
2523
2203
2824
3256
992
128
924
1544
3477
292
1598
2070
2395
1328
946
290
1793
2560
2263
715
1710
3316
1466
3661
1410
1258
2454
861
1526
744
2222
1152
1856
3004
2558
2387
1276
1465
594
476
457
2337
121
2912
2056
2760
3751
3135
3559
964
1980
2971
3457
436
1273
1805
3647
2349
3352
1114
2240
2469
1900
2058
2537
2978
2561
324
776
551
2070
2250
3146
2068
3605
2768
2519
3407
2005
1709
2515
3006
190
693
1184
2585
2935
169
3935
2918
3275
2236
2139
3847
3466
3575
3702
3548
3771
3038
2417
581
3884
900
93
2836
1280
2724
3978
1011
2621
2928
1178
2406
3908
3785
3929
2461
3734
3755
2639
214
2537
1031
1149
1074
3703
3871
3522
3942
3016
2893
3293
3904
3438
2004
1107
1836
3397
959
2619
2271
2857
2524
2388
478
1088
1830
3312
2910
1326
1748
1183
3335
3032
858
3823
1392
139
1281
228
1418
3157
1998
525
3349
2095
3012
556
2646
2692
1891
1144
1518
1083
2651
2997
232
2360
167
2422
2007
3076
1408
3401
3881
3427
370
3256
3301
1828
1791
2435
1741
247
183
3082
3326
2531
1963
1610
1514
1361
1761
3571
1928
3079
696
2080
994
3940
2855
2648
3995
311
34
791
2007
2022
871
1695
3016
3456
3700
1619
1347
1403
1097
673
677
382
2521
901
2926
2708
838
2776
1598
500
1003
2575
2018
2218
2612
2342
1607
3915
2186
3104
250
1528
2280
1762
3681
324
66
1697
1861
2147
3882
1207
1430
309
654
495
3642
897
3073
952
1896
2704
2020
538
291
700
2802
3703
3183
476
2651
709
355
3930
917
3190
2778
774
950
2477
2073
1605
1418
1788
757
945
1387
630
3826
3554
1179
1897
763
3277
2102
434
2332
1228
2049
623
2863
94
3713
3487
599
2970
1990
2362
999
1708
1005
1775
3124
660
3340
1447
836
1462
2096
382
3866
1377
1102
2640
1774
259
3056
2798
3923
74
3989
2370
49
404
3139
714
1311
2634
699
100
1431
3727
3205
2528
49
981
632
114
550
2264
3958
2585
3825
3850
2962
3007
1193
1012
3241
2454
2
903
1746
278
3639
1170
1544
3585
1023
2311
228
620
2051
183
907
3312
297
1994
1601
536
3560
2637
1774
3145
1836
2974
2569
2525
1333
676
2839
2689
374
302
2588
1765
3097
962
120
3725
3726
1021
3498
1363
982
1577
1962
1569
3497
74
1225
3114
2296
2649
2403
3091
1114
3721
2396
2249
1692
1270
2567
3623
1789
1216
3067
1255
724
1549
1382
1760
1895
833
2221
3794
1106
557
1048
2575
3563
689
1504
1621
2595
1192
52
2999
1266
2684
831
848
3925
487
3190
1755
1770
3992
2599
3456
2747
2151
2489
2805
215
3587
1935
3896
2159
83
3071
1298
2210
1863
1828
852
14
2222
2000
2983
73
3408
967
2945
1512
2661
3883
3205
130
1480
2817
832
3955
1916
3156
143
1665
2727
1275
2102
1982
3846
3323
2809
3362
101
3179
3538
823
1554
3942
3832
278
3473
3073
3208
3565
3044
2044
1897
1056
1353
1016
1461
1258
2565
966
355
2653
17
262
2518
3194
755
3474
3982
2939
827
3794
1376
258
1580
1407
2069
1890
3700
1331
1013
402
1994
2109
2021
3066
586
3508
2805
2207
704
115
2707
496
2504
1080
3377
3378
3052
3834
1815
3320
258
1384
1157
2127
107
704
2661
2346
3766
41
627
3529
3860
944
2360
2688
1563
3195
1992
1901
2818
3797
2721
1999
3422
2666
3134
3516
2036
1841
2755
34
1863
852
1894
2075
3170
472
769
2311
1948
2357
3102
1756
2884
2449
323
308
461
2961
706
346
2760
3982
568
1492
3502
3991
947
3323
828
245
3521
2764
2388
100
1959
3655
3991
372
3236
2903
3672
3017
3700
1238
3795
2829
3
3734
284
3716
2449
3542
2604
2727
2877
201
1716
2927
2493
2145
720
2319
705
375
1373
3194
2565
3561
2085
1703
2527
3984
313
243
1733
2302
1292
2761
3279
118
2120
164
1759
3683
1884
171
3843
14
2836
2610
544
505
2091
232
2952
2848
3988
395
2651
3562
3085
1323
980
776
3661
2898
797
1478
2473
2144
1234
2525
3602
688
2426
174
12
2019
1527
3773
2585
2604
1520
2345
3465
748
520
345
1988
3159
3994
218
698
531
2479
3541
403
1916
637
3515
2625
1530
769
1686
2599
3573
1598
1561
547
708
427
3527
3484
1171
1139
3684
1498
640
662
2671
367
623
2501
2761
3249
2754
59
3120
3453
1925
3991
2809
2570
2253
1860
600
2490
2063
46
1652
1957
270
1599
3894
879
259
3571
1763
1505
1210
2993
706
2989
2152
1121
1545
3722
2691
1893
2170
3338
1535
2794
501
3783
1864
167
3973
953
1036
2106
2879
687
1600
2379
2049
599
1955
1860
3374
886
3475
484
2175
561
2958
619
236
3829
2399
3002
3079
2810
2200
1532
1404
258
3470
3628
901
491
1975
3865
1451
3077
311
3310
1057
3436
3372
570
3424
1722
3225
2110
3179
1498
2789
2831
3702
372
1464
3308
1358
401
951
2201
2750
3874
1027
3146
2455
646
3842
773
679
1820
1089
3096
2559
3872
3057
3817
1547
1892
955
311
274
1925
1130
2090
2440
1499
1551
3367
2051
2617
788
752
188
270
395
3339
3205
1485
2065
2749
1512
3143
3023
1988
3911
1107
3760
3482
857
395
2081
3285
634
3982
1429
1944
3820
1982
1388
1478
2186
1866
1381
5
2593
1085
2924
1326
704
3849
1112
195
2259
958
452
272
3331
224
1337
2223
159
1733
2759
3572
477
3967
1666
1458
3633
1235
2734
435
1180
1476
1651
3989
3927
95
3680
880
2594
3627
2767
837
1736
1569
846
829
2799
2884
502
727
789
3565
482
3399
460
3912
3785
3098
1505
3451
2789
1836
3282
1751
2673
15
801
1305
1711
2117
2865
3126
3895
3669
3473
3597
831
1175
1792
2979
653
2083
520
3801
938
218
2905
2962
1769
803
275
3967
1670
513
463
2610
2046
1198
3195
2329
3054
1110
2252
52
1485
2383
3479
848
3367
963
2935
1010
1265
563
1069
2662
617
3537
136
1929
2922
2814
2876
3269
98
2919
2222
1469
3375
1107
1543
31
3793
171
303
863
1337
351
1354
3130
1102
1227
1721
3564
3667
415
2350
1900
1646
3770
2551
3030
2227
401
1808
822
363
1542
2643
2629
2089
1995
58
3543
381
3425
3981
3044
3388
2640
1964
3881
1301
2827
3302
2007
1563
808
872
3550
3527
2926
3528
935
2498
1027
2090
569
1373
599
993
458
3429
1689
1253
1623
578
3222
2895
415
2442
136
2889
1159
1522
2786
193
3080
3080
1179
1467
437
3647
2994
3727
2313
2243
1924
3617
2526
1817
3182
1100
2674
500
3439
1315
1116
2439
419
1553
1775
270
197
1681
2161
1830
1363
966
3536
2280
1564
3977
1882
2709
679
2068
1261
2727
431
213
1209
262
3644
1772
750
3302
1622
602
445
508
2985
3936
2671
2415
1435
3919
3000
2485
601
2614
3633
453
3432
3108
1497
2998
3403
669
3328
2287
3685
1821
92
3408
940
2801
1854
3272
3763
2485
3272
2508
3370
3620
2204
2014
2619
3974
949
3908
1488
837
484
3945
3209
1698
1689
2820
3455
2232
846
58
3317
56
1743
2060
1634
3935
2370
3244
2633
2680
2159
595
360
3998
764
2723
3595
3883
1515
3225
1922
2506
3453
2886
3232
3008
3830
489
2046
3825
1823
658
1183
592
1223
3726
1358
270
3296
3773
749
3241
2609
770
11
3667
3568
2475
621
68
3789
1798
2246
3648
429
652
930
3507
554
997
1324
43
2569
2637
3224
1728
287
154
271
651
2567
1568
1469
1824
1804
3532
670
1318
1591
3445
1280
1903
3364
3053
194
677
2120
216
3020
2250
3945
3334
2156
1771
1035
956
777
507
999
2775
2493
2506
2957
2350
3039
2991
263
1066
3298
1882
1232
628
1813
2725
3295
2044
2950
85
3906
3086
3591
2611
2311
2003
2931
1842
3250
1978
1927
2535
1123
3516
147
77
397
1890
206
1350
662
2138
871
3699
3019
2370
3505
1461
962
3907
3831
3970
1690
2318
3831
1219
3029
2094
1137
2637
702
2763
1415
917
3979
2116
184
3768
1625
1073
3672
2903
87
634
3683
1791
3338
2202
438
2364
632
344
1964
3792
1632
2335
1384
2755
3503
537
71
449
2814
2587
1114
2845
2521
2096
2049
306
2260
748
1707
2144
139
2022
784
2597
380
2189
799
3806
1383
3859
2688
3077
3995
492
3240
1169
1334
973
3506
1936
734
1037
3977
71
2556
3974
859
2766
2471
3705
1839
1911
1876
151
1407
1836
3051
2104
3939
700
1248
2539
3330
1397
3420
1730
3251
2652
245
2715
3390
3178
3890
3390
2638
701
1625
830
1928
2603
1810
3490
3817
1294
2759
901
2442
2827
341
2992
3035
3484
2968
1960
576
3786
2277
523
2657
3842
1716
113
3878
898
3203
1208
3402
2169
1367
1418
384
2519
1492
3644
1100
852
2439
376
1446
1239
3313
1356
1585
1350
3209
278
3012
2789
2620
2657
2479
14
3073
724
2306
154
496
3811
2968
2738
3549
1295
3964
572
1798
572
893
2917
1073
462
622
1351
2395
3418
2121
861
502
346
2616
2061
809
3810
1478
2431
1503
673
1787
3179
1135
3629
2374
3221
618
1356
1517
1075
1719
300
2007
821
2057
2480
3504
1408
3130
923
3690
1074
1040
1805
1440
367
1637
163
2378
213
697
2316
1659
3366
2405
190
3152
425
2743
11
1520
1004
1349
1463
1359
3542
956
2589
2540
2268
2275
3718
90
2540
3741
2306
2571
3099
33
3706
552
1494
3689
762
1601
3593
765
1975
1495
2339
2164
2794
3076
3847
2981
1159
161
2427
158
2196
3839
94
861
3598
3773
1080
1776
2052
1896
3211
643
2905
1880
867
1240
2458
3877
1335
2027
1989
695
1423
2105
2308
2922
1380
376
3588
3715
3272
3857
926
2929
395
320
2212
1479
1660
1765
982
2849
3746
250
3522
1943
1096
3725
3955
3681
1772
2150
3592
56
2266
217
3488
2263
3140
482
2536
1931
327
796
1000
3393
2631
681
1566
2064
1072
2478
2176
3743
2851
3370
1015
1824
2267
49
2979
3785
3827
219
654
1986
1583
1380
249
3825
3419
3802
1592
1716
1334
1271
2299
2268
130
1320
2155
2444
3719
3013
479
42
1108
1247
3551
1467
306
2380
1625
3707
2474
3459
7
2974
91
2335
252
3632
2110
3777
1337
3787
30
139
3727
2315
240
3569
3222
407
2999
23
1881
987
1664
2931
1176
1860
2724
1947
2750
1996
798
334
3311
861
1968
1112
1859
3729
3799
3839
2924
1534
1502
943
3628
3614
507
2788
2190
2259
2876
2165
702
2053
3775
2273
688
1782
3521
1444
1194
3977
168
429
923
1298
3825
199
3176
2542
476
2807
591
2124
1493
2003
2431
2278
55
571
2
290
1501
3914
2369
1306
1823
1966
3783
2036
811
730
1255
3035
2945
404
3326
3489
3652
1217
58
1141
2655
2562
270
3029
1061
3299
3028
2059
1450
144
2986
1811
3725
1988
2048
2143
2447
3490
2613
2722
948
2076
1592
3811
998
1136
1697
2819
3352
3471
2600
1828
2184
570
2797
1546
3346
520
3081
3754
1388
3013
742
1577
630
381
2846
3604
3235
2521
786
1855
452
1430
2604
917
2913
463
2138
3681
2774
1009
22
906
2908
1338
3504
3947
516
383
2818
203
2737
3530
1189
1552
3535
3937
3114
2872
2555
3285
3307
2572
1933
3776
863
2576
1857
899
3423
3398
2678
2854
1320
1958
3618
1217
910
2955
2893
1390
803
1136
1572
1728
3201
1105
2286
1976
944
517
2287
3447
2978
3114
540
214
3354
1296
303
3714
1140
2865
490
153
684
1127
1557
2565
1199
1919
1573
2237
3416
3256
2765
1764
616
1887
3986
82
2109
2542
3731
1127
2418
2683
2708
3208
129
427
576
426
478
2320
189
2401
718
3280
1392
2380
1828
3262
1367
434
1917
3855
229
2764
3265
778
1986
2785
3287
1223
134
2100
852
3153
684
2593
1455
2801
828
2685
3416
1466
2908
1826
1484
2663
3113
3154
2614
3872
699
1999
3115
1984
2906
1052
1736
277
1711
2422
2729
1890
248
686
1713
3752
3218
465
3302
1090
743
469
2442
1714
2820
650
2006
2936
3319
2348
3502
3024
1126
234
1147
2184
918
79
1299
1943
3612
3327
1841
480
585
2671
1425
3908
410
217
945
2095
3647
2590
3199
514
3818
298
2321
3251
436
1323
2504
305
1720
3651
2288
3278
1801
2451
1511
1185
2437
53
132
281
1748
2533
1690
3715
3541
521
1440
2669
1535
2061
380
1847
2481
3007
647
2668
3141
974
408
2375
371
2985
291
976
661
2989
2328
1031
3856
693
3676
923
3617
1542
136
3172
1901
2513
63
452
973
1560
1001
2158
418
974
1958
1753
2427
2754
3205
3754
3163
3725
3486
2895
3921
741
1520
720
2391
797
3980
951
1475
2833
3653
1094
2664
1575
3153
2757
178
1387
43
2255
3338
3858
2637
3203
658
1512
2558
1631
3309
819
3653
1816
2437
360
3385
552
133
2833
2523
3630
511
3773
2796
1696
140
770
2216
3580
1929
1285
3754
3009
2674
3707
854
3966
2868
3946
3206
596
639
2438
3689
1263
2030
2704
2018
636
1084
3016
3543
771
1087
2159
1732
2859
3350
1845
1491
311
625
530
884
735
402
986
3704
3656
1971
2511
2862
2959
967
906
2675
586
1093
1547
156
2956
3578
3140
3435
2691
2249
1520
3123
1749
3677
195
2330
396
3894
2069
115
3605
1489
376
1907
3565
2370
3843
1122
1978
1710
2348
2702
3309
660
1317
3147
1562
577
1179
2872
411
3228
211
433
2767
1494
2441
1419
588
3795
3609
755
2392
1998
1034
1947
2961
1440
1359
1818
3506
249
1172
2047
3049
1367
690
2244
1219
710
2988
297
392
2016
1982
584
2340
3232
266
2840
1917
1075
319
683
3657
1010
178
400
96
3661
1247
137
3892
2873
519
1583
3166
3176
3433
1489
575
2715
2684
3371
3980
1947
118
3969
2908
1787
2399
3693
2092
1488
2096
3830
3033
551
3553
1620
1618
1644
967
2448
2791
879
434
1051
2565
3664
1002
1538
1640
2855
2208
3379
1684
2168
1553
3414
3343
981
2887
506
2358
1109
3434
1231
2114
241
3726
3458
2410
2347
1968
2943
1907
3301
32
970
2410
3729
3079
1563
1540
2957
1806
2435
1013
2097
1575
2183
918
541
2777
125
2317
1789
3115
503
2744
3366
3796
2650
2925
1047
2149
690
3679
2994
2010
2125
2191
2131
2364
1011
2806
2749
1389
3365
914
3266
685
271
4000
3235
1470
174
2887
1745
3523
2029
876
2823
1433
1633
1451
2450
1997
1324
1428
178
2158
1658
614
1847
1527
3612
1686
76
3277
3961
3159
969
2864
1226
1330
2915
1491
2567
2198
945
1766
3311
3686
1571
2805
1203
1769
3325
2922
1708
26
821
270
1255
989
408
2255
2063
1988
3903
811
375
2749
3304
209
2397
1820
1539
419
2842
897
2184
900
3425
1967
3737
2036
1305
3175
239
2726
2290
136
1488
2083
2360
3296
1961
782
3865
664
1617
316
1484
3454
932
589
626
2116
1293
92
1748
1154
1603
2289
3467
290
3043
1263
2589
863
3688
3589
3958
2642
1502
3125
1183
2461
1469
3265
2265
576
1643
128
1263
944
696
3761
272
2261
631
3026
733
1970
2063
3324
1514
2239
274
3223
1601
1783
3989
3543
3856
874
517
943
3343
3515
745
1869
1044
2870
1498
1662
1391
2688
1549
3693
647
3228
2871
1129
1483
3708
3361
1038
1578
1390
2288
3588
925
251
3811
1345
339
428
78
249
1939
2950
3442
2808
1077
731
2639
1743
1105
432
3515
1019
1611
2758
872
132
22
67
1699
2481
3121
141
2477
934
3840
2919
2512
3850
1489
3395
1343
807
1339
616
2235
2047
2752
1189
206
2021
240
3357
425
3768
1731
2004
2267
2658
756
2596
653
1779
177
2390
2702
1179
2529
3482
2035
2928
2249
3387
3180
189
2293
1766
1828
2412
1700
2060
271
3801
1712
3384
109
71
2875
2496
2382
2044
3774
3225
1967
673
3650
2798
3348
1637
3237
1154
739
2084
189
918
2905
119
165
3964
1676
2961
3377
957
1130
2294
2954
518
1932
3414
2487
2461
3741
3932
1851
111
717
1694
2706
2078
2177
410
799
685
3236
2373
2300
102
1073
2623
1396
1239
1993
434
2315
604
453
1464
1079
36
1123
2492
3074
2639
1398
1279
393
1437
850
164
60
3811
1200
70
1661
3587
339
1646
3133
2812
2057
996
3118
3040
1537
3211
3478
3134
3922
740
1781
11
3970
2168
1904
2807
11
2191
3941
3661
1672
3013
3508
1917
2026
1525
3953
1000
2908
646
22
1233
2528
3529
3333
3657
538
1295
1709
114
2849
2604
3914
3755
756
3881
3116
3867
1433
1848
2724
671
2346
34
1251
2221
3128
1031
2455
1418
715
2652
1205
3074
1980
3992
829
650
2963
2800
1009
64
1101
2154
2699
1119
3620
3044
2921
2743
2455
3220
2215
53
3757
3895
2554
148
2368
2323
2213
3741
2218
3665
3866
599
1206
128
2070
1393
2059
3277
1975
2354
505
2632
3101
1525
328
3738
356
448
660
442
128
3571
3176
2686
3259
688
1766
1869
994
574
2330
3507
2246
2759
1235
3170
3453
2016
1111
3504
1318
3876
2808
1635
2136
212
3834
2650
2315
2227
2244
2337
302
492
1743
1651
963
412
913
294
2862
1788
2367
3174
3215
929
3314
3544
2263
1509
939
2523
1817
416
277
2745
1666
1132
2234
2446
2934
3413
3813
3033
3715
3183
2556
3384
1580
2223
1178
1297
869
999
2062
1828
3596
122
1078
3207
3249
2171
2509
1965
1054
2086
2580
1521
3059
943
2724
1363
2192
2567
2586
3061
190
1977
366
3673
467
1855
1323
1955
3855
2894
601
477
1689
1952
2872
1020
495
3296
2469
3142
1823
3265
1486
883
1668
2932
1455
2015
3636
3295
1659
694
864
785
1862
2234
985
1573
3474
1384
2690
2426
409
2984
1147
3035
3482
2332
2085
1292
2976
1169
3445
1393
1523
756
3753
300
2583
2636
3426
2635
1857
1052
2509
3875
3823
1955
3582
1167
3243
3316
1299
3329
455
1602
836
2025
1511
1397
204
3531
3466
1581
901
2726
1805
2494
856
1936
862
735
2200
1955
2035
1159
3993
240
196
2972
1177
1910
4001
535
1056
1519
2789
2000
2571
2954
1426
8
2650
2862
2348
3806
1757
3725
2944
779
1142
3398
2170
2057
487
2899
3785
2962
2030
1825
1668
1893
2000
2797
3913
6
3008
527
1468
2281
3545
998
1597
3436
1570
618
3629
74
3003
2246
82
1064
3756
3126
3748
128
2084
2983
2420
559
1197
1320
3214
652
997
2711
1610
3794
674
2214
273
498
3551
1292
626
23
3527
3700
2104
1825
2364
3197
716
3359
265
405
2822
3791
3187
3159
2430
1049
1651
210
2103
1092
2602
3375
1296
2908
611
928
1199
1051
1083
3145
123
2336
1225
3621
3941
2514
1282
3030
2668
1240
2986
950
1734
3460
2913
536
3306
1210
1352
3242
1473
2579
2280
2666
1391
399
729
1859
3535
1495
3892
265
3073
3551
648
3066
2073
2723
3731
3702
1159
328
1602
2802
3683
542
2308
2474
2113
926
323
3714
2490
1223
2556
2707
352
361
2549
2398
3039
1799
3712
940
2347
2505
2734
3798
2414
109
2752
3476
433
366
1619
1672
3380
2402
3937
430
3116
85
2076
976
1014
3233
1013
2220
3854
3749
1211
3889
3947
3953
3371
1529
422
1424
2993
1720
3073
290
1660
775
118
3718
3242
1248
509
2301
1337
1123
2071
1377
711
3869
3144
3976
17
159
989
2729
3965
3496
2285
1553
153
2371
872
2868
2841
2877
3405
332
1207
3188
1690
1748
2160
916
3835
3500
1248
3717
1941
3795
3567
3135
1066
1354
1486
879
1490
2421
2216
1766
1486
3515
3568
1857
2658
2522
2896
490
2432
1847
2080
3408
1503
2854
696
3851
3490
2922
1389
3343
1802
2152
1582
2969
2361
3152
1175
2133
1828
1515
3088
2838
2284
1753
128
1138
2567
3097
934
2929
1961
2679
1674
18
838
691
1223
1493
508
1191
3871
1078
1553
3008
3254
1236
1741
898
2078
1356
2600
1014
2409
531
1151
3088
3028
833
3838
2603
94
305
2962
1430
458
243
2796
783
3725
43
1264
3921
527
1839
65
2453
925
2654
190
1951
981
1016
2317
3701
330
1553
2294
1500
1714
463
3108
926
2238
589
2552
3849
1914
2768
2114
3761
2006
1221
1324
889
2396
3865
3238
1171
3161
3516
29
1934
2760
1795
1320
986
1329
123
3925
1518
3357
2842
215
999
306
2865
3816
132
3462
1171
3735
1877
1702
2610
2251
1587
2531
939
614
1214
2119
57
3858
1256
3757
2253
424
1449
3145
1038
810
3786
3942
1081
1557
2317
399
1970
857
1222
906
2217
2939
2835
1761
1456
1977
2635
1646
2445
2906
2076
3893
568
1913
3881
3471
3108
2029
2680
1719
2786
1971
1764
3212
1522
1034
1089
2907
419
3294
3823
17
3790
2029
1800
1397
326
1388
3573
1481
933
1333
1453
942
858
1657
224
1757
532
879
3125
971
2388
782
3633
3127
829
2829
3438
663
811
2359
1243
1448
524
97
2047
3986
1767
2303
3360
923
2493
959
447
661
379
2948
3087
284
1460
2651
2888
1292
273
384
654
2028
1217
306
2002
699
2151
2408
723
3339
3266
3155
2092
1559
1972
1696
2767
1033
3287
935
720
99
998
3906
3667
2829
3458
2059
2439
231
1310
2614
2798
1863
592
1578
602
1026
3099
1564
2359
433
1578
221
3451
1178
1071
1831
3287
570
1544
586
871
1454
818
434
278
720
1527
2333
2344
1678
444
1414
1857
281
990
3627
3080
730
1855
3185
312
2740
1034
416
582
214
506
2384
3713
3881
1227
672
3782
1343
662
1431
3864
2822
3085
3325
1443
2292
14
2961
193
1023
3907
3048
816
1965
3586
1874
1977
3208
3862
768
1080
1542
644
2929
220
127
925
928
2965
3871
1127
3163
3382
2878
3546
1854
1693
2145
1846
3306
3217
2956
671
2894
1796
1970
2360
2053
1240
2618
396
1883
372
3684
2442
775
229
788
3764
1959
1557
3745
3059
2958
2154
1739
1218
3739
3287
1566
3572
1217
1979
2836
182
3925
3581
3292
3522
3182
3359
3557
3004
1157
1790
1777
840
1480
2088
2357
3400
3709
3686
1078
989
1717
3728
3213
2603
3308
2277
2422
3502
2650
172
3303
2476
2823
1694
3452
861
1308
56
2074
824
327
3972
221
783
1220
745
2929
2616
1088
3638
3344
630
3169
1395
2742
1707
1419
1971
2440
2043
1830
198
1518
856
2616
246
1186
900
3105
3078
3866
913
2774
3489
1070
1998
3472
290
3529
1978
1244
3978
4000
1416
113
2979
1208
561
3754
399
425
3830
3363
558
2480
1272
3247
3983
2175
2240
3202
3162
2027
1863
2779
573
1131
2973
1848
2349
3026
488
2096
429
2012
2970
3940
243
2189
2545
179
3917
1285
285
1819
796
2610
1371
3718
2433
2580
791
941
1712
2223
737
1686
3192
3644
3210
881
2135
1707
2844
3933
2876
334
1881
588
165
1490
3822
448
120
2987
547
1182
3245
2451
2037
179
2977
2047
2531
266
2252
2238
1421
2525
1424
3391
2518
465
1532
64
849
2422
2751
345
494
3772
2764
3862
3636
2417
1302
934
3805
746
1854
492
3707
3219
1820
1360
2893
1506
2503
3440
1470
1965
2788
255
3887
2814
1628
792
2625
3844
892
2264
3647
424
1651
1827
477
3829
3786
3827
559
258
407
2342
1363
3552
42
2241
626
3230
3879
1503
1842
1327
1407
3158
3278
1680
2731
251
1103
1322
3462
3669
2212
565
2119
50
3115
1316
3336
743
639
3293
832
3385
359
3088
859
94
1988
1412
325
3330
3016
1380
3764
2480
2034
3022
3979
2977
791
156
450
2195
853
615
940
962
3526
249
3807
283
3717
3735
3413
3158
619
1711
1046
3099
3452
2213
530
1186
2391
3217
2082
2703
2417
20
1805
3293
1173
3611
2620
2858
3433
1188
871
3888
3260
2949
463
3752
2602
2977
2653
58
647
1717
3263
476
2359
443
2929
1407
2064
94
668
152
2946
190
315
1752
538
1616
2070
2657
1991
318
2724
3027
429
1185
1247
1728
2464
1053
2633
3784
3754
3918
2274
1704
119
772
3546
1231
1684
2137
375
1830
3902
2114
3672
3484
74
2377
2570
1133
2223
2567
3162
303
2681
2151
2263
1075
612
1296
3563
950
3701
3754
3263
1245
3866
1642
1250
2441
1430
3518
271
419
1711
819
1760
753
3168
1574
2617
433
1408
338
3523
2007
1393
229
2740
738
2252
3489
521
3400
2917
3022
195
62
3894
2958
3212
3711
140
1007
3246
2328
1220
1286
1698
508
3127
3623
357
2878
120
3469
3921
1396
2336
1034
3927
1574
2413
3951
2320
496
1842
3559
1045
1042
2219
1634
2392
1990
1182
1036
744
2241
3324
2619
3282
3886
1460
2713
3116
478
1727
1949
1440
3913
320
1769
3458
2242
238
3502
2044
1080
2560
1747
1516
2979
1073
2365
3901
2156
1732
432
391
3587
84
1185
1072
3009
863
2205
694
196
2106
3076
1258
1103
679
3581
400
1501
681
2473
810
614
790
3728
1902
861
1717
596
287
3275
1638
3940
2485
3245
764
1771
2288
882
2180
1936
2171
401
911
947
313
3109
1543
3234
3693
1348
542
468
705
2450
1400
1767
3729
2583
819
1699
2079
831
1612
1126
1837
126
708
815
3343
3387
2413
2225
3799
3950
2703
1531
2374
2063
3246
2891
2858
982
2352
632
1634
1801
2693
1076
3118
2124
2916
403
396
1251
100
2741
306
237
2178
813
1878
3785
3975
1451
845
977
1551
2568
2795
3448
1467
2040
1473
1987
1655
523
1711
1334
2757
3833
2943
3266
1065
2730
2568
683
840
3391
424
2201
18
1064
778
2800
1934
1964
822
192
414
2240
2773
3944
1153
508
3593
3932
627
3872
133
2502
2173
2624
2319
3202
660
2172
812
684
3918
2996
3665
3256
3010
1015
2399
633
2881
59
3494
2868
1363
1344
3042
2457
2881
2114
2776
3264
627
1367
1601
2947
2597
38
2190
2120
214
3243
2869
239
607
3770
3298
3640
1781
100
2771
717
3779
2957
1602
881
2163
3306
645
3826
3815
1964
297
1206
3152
3839
3903
1989
3907
3314
3803
3885
1231
3147
1966
1287
3056
664
15
2260
1866
2348
1586
2167
293
1686
2571
3846
556
1872
1222
2661
1585
3328
209
3557
2146
223
3954
1687
3286
540
2102
2822
2062
1650
2984
1831
1513
2320
805
1133
1477
436
2758
1571
564
2307
3175
1819
3370
923
2499
1847
1637
1850
2859
403
2011
3295
2337
2210
3366
1019
1557
3227
597
1128
1616
3255
144
2805
2727
2880
3136
514
3949
2770
1000
452
3301
418
1996
562
358
1425
2718
1104
2912
3895
2357
3385
263
2639
2286
309
3826
3086
2975
2140
172
1724
2593
3695
1648
969
1845
2649
2732
3326
2117
2045
3371
131
3596
2315
287
1343
2850
2504
2046
2828
2730
3330
654
3328
2137
2066
371
1354
2243
380
3112
798
3882
2982
1869
1215
2311
3014
3228
2362
1860
1212
3140
149
2145
555
2725
3072
613
1250
1743
2175
2137
3236
414
2581
1741
490
381
3150
2969
687
3989
2748
3609
67
2514
2344
2574
1361
1055
2120
2622
524
620
708
3432
2890
1284
2891
2008
2277
196
1715
1796
2684
3998
3250
486
120
2629
3131
3284
833
948
3874
2375
3715
1675
1077
3634
265
954
932
1409
480
236
3007
3916
2838
1530
2732
2440
1700
2799
1479
60
1615
1256
1630
1424
2572
3627
1665
708
770
139
2571
1361
2853
584
579
2172
1380
3335
3043
2912
1468
1354
3959
577
2639
3775
2268
1228
1070
1850
2595
1689
2527
467
43
1520
3955
2172
2428
3361
173
3501
2865
1998
3973
30
2280
1551
3153
394
595
2096
3414
1638
2323
1422
2435
2847
1414
3424
1392
1747
142
3947
3018
3857
858
1291
2061
716
1537
2966
1478
38
823
3227
1786
1131
3770
1328
2603
1249
768
1146
2275
2868
2582
2657
928
2087
3390
1823
177
3754
609
1652
2555
547
773
2191
1597
2349
3026
2484
2040
3214
3414
3222
970
2497
3741
2034
343
2986
3497
3910
1156
873
2405
1153
905
2072
3561
1548
2522
1139
1863
3624
3312
3681
2668
3505
3411
2638
1366
1930
2154
3749
1264
753
3671
929
3867
903
1127
3816
3923
362
2485
3436
1200
544
767
3248
909
3939
2794
2943
3673
2286
3468
2759
260
3852
3316
1727
2749
2875
2779
3954
3572
576
3533
3542
2818
1014
3074
2479
3325
2456
3309
199
784
3042
1580
1694
211
3444
3055
713
307
3933
3025
3041
612
1877
3093
629
611
1335
2176
1980
2654
704
3387
205
650
3833
1149
433
2860
1772
2983
2466
1830
3401
3402
650
2470
3570
2519
3851
638
2630
902
1572
3890
1687
957
1780
2699
1118
3442
3217
3809
2433
51
2465
3082
1908
904
3366
1463
1659
2216
2364
2640
2246
2005
2378
2137
1022
468
2503
3526
782
1535
3011
3623
2442
1290
201
2133
3274
3549
3868
870
1058
2463
2215
3182
3858
2954
1999
1875
3119
3681
3909
2929
3191
1993
994
2869
3325
501
297
191
896
985
1907
1617
840
1180
3213
1557
1122
545
431
3154
3159
1499
3286
58
3350
31
2564
1008
3808
1822
2646
3643
1943
222
1480
1851
3724
2983
1929
2339
120
2049
2392
199
2992
2335
3049
3565
1413
664
88
1249
1783
1293
139
842
34
566
1531
1865
1154
545
1707
2863
2692
3527
2830
2188
551
1753
1485
3424
1213
1260
1440
2470
3319
817
3027
2338
293
3058
3964
1517
990
1843
97
2154
101
1689
3518
930
950
982
271
212
3099
201
31
1551
210
1765
3825
1986
2845
723
867
2823
3976
3779
1395
2025
3614
3170
3980
3066
575
3521
3695
1680
1730
488
247
3829
382
1425
1899
1539
2669
94
198
15
2130
2406
3191
3082
128
2543
122
3389
3584
1703
2518
2578
3131
1589
611
3156
3446
2375
258
591
1577
1764
1941
3010
2481
2734
3278
1913
569
2505
2411
2175
202
2147
2034
2493
1624
138
1894
2616
1037
3528
3899
2172
2393
3807
405
2802
1016
3884
191
1931
793
1667
28
1901
3658
1700
1888
2859
2689
553
912
2978
2587
842
309
837
3686
3535
2848
835
3373
2242
1627
1215
2400
636
447
123
494
3419
1599
3680
3120
741
2860
727
3522
732
2342
3104
676
3730
887
1058
3720
1152
3891
323
2913
1233
2593
2258
3627
223
992
1680
1306
2296
486
1511
497
2451
3197
2856
1172
1335
2137
2238
3817
3087
2137
2785
1855
3169
3846
420
3871
432
988
2388
3748
3320
736
2100
2693
3598
3131
529
2202
175
2896
1531
1991
2525
1847
2769
288
146
1978
924
2253
2507
571
2224
1769
422
1050
2402
903
503
1253
1530
3702
1726
3504
3660
2420
3316
1964
3431
1975
2205
1421
2379
225
955
932
3776
1429
861
1010
2887
3955
3091
2494
2902
2910
846
1604
2780
3848
3949
3172
1739
2482
3253
1020
1510
2386
1783
1001
925
2351
3637
1921
2811
1726
3887
3864
3565
2508
648
3299
3948
916
2087
3846
2142
3365
8
3177
2352
3978
2569
589
3191
3575
650
2287
616
559
1998
2165
2073
2085
373
1513
1802
3307
3658
1064
1192
3472
1289
2995
2326
1931
3976
3872
1549
3700
506
1613
732
182
1768
2998
3551
797
1726
939
3053
2844
1094
3996
897
2946
2998
225
3615
1394
532
1398
1920
1560
774
3746
1856
1289
3931
1027
2787
359
2215
1344
2723
3139
881
747
2319
2898
2474
1741
2937
1266
911
1303
3501
761
3249
3317
58
1149
3504
2472
2077
310
1986
243
1524
2269
380
1389
1358
2199
2660
341
2039
3781
1715
2984
352
2547
2038
3646
3740
3320
1605
2792
1933
1399
416
1504
3503
3695
1317
2925
3449
2531
411
2322
3098
1756
480
3420
504
96
2273
1120
2282
1812
92
2632
2407
800
1488
928
1958
3138
656
2436
820
2509
955
3694
2105
3684
1517
2411
384
3348
3442
1772
282
572
3758
287
3106
3992
3595
2754
2120
1744
751
2012
2632
2912
2442
2842
670
1913
140
2899
680
1778
2655
1050
817
1450
867
3459
2837
3396
3689
1532
1213
1882
784
1188
3370
3498
883
3954
3440
627
2022
3411
1807
2799
1631
18
3832
529
2810
2877
1937
3114
602
1058
647
3293
108
292
256
886
693
3559
1388
76
1178
2679
3021
1524
3273
345
1764
3865
2831
0
466
375
492
3190
98
3654
1476
1514
194
2062
3195
2137
2293
1329
1554
2195
3520
3358
3609
3484
1902
1602
3386
2573
3753
2650
2006
3582
435
2945
2425
3130
3514
1184
359
110
3346
1033
3155
2301
186
98
3076
3806
3980
2382
2901
90
1153
1216
3943
2197
1984
168
1197
3617
3482
3095
2747
1195
1816
3473
2617
3044
1487
3017
1190
2462
543
123
3072
2693
2371
3001
790
1090
341
938
292
208
1641
1778
1388
142
1019
3197
3726
866
2936
3490
2359
1951
2132
2354
1936
2144
3903
3739
1952
141
1266
2514
588
1242
2140
3318
2546
917
2364
862
1330
3251
221
2383
2001
1142
502
1569
367
3928
272
1242
2926
3123
718
3590
1210
2532
532
917
644
2746
168
2777
1586
446
3044
2099
3228
400
1905
2932
2588
1883
571
1264
3218
400
2584
686
3534
211
704
1420
3665
181
1615
3959
3551
502
3848
3607
2306
3738
1884
3555
3788
958
361
3167
1018
577
3070
1215
3708
3958
3452
856
2040
3539
129
1112
897
2109
1097
614
250
658
447
3325
881
1679
1975
1768
3491
803
3001
3134
887
2575
4
2516
308
1164
853
358
3085
1551
162
1259
39
2829
1854
3796
1779
2795
1456
3850
2838
3017
1073
743
3405
1595
1865
3219
3538
2205
2462
3396
1920
2295
450
2987
2150
2621
119
3107
3223
498
3076
2582
813
594
1517
3391
845
1480
1739
1372
1168
3076
1954
883
2848
3784
305
1161
3308
1137
1205
758
2523
2703
2750
3710
1226
2024
3770
346
3299
3778
2508
2903
967
3515
318
3200
1362
3570
2284
690
1093
3147
3650
944
16
3252
1663
3734
290
691
3133
3632
330
1951
1573
3831
36
2180
3261
3302
132
679
850
2758
3543
2772
2909
3247
2253
1320
2605
1279
2960
1131
428
1362
3842
519
3519
817
3030
2842
346
2371
565
2418
3802
986
1814
1083
1171
3548
3240
1434
1958
3901
3201
478
1342
2819
476
677
634
3116
3681
398
3107
3430
2132
3427
1479
2214
3813
1407
3373
1380
2397
2329
3267
2306
926
1160
3978
1025
3977
993
985
539
733
1413
3462
326
3687
2443
3000
938
2410
715
2790
3439
3750
2613
2668
2198
727
593
769
2569
2933
3406
3407
603
1778
3976
1465
205
1610
566
966
22
2308
1519
1653
1352
3933
3570
2890
532
449
2719
1624
3269
1390
1214
1685
810
1641
1991
2980
3984
2805
1427
3520
2904
1248
921
2647
1445
755
2583
91
1218
3904
1487
1515
3489
1404
2999
210
1378
561
1974
1375
1811
1500
2271
3793
2610
3148
3347
597
1176
3531
3202
2344
3611
1
2689
326
503
359
355
3616
2076
179
2975
2698
952
1232
2578
59
2433
138
1832
3919
3778
3210
2615
3841
2804
3060
2565
2905
46
1072
2409
3139
3739
3861
1717
2245
739
2584
3666
1793
1731
52
3426
3556
477
3379
3034
893
1493
3704
2492
378
2280
669
3230
877
1072
1760
818
2306
1589
507
2458
507
84
305
619
2531
1187
2675
1114
3303
2865
3914
1294
773
1520
2059
3303
2703
2456
3887
863
2158
2126
1875
3672
1243
1174
2271
172
411
2498
3320
1048
3775
713
662
3614
3597
304
759
2577
1257
1173
2487
250
530
518
2964
908
962
2540
3583
3422
2993
811
3033
72
1781
301
3953
375
1248
802
496
1966
2853
917
3652
2582
2157
2039
3777
3268
1318
1540
2816
778
688
435
1203
786
2307
2064
740
3691
3199
1510
2565
3534
2212
238
900
1781
3291
3866
1074
1528
1153
3930
1400
2641
533
563
2517
2737
622
224
563
1542
3502
1244
3002
2259
1463
2258
2847
3523
519
2296
649
2037
3211
821
2327
3718
2259
207
1258
3508
740
2426
3343
1851
205
3983
2057
1613
1078
678
1327
744
944
1654
2469
2356
1111
1314
1909
1278
3834
906
3218
123
3784
842
3509
2389
821
2635
3417
3974
3253
3450
1884
2078
369
652
2697
1798
1410
185
3878
368
768
3254
3276
2011
1438
2560
2633
713
1225
3183
2166
2543
3553
3500
1409
3006
169
1843
133
609
3090
2908
1396
659
3793
1217
634
2705
2020
658
2406
2512
2521
199
3789
1134
1709
803
1244
3452
1198
1506
809
3835
796
1958
2648
1878
719
3966
2496
3620
2767
2012
2211
3697
2632
2806
550
3740
3716
3372
1642
3099
1906
1967
1220
3416
783
1623
479
522
1430
3038
3443
268
1395
1617
2749
2433
3833
372
3480
3135
1292
172
2192
1515
1828
2091
1801
2638
2001
10
1753
3638
3141
268
1866
1825
1094
2973
2729
2600
2012
2710
2592
2157
1205
1500
2002
980
1165
1470
2911
1010
1641
1158
2736
690
1608
878
2517
2694
3963
3057
26
1176
2536
1336
2338
2971
141
2880
3080
3278
1725
2423
209
3370
2291
3409
3704
1264
3096
117
3057
905
1190
3253
3796
3967
460
1556
1727
3338
1520
2366
280
690
1055
702
2657
1373
143
2001
987
300
1601
1738
2529
1618
2445
1040
771
2654
1082
1353
2681
748
2691
3780
1745
2195
2420
3672
1370
3803
3407
2555
3472
624
3561
545
1341
674
2731
1845
1679
2767
3509
11
2366
3017
2077
789
2119
2219
2028
2685
3819
648
1413
423
2329
761
829
3484
1488
35
2442
467
765
1825
1716
2473
1143
803
1986
12
1995
736
2615
770
3224
1949
2019
616
677
671
2356
816
1821
2316
1887
2533
1029
286
3919
2781
2254
1097
678
2810
2357
949
1724
135
2192
1184
1417
3815
3524
2575
507
2331
3714
2731
2333
3628
647
2278
3266
2578
35
824
2091
1571
3188
1362
451
146
1340
2531
2435
1393
1881
2526
2800
1131
3785
3495
3059
2505
717
858
2933
2303
3455
3066
8
3616
1048
2997
266
1439
1511
294
1666
2086
3921
989
784
531
3291
3503
2534
3561
623
1756
3374
3071
483
3235
3040
3893
1161
3231
479
2326
1360
2219
2658
1624
1220
1858
3691
3587
2206
3469
1702
2163
2347
2611
3673
277
3008
3510
3317
87
1737
623
3251
2793
2442
2503
2536
572
1910
3757
765
501
3235
169
1834
177
3056
315
2081
824
44
3099
1510
2673
1622
3199
1569
9
3628
640
3087
457
3329
1935
1459
894
2086
1905
3946
1792
734
3322
146
72
2361
3887
2062
619
1126
283
359
2821
2727
3784
2222
1249
3905
1104
2854
3261
2235
2375
1248
2476
3066
3048
3885
1802
438
1124
2283
1008
266
1393
3783
1612
375
1211
3213
478
591
2011
2691
814
2655
1416
3056
197
630
1579
1630
342
1988
183
3328
1344
691
2407
181
2202
1131
2648
187
2994
2119
2152
2302
1968
2014
98
81
66
3721
1194
1431
1922
3144
573
1179
1655
1875
3955
1361
3882
32
2922
1358
908
3324
3266
60
2228
938
3674
308
835
1953
3098
3224
1879
3711
1897
371
3411
520
1288
2526
488
1463
3159
790
3936
3928
2705
1017
3544
3874
2369
1701
2443
835
1033
1049
2967
3435
367
2868
1851
1412
3324
3660
1124
2279
3508
922
2029
1202
492
3875
2485
1460
3762
1758
1489
662
2724
622
868
458
2393
1608
1300
1642
2347
2130
2305
2431
2152
3294
129
83
1555
248
3946
1770
2629
1889
1673
3471
2611
655
1279
2142
1233
3209
2208
1737
1413
521
2624
2024
2281
1324
2028
2181
3866
507
3559
1341
2487
3703
3277
89
125
2353
3777
1080
3119
2828
2871
3972
1680
1540
2127
1048
690
769
2986
1465
3222
3359
3751
1806
10
2152
864
591
2648
361
502
1123
1246
735
875
3393
530
358
3436
82
1004
3989
737
1597
177
1180
3205
339
3015
3412
1266
2054
2264
819
110
25
799
3867
760
291
3949
3508
13
1657
3612
1000
3284
3758
3964
1368
1212
3135
1483
400
829
2238
1584
3408
3894
1033
1886
554
1398
3304
2417
2396
3593
2056
2385
1636
3559
1553
1739
1374
1919
3277
889
243
2876
440
508
3078
3635
2153
2022
534
300
1071
2085
1792
3921
2769
590
3872
2487
2798
255
927
1100
436
578
3029
807
2033
1621
912
1987
3927
3182
3232
3342
93
308
3683
667
875
3921
2058
2094
3770
1379
1030
954
632
2855
3697
219
2058
2317
2146
24
1455
544
386
2234
2290
3351
2326
2918
2098
3640
3021
3344
1792
2711
2499
505
3024
1558
2108
3586
2545
324
3063
3412
1982
3712
3751
1337
3960
523
61
2581
2014
2637
3065
847
670
1143
2225
180
2268
2952
178
2122
3088
2258
818
272
2452
846
55
13
3238
1499
3719
3161
3712
3751
677
1328
3013
2316
3331
3988
3280
780
2695
2907
2657
2488
1628
228
2095
3556
2957
2897
3276
960
2616
3363
2345
2134
658
2286
3976
487
2436
3480
475
2621
980
580
1694
2797
3627
1069
2181
2041
475
2441
3959
3707
752
3128
964
51
2092
2202
2889
818
1182
56
3995
3118
2199
3780
1822
569
1985
3639
3876
21
1165
1302
1686
893
529
3242
1778
818
3565
1774
989
474
1048
586
1028
2008
1596
3031
3863
324
264
540
1006
897
3602
2330
1317
646
1631
702
1302
2114
1418
1538
1543
587
343
2862
3012
727
3450
1280
1675
1403
2152
777
1637
1669
3865
332
2288
701
745
1299
3461
3385
124
3163
2655
1656
3658
657
3291
3326
806
2200
569
3830
1613
383
3310
2411
1446
2314
1036
3343
3993
3078
2488
2570
1845
1000
3853
2328
70
2325
3838
3906
975
1920
1825
836
1355
1150
990
2024
2522
2607
3936
2701
1406
1848
2059
3123
674
957
1406
117
1138
26
3003
3688
3348
2453
854
3538
814
736
2731
2578
1844
986
3096
3802
3664
1956
1053
3789
3193
3599
1388
2173
2436
3479
1724
552
1214
3887
1469
3265
1015
1558
1542
3556
2385
3152
1077
3596
474
1876
561
3393
1669
2933
3361
3686
3596
3235
723
2562
482
2716
2385
2087
205
2508
1746
249
3182
1237
157
2507
1486
121
401
153
380
3436
1041
1878
921
638
1332
3845
3752
1467
1449
2918
576
3817
2823
1353
1113
2338
1699
2155
949
1424
2981
2370
2796
790
3051
2455
1338
1309
3431
1501
2328
1956
3167
1019
3015
808
3145
415
1580
3477
2415
2062
2518
739
3582
1756
3380
2566
2635
1882
2645
1105
3402
3674
2516
1174
2476
996
755
403
557
2048
1447
2827
800
3454
995
838
2538
2287
3022
1816
2745
1446
3809
331
2155
3013
3286
806
1227
1016
2890
2618
2027
2044
2148
3306
353
2500
3382
3826
2520
1715
359
2688
3024
2470
915
356
1215
3903
55
3007
3641
521
1794
2922
498
2747
1856
1670
2440
3406
2210
2189
464
3527
1417
3822
1514
2856
2419
3860
57
3482
2595
1606
2083
1557
609
442
2952
251
442
2412
1159
2294
73
996
3882
986
3774
3808
2362
3728
545
2372
1944
187
935
1251
561
1550
1353
3333
914
3676
2801
3419
2400
1483
426
3216
3242
2212
2204
3874
2033
132
2889
1470
3609
2919
976
1719
808
1300
2540
2071
854
1045
340
2293
3098
2773
981
2363
467
3806
1497
360
1292
9
1597
1688
1915
3142
2428
706
3329
2839
368
967
813
2074
2459
1861
2749
273
1636
3648
1784
374
2087
3323
241
1233
1515
2030
162
331
3175
2376
3962
3163
1721
2071
3709
3149
651
327
1874
2539
1684
54
2023
403
3041
350
179
1474
3678
2337
1934
1817
1716
406
2656
1890
3528
2149
3276
1513
2357
599
2494
1653
1171
3555
1569
2123
3553
208
2040
715
2196
3716
1788
548
1539
704
2375
2407
2764
1622
2866
2007
2614
700
397
3390
1611
2591
3391
505
1865
1939
1362
236
879
1755
718
791
3222
1512
1893
3978
586
140
2114
516
86
3028
3848
1982
647
1897
3688
2440
3160
3992
2028
507
114
1541
1930
391
3335
3625
3322
1141
2255
3151
2014
1788
3698
493
881
3952
3150
2232
3221
1569
1074
792
129
3226
2839
3928
2281
2945
2180
355
1518
666
3567
1095
545
2210
1193
2662
2749
2362
1094
1584
1189
2440
1374
2425
2577
623
2118
3108
2559
2281
1335
2701
1143
1787
3910
468
2023
2659
277
3547
982
1622
624
357
260
624
922
3468
1460
136
1754
1961
549
3181
1600
3970
2239
743
3340
2311
1439
540
1306
2155
1157
2303
3959
3574
1790
736
3616
2100
552
3917
450
2284
588
704
613
1540
139
3160
1265
1273
3465
2927
396
2888
652
3212
691
1749
2430
2173
1726
3182
3768
365
2287
3426
2904
2619
2910
2051
630
1863
1871
1330
3059
3554
768
3489
3247
363
3551
2840
1726
2485
3249
3296
894
287
3203
573
760
2937
1392
3289
2396
996
3312
3165
3116
850
2648
1097
521
2491
3827
319
364
3979
317
1316
3628
1755
2268
2039
3235
1611
568
822
2417
3457
3676
325
2558
2210
1223
327
383
98
285
488
636
1457
3733
680
2855
954
1999
3488
2214
2429
3084
1410
2885
2551
28
3320
1745
823
1084
950
3318
796
3620
2367
2116
3104
3909
170
2420
528
3120
1392
1666
2188
2839
409
3199
2351
937
2802
2601
3847
238
3655
1548
1675
2280
3483
494
435
253
3079
2692
1775
2850
2394
970
1824
2027
1461
2084
2182
438
3273
248
2226
793
616
1128
2846
537
2287
2599
3224
1958
1087
882
3988
1307
1095
2474
1363
177
2076
3766
1781
2238
1996
3172
2686
3583
3076
3251
569
1384
61
704
105
3645
1618
1900
3867
137
1921
3531
2514
1370
122
2703
235
2485
2555
3510
1626
1564
1831
1516
1251
3499
3093
3255
2787
542
3827
683
3885
245
438
1288
2355
1001
168
3247
2357
1401
3137
2189
3416
1168
36
400
3191
24
3823
2799
944
1362
3575
2890
363
3199
2228
3794
114
1911
3306
1834
3429
910
3742
1232
3176
472
2504
2850
265
421
1714
2996
2765
435
2118
3968
2133
2978
134
3590
152
1223
485
1364
74
273
1559
1916
2338
3414
119
920
696
2889
3807
1367
1018
3380
1632
635
1498
3774
3910
1172
2104
3026
1406
1964
125
3490
2423
887
3733
2111
2492
2020
3188
3361
1705
1768
1707
1239
3462
3189
758
959
3457
1131
3977
191
107
28
1991
1245
272
2081
2151
1935
1993
2262
1021
3216
3151
3504
464
1661
472
2937
238
3808
1218
2274
2027
3587
4000
1898
3122
2869
3292
373
2087
2648
847
791
3223
1611
18
1936
2782
2606
3598
2430
3605
3455
1280
2693
495
3710
2886
3385
2360
1332
1217
16
452
862
3144
3992
3333
1585
3083
1041
3196
1007
928
2162
2954
2470
465
553
2749
866
1617
3278
2641
1796
2847
2862
2790
509
1497
2767
408
2319
937
3554
88
1237
3936
145
1873
562
3625
2346
3853
376
2873
1521
381
3116
2948
363
1939
2135
2114
2170
2295
3546
767
2680
3676
3040
648
3903
515
2368
2587
1856
453
3952
2693
1925
2962
831
2517
2226
2973
460
1239
759
3760
3276
1777
3684
3193
1533
3938
2361
739
117
3261
2592
1885
1224
914
2178
1324
2264
1050
1417
1216
1831
1619
1459
1756
2155
3884
3859
1483
2185
487
2286
2887
376
3881
3040
1190
3772
455
3506
2683
42
849
2946
831
3419
1007
492
2854
2991
3853
1014
1167
484
2600
1909
2007
2302
3832
3364
328
3652
1804
2444
1320
596
2010
1587
1032
3073
2369
705
3444
704
3566
3479
2253
145
2142
3573
21
3598
3624
219
3946
1078
3258
3952
2956
342
2731
1003
2019
2271
1101
2247
924
1245
2970
1110
3124
3101
2242
2748
1017
1293
2408
3876
3671
38
1793
226
1255
2681
2030
2246
1839
2328
479
489
3582
50
2625
1567
2318
2261
3483
1640
3357
1940
348
2746
1766
816
2968
164
2321
1005
3161
1597
113
3818
3140
2840
3508
2854
1665
3479
3902
2635
3681
3429
3070
1678
36
1299
1395
3505
3520
393
3237
3834
2419
3599
2178
3881
1707
3610
1785
1495
2121
1889
2969
3300
126
1045
1973
3787
3252
3918
2675
1827
1665
2951
894
1233
109
1850
2923
489
2696
1534
780
3350
424
1055
2428
1617
2439
2043
1334
252
2794
505
3062
972
810
1727
1779
823
490
1670
1279
1505
2786
1591
3118
2309
199
1818
2234
1899
824
1369
1403
317
410
1439
1479
3241
1860
3044
3901
2412
1289
1194
1080
3053
1125
2887
3129
741
1903
217
1710
1744
3365
1735
1172
1019
2820
2005
587
2405
887
1021
2939
142
2602
978
525
2712
1104
731
3408
931
3313
1434
1194
433
2378
1923
2441
814
331
532
1015
1606
306
3889
2510
2014
1149
3891
1067
3741
445
2432
2053
442
1623
2624
3684
1959
3206
1663
3207
1116
715
1996
2799
2
2168
3571
1260
1539
651
767
667
1931
3722
2559
1774
50
1026
1205
400
2289
2082
2450
2716
2258
3081
3550
2716
176
2750
2433
3053
566
162
2879
1555
1696
822
3516
2720
1102
3699
1163
2581
1800
32
1360
3935
2338
127
3961
1789
44
3129
3176
1960
2981
2513
3350
2964
575
697
808
3533
2888
1304
2063
2277
3089
2700
3808
1807
3988
2228
1857
1700
332
1114
3684
226
3983
3645
2170
1306
2520
3274
2365
1958
3305
719
3416
1138
3614
2169
3829
535
1435
3186
2071
3423
1413
2932
1340
2428
2186
3237
414
846
1446
2895
1611
2176
910
2331
3559
1059
3652
886
3047
3843
3397
2824
859
3579
3251
200
983
1061
986
2736
12
1993
417
2074
2313
1267
380
783
3838
2336
1115
1357
3528
334
64
2293
2927
3834
3505
2204
2488
3372
3947
58
474
914
695
644
3095
2388
3737
1198
3527
199
1157
2154
477
2620
3720
3016
1540
850
3722
2469
1842
1208
3812
3228
613
140
2536
3699
1076
1345
1031
2907
2190
686
2214
2106
3571
2364
1063
2887
13
3835
2364
1584
992
651
1058
2607
2467
1605
1330
950
141
235
2878
468
2790
2085
1673
1673
1407
3471
3471
3671
3429
876
1454
3339
3716
323
2627
2585
1313
1542
3360
3176
1058
1160
2509
550
3600
993
498
2235
1120
749
3235
1952
2546
1154
242
729
651
2786
92
2035
606
2095
3246
3676
716
2462
1783
2220
1526
1689
1268
3790
57
2606
3402
3762
1152
2603
2166
3881
2937
3893
96
1774
1261
2323
1041
1834
1943
2634
383
1805
2802
2403
1058
174
3595
44
3983
2079
1829
3058
2384
3769
1470
855
3119
3487
734
1955
469
2913
1556
2292
2432
1506
1032
3878
1170
905
2315
668
3747
209
774
45
3260
3675
2574
3610
480
1204
767
459
316
2725
3240
1433
3390
2342
2838
1581
3886
955
2377
3040
420
3522
2336
3355
1046
2723
1872
806
2598
2713
3319
730
2880
1039
179
3781
2
2013
2082
1033
3180
1684
1550
3392
3309
3682
2779
2986
678
3194
3822
2328
2465
3057
826
3883
3976
413
1923
3791
804
3504
514
3555
2202
2154
2859
3323
2953
705
1096
2602
8
1758
1629
2878
3036
722
364
963
1492
1391
1316
2322
645
3166
2747
3169
3930
2666
1766
3279
1823
2835
1527
2020
3210
3910
3339
2099
151
391
794
3101
4
2143
3538
1001
1648
3074
1259
2231
919
3497
3789
1223
3117
2254
527
785
1157
3631
407
1645
2088
1652
1819
1124
3941
1525
3779
482
112
1365
722
1469
237
1054
2012
1067
1178
774
3492
2438
2141
456
345
2017
1957
3254
729
2605
2705
3619
3202
2587
3405
3486
780
3189
161
2088
1980
14
134
1157
3728
2115
382
2373
1642
1207
2116
994
1951
668
788
1569
2878
2060
3879
3691
3670
2913
1346
2528
722
1833
2498
2624
3172
3956
3110
3671
126
418
762
2171
3871
2704
837
2924
2046
2788
496
992
2364
459
2664
1987
328
1249
1835
2627
688
280
1966
144
3770
2970
2876
449
1461
2758
1068
1955
3543
3511
1327
2236
111
341
2165
2604
1234
1932
3718
1160
1641
2962
179
1777
3383
2133
2336
1952
3850
764
2295
3013
622
1811
1807
3543
3944
2251
746
1707
1379
1372
1292
310
1195
1856
1328
407
1583
311
62
1539
1623
923
1504
606
1447
2857
2923
2022
2252
1925
1062
1770
645
2928
2674
2155
2253
443
568
3875
2880
3043
503
1686
2057
1979
1861
1670
1618
446
3227
3162
3357
481
2183
824
2372
608
3957
2316
1548
1064
3276
1006
3802
2637
1958
218
1903
734
3590
1354
3731
1158
510
763
2161
1728
3705
180
3232
1723
1002
1596
3522
2180
434
89
588
1541
2121
2987
2266
566
65
2659
3204
2262
3770
485
3634
1457
2807
972
2134
120
925
3110
989
872
3888
2854
387
3080
340
3834
3474
3679
3523
684
1893
2042
3780
672
3774
2003
1504
2740
167
3781
2754
412
1978
73
1867
3606
3722
2212
3463
2806
3089
2843
167
98
3810
1146
1810
2131
2764
1456
336
1503
434
34
445
1746
2407
3561
3572
1690
3529
1910
3462
2566
924
2028
2879
1199
1363
4001
675
3087
2304
3331
2515
1325
2300
285
1168
1339
605
2775
95
3960
3810
720
1553
1966
3275
3586
339
793
3073
3455
2436
1267
263
2245
536
388
3074
3976
1248
1541
3186
2158
3489
3791
2180
1715
759
2837
3256
879
1311
1961
252
1372
3676
2159
1276
2733
2211
3952
692
1585
3923
560
34
2114
941
1726
3543
2103
935
1057
3937
3847
2983
2238
1195
2589
598
3460
1039
222
2034
1437
1033
2789
1694
153
1492
2966
3703
1012
1678
748
2265
3339
2545
1844
724
3550
2140
23
3090
2814
3920
3964
202
1397
949
12
556
3636
916
1563
1809
219
1406
1316
2147
2547
2517
1850
1409
1384
2133
1087
1147
3050
122
2670
203
2334
642
745
2728
3554
1975
380
3318
1800
2740
3042
3564
2008
2937
3065
2120
1112
2593
3556
3229
2644
1200
3539
2114
2854
1972
3426
1089
1974
2405
2938
3180
3934
2869
329
1946
3497
3270
3210
1807
1684
3465
32
2079
370
1820
1558
1449
3754
1302
572
1066
583
2685
1096
1892
3084
3474
339
84
2002
974
1927
1429
1403
2226
1792
1770
1579
1969
152
136
2891
724
1460
505
538
3008
846
2940
2007
1565
201
2169
1872
418
3069
1172
3511
414
850
781
2279
3469
1164
1385
1641
2612
625
2535
2516
3316
1679
65
2702
3383
745
456
2540
896
3695
3223
477
1073
467
3500
622
421
148
375
2597
2552
1490
3163
597
2870
1453
250
707
347
3909
1981
2924
2434
3199
3075
797
2612
521
2283
3261
3906
2905
3019
3325
438
2731
896
3671
2661
2108
2983
2976
1054
1248
2563
535
69
3551
1861
193
3717
2094
436
3837
2228
3683
1341
86
353
3624
1148
1908
3734
2877
1470
2915
173
1524
2176
3911
1137
1363
3423
34
358
1250
2632
1475
2103
3452
3501
981
528
1462
1707
322
2120
32
2825
199
3595
3196
3687
1145
3295
1986
1872
2794
527
3469
1272
2375
1254
711
2116
141
815
370
2265
1659
3438
2568
294
2018
1770
584
2003
3458
3150
2671
3069
3290
2370
2970
200
2380
3848
1429
1708
120
19
1491
1651
1369
2210
2078
3702
2191
1951
90
3811
1015
3687
1462
3052
2391
1812
1578
1173
712
840
332
662
2908
3006
3427
2472
949
2364
3410
1429
3374
2783
1167
326
3842
2731
1353
3725
3885
3632
3663
222
756
3835
3924
2747
2257
3881
1843
345
1114
102
263
1143
1754
2628
3433
1936
534
2054
3831
1001
1561
764
231
2099
577
669
230
1654
514
1054
532
731
1553
1541
2631
2952
2426
1838
3136
2637
3293
1334
195
3695
2126
2341
156
855
2791
2290
2673
3304
691
471
323
2139
2878
3461
3465
1659
1720
3843
498
2047
1800
2136
1263
1002
970
3023
2593
3266
2070
2651
288
3106
2751
2051
3683
2221
1450
3721
626
739
269
444
1641
2526
1071
1021
961
1144
1669
1278
3269
630
1572
1079
2086
3830
3858
1207
871
1357
3031
2356
1106
3201
2541
1411
2400
2331
68
3786
1388
3240
3982
1732
1647
3118
1508
36
3251
2006
1761
953
687
389
2473
1447
3702
1964
1261
2914
3667
3198
2569
1350
3028
3462
2776
3054
3764
197
2180
3072
2896
3545
2584
2329
1176
2153
606
2210
1306
1593
1833
626
3227
1879
315
1455
982
1217
3712
3163
3943
1662
2777
2388
1131
3579
482
2094
586
894
854
2987
3183
1601
196
1184
2873
780
1755
505
944
3804
1599
296
2664
2396
3252
1330
3276
3556
1697
3314
3811
572
2933
3061
954
2533
519
794
2873
2888
2968
3239
891
176
804
3215
1805
3830
382
936
1224
467
1412
3603
663
3538
963
1510
3598
3580
2711
3669
3167
708
2208
3774
965
1715
1132
1433
1507
1723
3348
3533
2867
1902
3437
3868
832
728
1374
2841
554
2692
3756
3462
2714
257
3690
733
206
1117
1031
3538
1935
1190
1159
2539
1846
845
438
1729
51
1184
1394
3893
1363
336
538
1797
2037
2582
2944
2062
1408
3340
1702
3206
2638
3555
1186
666
2841
2013
3316
2213
391
50
15
3743
484
3340
2104
753
2645
1260
1786
3143
3271
3763
2431
2546
2285
2810
2909
2849
3088
3113
1463
2236
2235
1437
2978
3787
3970
2149
3975
315
1520
485
3610
1433
3951
1948
1601
3096
868
2095
631
3664
2846
1622
2504
308
1851
909
2129
1835
903
2011
3615
1591
1089
3877
683
2961
3384
3671
1130
918
3138
1617
2901
2337
536
2502
3861
2139
133
1515
971
642
2059
2013
55
3242
2877
3647
3122
805
223
1466
1709
3831
4000
2780
3932
2537
1722
2270
1576
3753
1162
1971
804
2922
3489
1639
1799
2815
2185
1693
422
3189
437
2912
774
311
2375
1403
1990
3857
2234
3387
2584
1842
730
3411
3161
3220
3834
3971
710
1145
2336
2102
1416
3579
2836
1258
3671
3724
1189
850
2245
3498
545
2249
2872
3248
2770
3779
2222
2564
987
2416
3302
996
3419
1663
3466
434
3348
1362
509
1848
1804
1043
1992
3252
3949
2673
2038
1102
3320
1493
2647
314
709
481
2101
768
312
3668
3614
2172
1953
425
3975
3637
2118
2811
2613
3513
3960
1841
836
1555
2439
1380
3818
2174
3132
3475
815
1498
2111
3746
3183
2696
2107
1068
3722
483
2712
1110
1382
3649
3425
693
1845
3032
3846
660
2679
151
211
3649
2367
1548
1100
1715
1415
3194
3116
2974
2201
988
555
3637
1174
3674
2428
676
1048
877
2966
3948
3679
1671
3023
3664
2707
651
3540
169
3066
429
1742
3043
1959
3887
853
3976
847
1842
2441
1622
1926
995
2530
2728
3627
2122
3746
1298
424
2020
3967
3017
2238
37
679
2746
570
1343
1000
1583
3462
3525
2087
756
799
1047
3409
2210
1357
2221
248
393
2165
1111
3867
1432
3772
3528
1083
1950
52
40
565
47
423
1378
659
492
643
341
1872
2300
36
1646
2150
1704
2680
3480
2595
1306
3224
2746
1258
390
3053
520
1935
804
3280
1498
3089
3735
29
883
2087
2824
68
1781
476
1766
1618
3995
3093
3560
2408
850
526
2961
1484
1027
878
1038
3569
3876
1912
3191
2548
3753
492
1816
3377
653
1604
1203
2188
2185
770
3269
228
524
3885
656
91
2352
1357
3771
201
354
991
40
3725
2926
2384
3591
2130
3519
3474
3508
3740
1758
550
797
1971
3715
3966
2899
3915
3434
3862
3183
1590
2565
3516
686
2172
2399
325
381
2706
1048
528
1180
129
2166
47
1611
1637
3800
1298
410
659
125
1883
2722
1139
3044
3241
1021
1666
1187
2760
3795
2764
2566
1090
612
3532
3569
1273
2227
842
2109
178
3681
873
26
210
1399
1558
3954
1048
2423
1501
3862
2269
1377
2839
2746
1827
1627
2813
1944
240
3847
1954
2343
3456
2812
2593
3651
3656
2581
2747
3995
1615
1595
1088
2858
410
904
2051
2162
565
1728
1018
34
1966
3483
3546
256
628
3299
895
3391
1498
2761
890
1976
3300
2696
2065
1389
1275
1330
3490
2232
1138
3117
363
1541
1892
9
1395
967
270
685
3015
1201
222
2854
502
2736
1752
1287
3829
3262
2616
3005
3994
3182
3350
757
1734
2367
20
480
1291
193
2390
2568
385
2007
2455
3490
1139
3151
2146
2801
1698
1932
743
848
145
3840
463
3691
2485
3186
1116
1396
3947
1742
1623
2127
1135
2176
2983
436
918
3695
1692
2005
1593
1970
44
1889
2308
704
39
461
3753
177
2656
3296
2105
2622
3722
3149
1803
1095
2446
2894
348
1368
3410
334
25
3935
798
443
317
1638
1857
2827
176
1899
794
115
1770
543
1191
703
1093
1316
2333
2752
1278
55
2153
798
510
3293
2925
1678
508
1317
1807
3903
3785
296
3135
1092
826
2656
2466
3624
1679
2202
3076
2321
2171
3855
3942
2834
3386
3965
2346
443
432
2000
2430
1422
139
3612
1812
1508
3758
2569
3121
3742
3197
1166
3581
2798
3548
690
819
1669
1078
785
2820
3442
3021
1983
3582
181
1253
3731
2363
436
122
3062
356
970
3717
1589
2624
1313
3910
939
1225
606
828
1633
1544
1100
1246
3297
1190
2304
3882
3226
2227
607
1834
3873
3849
3583
2097
693
2171
1659
398
679
2296
3125
668
3953
36
2063
3704
3285
626
2352
3209
1204
2870
956
894
2305
2264
2998
1545
3519
1769
690
357
553
2223
2864
2316
3957
1770
88
2111
2466
987
85
2750
2443
3245
3666
3959
1206
78
2075
715
707
3468
1430
2066
3193
1205
3704
2804
1595
2449
1437
2201
1118
2671
3170
667
2775
872
912
2869
1336
1996
1841
3545
2462
3067
1897
2944
3407
648
3913
3258
3760
2161
810
3641
1997
3579
1359
2923
57
3570
2829
1730
1089
1403
3535
3234
405
621
3977
1590
1162
2690
3810
1336
209
99
1206
3756
3600
798
3478
3962
2878
2084
169
3868
2659
1615
104
1430
5
1715
1575
2248
967
1225
771
931
2548
134
333
1481
3408
465
2886
1266
2365
1605
1810
2138
3850
1791
2527
715
1428
2642
1313
2264
55
2255
1141
233
2390
1713
2999
2379
1165
2493
1036
3165
1677
934
3631
2342
778
1524
1242
2487
3465
657
2937
2610
276
3907
2562
2413
932
479
2543
2153
1803
3358
115
1159
1863
2394
2333
3443
2815
3775
2851
1623
952
3786
2846
2638
219
1593
460
3946
3542
1817
2466
3854
2691
3313
399
2789
3586
3517
1659
1953
14
3856
2279
2074
1461
1892
1065
3590
2934
2080
3417
2404
3731
1770
760
2254
3308
3945
900
2870
1269
2621
1604
3439
2538
227
2774
68
2733
1751
3659
1325
3759
3119
3335
2675
1399
807
1152
2426
1762
506
3202
2587
3406
3167
1412
2205
2715
3682
3170
3161
3593
90
3948
3554
351
3746
2006
2428
1547
2882
715
3939
379
3420
172
3303
589
2453
1803
507
3137
1631
2712
2323
2102
2178
3907
3313
1199
720
1430
1443
3441
3423
2822
657
2335
3258
3232
2880
1591
1624
276
197
2303
792
100
1105
2209
2663
2275
1179
879
3906
2004
1160
996
842
3089
2307
2129
3906
2410
2295
1745
1671
3920
19
344
63
705
1817
2915
178
2931
2956
827
2090
338
2263
1193
3465
487
746
3436
2402
3682
2785
149
1971
2872
1574
62
1549
3548
2077
2996
3555
374
2164
2320
1324
974
1196
1364
3474
3650
40
38
1217
89
3151
3780
2662
232
2992
1625
2823
3918
3113
3930
2053
3950
3286
3168
624
2894
1938
2624
1139
2196
1657
1165
2195
283
862
2456
2869
3897
59
3404
3688
2963
3623
686
223
3838
636
2816
1135
3408
3797
2626
3629
3122
903
1107
1099
861
1701
97
368
1010
2374
2545
3544
3832
2509
1323
1676
3974
2119
926
683
1896
3186
946
2022
2785
651
3090
1905
3916
2510
2678
1407
764
148
1641
3492
445
2065
2583
2813
1502
1437
3195
136
908
126
1648
1433
978
736
2453
141
3829
1470
175
1808
3430
2348
902
1249
650
1060
1371
1746
884
550
3900
3723
1953
1718
3906
2517
3133
125
1259
2082
2690
1663
973
1535
2654
3141
904
1380
225
1248
2795
1186
3610
2985
1070
2789
1039
2876
3059
3514
3883
2271
479
2828
2871
1871
2981
78
992
402
1974
2765
1627
1104
318
937
309
942
3117
2843
3747
3342
957
1805
355
142
3912
2329
1531
274
3171
1316
1261
2218
938
2021
1360
3461
1161
664
1207
1940
248
464
923
1331
2784
270
1465
869
694
2807
1728
2197
248
1601
1433
1153
2102
2993
3850
2063
3371
197
1805
1114
924
15
1989
3500
3042
1995
3692
2355
1124
3743
2938
795
3861
2395
2003
2202
2921
1663
175
1824
3356
1412
1647
605
1585
3154
2868
3162
1410
1157
1902
519
2003
3460
2749
676
2076
127
1211
3721
1760
1613
2367
3548
2738
1303
255
984
838
2126
3959
642
1200
3530
646
1915
1375
2472
2125
578
291
1284
3334
2303
2440
3685
1249
2792
1852
2573
2249
1488
3583
2758
2091
2244
3552
349
1396
1310
2393
1298
537
3562
330
723
378
83
629
3202
2407
630
2284
2090
1812
3471
624
3154
1258
3957
144
2467
834
3881
708
3735
1530
1110
1647
3018
1059
372
3388
2919
1336
1177
2179
727
2739
3592
735
3579
1367
2475
36
1636
659
928
990
95
3505
298
3264
2494
2687
689
1629
424
2718
18
3693
650
2060
3978
1507
627
1667
1325
35
1026
3202
2310
7
789
3506
3191
2862
3169
1883
3753
3472
761
964
3087
592
1362
956
2535
2427
2162
1353
879
1549
1085
1014
2841
543
249
768
2957
3687
1519
3564
3090
743
751
2151
2777
3743
1653
3742
1131
2739
537
2046
2192
1450
353
2039
554
2328
1266
1958
3501
1770
2256
78
3935
1315
2259
3833
226
3535
1674
3573
3314
38
3404
2622
3069
1054
2398
1159
925
3671
2041
115
378
2706
3523
1261
1728
2752
3142
219
2182
2700
1263
2151
2624
2027
339
144
1714
3659
1223
2809
1631
51
1186
2110
1614
58
2082
1200
2558
1823
162
1584
2851
1213
2244
3103
2598
2207
949
1560
18
2507
1887
2559
1034
3342
0
3702
3929
3200
1171
2456
1835
3803
2236
3695
1337
3638
2728
2661
3364
1928
1756
1487
3453
2591
1130
2340
2318
2228
3910
3438
2493
1342
3419
3802
1677
3534
983
1766
2848
338
561
3992
666
2256
349
1350
1797
859
3783
2634
2747
3889
1634
2080
539
3186
1823
3707
1618
833
577
1222
1388
2352
1448
2465
1527
3684
3215
2072
2861
1030
2100
1353
2672
3360
2180
2888
3091
3735
1891
2967
3593
484
3288
726
461
3557
302
1923
3653
3817
3043
1016
3829
2948
2663
1254
3884
848
878
354
2403
1563
1246
2977
3211
323
3742
3284
2825
1623
1907
2270
2634
2662
3017
401
3697
726
1096
3894
2082
2015
2372
2377
951
349
2877
767
3523
3932
3709
3657
3260
1199
1749
3499
2410
1362
205
1149
17
473
3474
2759
2666
427
3449
229
3311
2192
1744
922
3011
3935
2352
2132
2735
3925
2723
3644
1135
2499
3284
60
3455
128
1914
1076
1493
849
3845
59
2879
1655
3905
815
1388
1573
1058
3342
2007
3491
2960
1093
2741
3430
1579
1673
1487
1356
2350
709
3073
1431
1036
3854
2634
2074
2819
1541
3032
3729
1495
2022
3364
297
3648
3086
297
2685
516
3474
3729
2897
2623
2367
3454
3773
1472
83
2252
3994
2989
276
2180
3226
2809
1888
2183
920
3894
2122
2785
2644
1800
602
1980
3619
3609
3797
1614
1217
1430
2688
2059
1320
2443
2329
2325
3210
3556
1781
2385
1099
858
68
1817
3697
1531
3079
3989
1341
2079
3499
3064
1509
659
274
344
3048
149
926
1666
3620
2292
87
2586
2860
2781
1920
447
1870
3585
275
596
1762
2226
113
1341
534
2314
3741
3489
15
3814
2067
2453
3274
2949
3662
325
3078
590
2748
1626
1862
1428
1495
3261
2621
394
191
3281
2204
137
2822
927
1677
441
3641
3403
718
3762
2063
1749
646
3468
1272
372
612
3659
1350
3044
3684
1174
2765
2201
944
2631
1986
3362
1285
66
1697
1802
840
999
3489
3029
3522
3598
2321
255
2000
3412
484
759
3334
2468
3235
3809
489
3593
2295
2588
142
3346
1797
930
860
2716
2064
1710
1189
714
509
3447
3572
2341
2825
712
2693
2991
212
3439
2191
396
37
1018
2821
751
2405
1978
2612
2319
2365
3738
337
2341
2922
804
1566
1291
3801
2910
3210
216
3347
237
1753
298
359
135
1931
2722
3791
2860
2377
2452
3878
934
1031
3094
1144
350
3508
2289
3544
1316
2964
2074
3877
1074
340
563
3935
503
2950
440
3540
3144
2511
1553
2087
3710
1959
1456
1059
1009
1880
2666
3191
3319
3560
2243
3031
2162
1459
1795
3728
3557
2683
1386
3849
694
442
1960
3857
1020
334
546
1426
426
2776
2507
299
1204
1871
355
1170
2194
1967
1431
1298
1594
3216
2180
3117
1795
3789
2439
1346
142
3471
903
13
1069
2404
357
2405
3922
1898
798
1550
2006
76
3103
2353
2717
945
2388
754
3996
2727
3950
3629
2463
2569
1767
2104
3339
537
261
3891
1141
1171
3286
1444
668
2393
2871
348
895
1152
61
482
1689
2988
2960
2701
3901
2481
3899
1358
2660
1656
2958
2404
3834
2125
2587
3408
3504
548
2505
3685
1077
1501
3569
2044
2812
3363
1089
438
1940
589
1543
2924
1747
1863
2600
2517
173
3298
334
3754
2143
1150
652
3738
1299
3950
2999
3083
120
2502
2219
126
3411
3710
3514
704
3749
746
1868
832
190
1167
3534
3454
1130
1859
1599
124
1416
1499
3696
3552
3635
929
2835
1902
1192
2145
1290
3865
1061
123
3388
1133
2648
3410
112
3907
421
2731
3982
1694
230
3305
1419
1613
2209
380
799
1253
3898
3179
241
3133
2497
2929
3830
2197
876
700
512
1354
2858
442
3329
1915
2840
3239
3293
2504
3178
3525
3450
3333
1620
1366
3072
902
21
3014
1718
2725
640
3514
1734
534
3166
1867
266
2272
3052
1428
3682
2171
2616
3717
692
493
497
2527
968
2214
843
2889
2569
593
1319
1107
2818
3762
3920
1952
1484
3785
2570
909
2257
2923
291
768
943
1103
909
1644
2397
231
2172
840
2805
1479
2307
3267
3871
3696
3987
774
1107
3109
516
740
698
3991
721
1741
287
105
820
2579
3791
2083
446
3954
3473
3212
1030
2462
3475
2884
1343
1794
1193
1502
3378
669
575
1708
2006
560
2965
496
562
3767
897
1498
2131
2637
1740
349
1609
2440
1094
3303
984
230
2778
3673
3883
1532
286
2081
2465
863
3400
499
2942
3163
2044
523
3497
2452
149
180
2113
3684
1060
672
3681
1512
2811
1856
1200
3198
3595
3961
2919
3602
2245
3393
2329
3587
2071
3025
3656
3062
2950
3241
3290
113
2272
2216
1774
2687
868
1716
3326
1555
712
2722
3658
478
2167
2864
2485
583
1414
1944
2949
2274
3863
845
97
2438
2677
1732
553
1738
1842
1504
1607
2908
1571
395
2872
193
3097
1522
837
1349
3934
747
2432
737
2109
604
2541
1814
1489
1012
1784
288
1979
3218
1952
2867
2696
1273
1213
2463
2987
1248
3234
3411
292
3764
2125
1408
2451
1093
752
2713
3796
1826
3457
1907
1648
1820
1705
2124
476
952
3655
1276
2391
2746
3567
1027
2138
2111
3408
32
2795
547
1585
3877
1401
3421
299
488
1081
2508
3518
1655
1014
2460
2400
107
2744
1963
3544
1821
1884
2769
587
2614
3261
622
2329
1896
95
3983
2389
1390
986
1247
1478
503
3443
2580
1400
996
3664
968
3542
343
995
2242
2717
630
3059
646
2317
1760
2192
561
1208
398
1490
3289
1012
1742
824
3335
3811
1514
2154
3970
1894
3757
235
878
1192
1289
1654
1924
409
494
1176
1848
2956
2140
1009
2553
1568
1880
53
2074
1915
3429
1027
785
3095
214
891
1901
1645
1972
3727
3185
3292
1462
2770
3229
3341
2766
2077
3472
1617
1756
596
1504
1493
1552
1559
152
2899
3688
3761
1438
753
816
538
344
437
802
1657
2080
1306
79
1125
3713
1588
2336
2469
1068
2195
874
2162
3788
3803
2773
2583
1170
3219
3901
3676
3509
646
105
1516
1050
3729
2786
3306
1933
1384
172
1555
3504
3228
135
1745
1268
961
2822
623
1081
2282
2914
3787
2581
3154
146
191
1149
1992
3939
3802
1265
1456
2703
2380
2541
3518
2794
2399
3165
958
3393
2676
3487
3899
3923
1568
3215
3461
2502
1220
3200
999
3281
217
1466
2997
451
3975
3710
1190
79
611
2161
3472
3369
1659
399
505
2316
251
3494
2281
1878
3412
2671
1190
3143
669
3049
3049
1247
687
2664
2089
2924
2864
1103
2758
1138
2280
933
841
1385
227
3981
1222
787
2703
2091
889
1556
2730
510
3981
3198
1230
790
577
3225
2357
3810
2931
844
3135
2956
2480
2277
2081
3795
3540
2054
2194
1134
1803
3985
216
1459
3882
3550
415
1615
1279
255
3089
3903
1924
1909
3808
748
3566
518
2271
890
1152
2915
2262
3114
3159
127
1552
3064
1275
2607
819
3228
1106
2754
26
2593
309
3589
434
1850
263
260
3445
2268
289
3823
296
1272
897
1252
2486
2970
443
3701
543
616
287
2474
727
1746
2576
65
1830
2429
2374
2747
3619
3673
2260
1264
178
3896
581
1802
3399
3721
665
2964
187
1398
3817
2704
450
1762
541
1566
2168
2487
1577
1971
2261
3115
1130
2517
1477
1868
2046
3316
2116
3923
2073
3493
2863
3607
3012
2644
563
1139
535
3873
2169
773
3123
81
1522
1553
53
547
686
2825
1129
2758
3576
3434
3397
3584
2961
3569
3990
2150
3760
3389
821
1859
2031
1873
1230
3865
933
2984
2111
455
17
1564
999
2320
3093
3186
1724
2064
1099
112
2984
2666
3722
383
3821
2741
2895
390
1740
3084
3799
3955
2522
449
3217
3256
1040
2640
1603
3202
1372
3013
2233
2048
2273
1089
460
1547
2081
734
2179
2716
1873
684
835
1432
2362
3016
2602
3265
1848
2456
3086
426
2365
2539
3678
653
1338
3173
2047
1700
2373
2051
3309
3182
3655
916
2885
3620
1137
970
261
1291
1996
2180
149
1447
3341
319
3732
26
1151
2992
3970
2978
3695
2394
1311
136
3673
1838
2740
2978
1300
3000
3783
2498
297
3385
3044
837
2262
3928
2449
1591
3561
998
2954
1102
2726
956
2349
3195
775
2678
2668
3002
1887
3067
2853
1243
3348
1729
954
540
3966
1879
993
3511
1735
2531
1535
3451
382
3914
2072
48
3758
3168
2681
2087
1557
3444
731
3616
3112
1467
662
3923
3544
1693
717
2998
3035
3328
1885
2158
2215
801
3433
512
3876
426
3342
3014
3110
881
3611
995
3463
122
3268
2214
2664
1077
1659
1003
1306
1180
814
2063
3040
280
680
801
3201
507
2352
751
3861
2099
3887
3470
2095
2972
3182
3020
3783
2493
3751
1691
1850
1712
1591
1952
2199
1295
2614
3101
410
2556
2842
3645
3586
795
3961
2225
1973
1877
3057
862
2185
2977
3431
1927
3528
828
700
294
3866
502
2790
1957
1589
3098
168
1068
1338
2943
837
1459
10
1757
1384
2554
832
3571
589
558
2904
3932
2094
2620
1903
2543
1178
2054
2386
1294
26
3611
1558
155
1251
763
2048
705
1198
3547
3887
1601
1989
2471
2571
560
821
252
3878
1138
2098
2452
1658
917
2007
1294
2345
2870
2282
1482
2060
3394
1628
2983
1209
209
2458
2352
3020
2186
2626
2795
2937
2737
3549
3303
3945
504
1373
2745
2966
2684
429
3342
3190
2361
447
3255
66
3513
3373
2772
2083
2141
3311
3087
2397
2199
3347
743
161
100
1993
1175
2800
272
264
2139
835
3596
404
1347
48
49
2540
724
768
511
2839
3914
2613
1458
1271
457
3762
820
3488
873
390
3802
3173
1728
3529
3452
374
443
3445
3533
1808
393
3790
2928
443
2464
3762
1254
1908
3521
1461
588
1808
3567
927
1704
2409
3618
354
3618
2689
1925
1206
397
576
621
1294
2175
3604
999
1520
3169
1068
3846
2271
2683
1130
3975
813
3112
1539
3080
153
692
1997
282
1435
765
2705
1948
925
2287
2647
1535
2490
112
526
1617
3017
1590
3919
73
3204
3153
2828
3705
347
949
657
612
1947
1930
2189
2278
2190
1501
3086
1049
2770
2731
1374
2505
3239
3579
1613
1742
3679
55
1895
831
3710
3568
1685
291
2464
173
3270
3946
3031
3474
1458
3257
3576
229
3633
1458
1564
3502
2463
1854
1897
2082
964
1110
1404
3304
3477
1665
922
555
3181
42
849
545
1146
17
119
825
3567
3702
1252
1379
3958
570
1488
1988
476
3321
3050
1989
851
1795
3391
822
2479
3429
1979
2758
1102
1738
1863
2895
2687
2248
3065
359
1842
3451
541
3255
3158
2522
3333
1514
1710
1518
2036
3473
1705
3140
3383
3124
2300
913
3190
314
228
1360
3354
401
2643
2943
12
2297
1869
3953
3393
3891
970
2694
1713
3979
1774
1364
2815
1128
3216
2270
3739
3320
2984
3965
3915
3254
3228
3936
2117
1559
368
3836
3599
919
1954
1865
1236
1068
3612
3738
3965
2221
2234
947
902
2135
2408
2719
1452
1229
978
2168
1333
1706
1033
2014
3034
1900
1125
3480
897
1191
543
2708
2921
2475
3683
2829
201
2526
95
1069
3560
2001
1816
3023
490
1041
2131
1820
2177
2376
55
2566
3517
2742
386
2888
2626
806
1392
1949
2507
1111
3718
3699
1156
3753
1092
1394
1402
3544
825
3283
3607
3170
3073
750
455
3958
1326
968
1398
2283
1263
3092
416
330
1962
1803
1107
1812
664
1087
2094
1452
1143
3560
117
1213
3882
1900
496
814
1788
373
641
581
1594
2384
3661
43
2660
3447
3854
1146
758
1926
2132
2661
3873
590
2338
559
295
3277
1309
2472
949
2665
1293
3557
116
1577
3785
3629
2607
352
3681
1532
1821
1689
3346
3395
2349
3192
2479
1625
1638
1847
1094
3820
1565
665
663
1656
1896
3586
43
1218
2839
2312
3147
3391
566
3774
847
3529
1086
3967
3256
54
3015
2915
3544
1848
1716
3731
2903
2746
2656
2896
1391
3638
2926
1805
1995
2996
2820
1650
740
2495
2954
1061
3457
3470
2459
3948
1247
2578
2474
1368
3259
3692
2641
855
616
1098
7
3223
1596
428
2573
3771
1542
2684
729
506
2166
1721
3143
1562
457
1469
520
94
2343
2889
3351
1929
2423
3578
2571
1665
3749
2519
3488
2240
1662
3510
3860
1308
2091
3481
3644
3889
598
1461
3043
2281
3838
1087
2229
3677
443
3217
3635
2877
544
3093
2936
1298
2517
1313
811
276
3666
3354
1227
513
1809
3718
2733
1246
312
946
2293
3651
2724
2888
3297
103
1536
980
1801
388
1523
3359
809
1283
455
1152
1994
3900
3461
295
2939
39
1996
2777
1625
798
3521
572
2252
607
233
2459
1076
2843
2879
712
1348
773
2047
3665
3962
586
1966
1212
3456
741
3763
740
742
2075
1265
517
2593
40
2204
3013
2339
2045
2626
2483
422
3700
1186
3641
3591
1454
1206
385
1126
84
2486
3796
3702
1835
1241
542
376
3411
539
2561
2403
589
2604
3830
2288
1522
3608
1109
709
3270
3832
804
775
3178
3208
3512
3856
3566
2278
770
2572
2327
3382
16
2794
1167
1697
1091
2655
2926
281
2381
520
2448
1939
438
3155
452
1188
1340
236
1146
3551
2941
2836
297
742
3856
709
1053
2451
2747
3609
3971
2362
980
1188
2739
498
1170
820
2771
191
3628
3246
3839
3804
1056
2943
777
3487
1872
2884
2988
238
929
1140
3518
533
1179
1078
464
3489
2120
2856
8
363
293
1864
1077
3908
4000
2707
2862
3933
3536
2545
3409
3686
1267
2776
335
1708
437
571
2869
2102
3757
4
1047
605
682
2645
2246
1380
58
3093
2437
636
1620
1634
2264
687
3576
2846
252
921
873
1077
142
1289
2108
1481
419
1969
317
1945
2765
2399
3520
3406
2261
3654
671
1841
3506
1811
3833
3356
2885
3484
2058
3116
2350
916
2857
2005
1294
2850
1128
2844
153
3016
2082
1538
487
3695
2615
951
426
1075
1725
477
3559
744
1598
1231
540
2707
2401
3182
1602
1964
2986
529
1667
1420
1816
244
2441
1191
2343
1998
3703
244
1337
3546
2737
3951
119
790
333
340
2979
3132
1011
1394
53
1956
2237
266
2418
580
3819
3740
2998
1022
3071
1983
2715
2591
2100
3513
1381
3382
2915
1215
2543
1024
2274
1526
3903
3055
3040
1302
3847
943
1564
2251
2203
2746
2065
1582
2825
3417
1112
1294
3392
1492
2615
1053
763
1402
2349
3676
2728
2355
1436
2989
1844
1463
220
2689
1610
1947
1795
1731
2202
1940
3809
1859
2418
3282
1209
3201
3448
1876
2696
3377
1476
1844
1271
3734
1186
3046
2212
2248
2578
3138
3438
935
3187
1013
381
1937
2094
610
3098
3017
1160
1874
793
1399
2457
954
145
279
2166
413
2404
1913
3099
2775
3071
3683
2276
2800
775
235
2042
3216
2458
532
3005
2232
3214
1961
3902
3912
3945
3491
3473
672
2770
3126
1541
1628
2701
1490
3520
2101
2396
1979
3891
2453
584
462
1804
2131
2972
173
2746
2835
1345
1401
3283
362
1000
1468
1642
1722
3468
2806
92
2662
2991
1049
1297
483
3971
2437
1102
430
1842
2235
2887
2759
136
845
866
403
733
1782
315
3449
290
3821
1480
2118
3232
3774
3933
169
729
2974
2403
695
1639
2769
2641
1332
881
2506
3124
1022
1293
3862
1792
28
3105
503
3790
368
7
3646
3622
2970
621
394
3534
1580
3144
2483
1991
3739
2769
1337
790
952
411
520
1254
388
1297
1066
1571
2224
1951
2998
704
793
1761
899
2590
1717
1574
2898
2155
2794
672
7
1728
1868
2619
1138
3501
711
2739
16
1795
3118
1562
3827
3810
45
2574
1392
996
1953
2541
774
3562
1037
3310
2487
875
128
1860
1968
3809
2039
851
371
3996
3771
1805
1178
1484
2994
2323
2640
740
3929
3029
2278
3052
1057
1227
805
2345
394
3966
2803
3102
2615
2034
419
2243
3621
3684
2278
3580
1658
1346
2190
3932
778
864
1485
617
2673
2650
81
3712
1285
3940
961
2247
1345
874
656
1173
3211
548
762
774
1503
3519
1470
1783
1428
2583
494
3514
2434
3657
3828
1364
1586
2022
2153
3521
2620
2170
1912
2157
2312
1166
29
2700
3631
1866
3735
3488
1625
3339
3460
3347
547
2320
1033
1718
1005
3634
2913
2762
1909
3531
1918
290
21
2470
293
3790
222
405
1943
1149
3975
2025
2662
98
3496
3569
494
3267
2753
2162
3488
2299
1447
3380
3888
703
1850
2478
2900
1568
432
2378
750
2983
2617
3810
3081
2649
3945
2767
1640
432
3583
2644
2398
3744
3140
350
2160
1769
3560
3249
3168
2402
1069
431
190
1910
1659
2877
1037
209
2183
1036
51
2669
304
2433
1564
3067
3884
3561
1920
2005
3859
30
2720
2388
2628
3477
1277
970
1505
2249
523
3999
563
1009
1259
1533
3883
3510
1080
22
3391
3894
1843
3162
3488
2886
1302
3596
3002
356
1060
2572
3865
3010
2266
3853
714
1034
3117
3114
2853
1859
743
615
3816
2552
3681
3564
1688
2452
3219
3618
1388
2936
3167
2382
204
91
2197
2693
1762
2363
3524
3233
3009
851
2303
855
3189
1963
1169
2669
2116
3122
512
2274
2517
2301
874
3721
2943
1775
800
1834
584
2897
301
447
278
3763
1467
173
3342
3252
2706
1076
1248
899
3696
3243
824
1489
3489
3887
1473
2300
1562
3478
968
881
3189
1518
1930
741
369
1292
396
3309
3724
1111
447
268
2788
1108
2147
3392
22
846
1805
1637
1494
2909
1543
1730
426
2578
201
780
2374
3896
1051
2046
26
1741
3836
2828
3392
1824
2192
3049
467
2139
2408
3730
86
2734
3059
3034
2192
2091
960
568
3221
2095
3876
3042
1268
1404
1894
2895
3035
725
2393
3068
3743
182
3816
3274
2375
3025
1145
2216
1604
3647
2494
2365
2092
1428
3723
1890
1975
3727
2374
294
2687
1402
43
49
2008
2864
3467
3582
2671
1413
1687
3376
1438
1009
3748
1117
3961
2907
3690
3861
2998
574
2578
912
3182
1905
1672
2157
2832
678
3552
1437
1214
3634
377
3870
2235
3662
1257
938
697
720
790
2996
596
2711
2696
2608
1126
1189
544
3722
1107
1190
1926
2675
458
1613
542
2208
2013
2124
881
3813
322
599
1509
3990
1516
2478
3852
683
305
3252
152
2063
2702
1619
2594
2021
1707
954
1518
3536
358
1502
3477
1134
2509
1788
3975
474
1316
1676
1107
3623
1655
2334
335
3440
54
583
1423
2949
3798
1390
813
351
841
608
3586
2861
136
1753
3992
380
3528
1364
2686
1574
1664
2825
805
2526
2882
2554
2124
2550
814
51
2420
1230
2446
3871
3652
2857
490
3235
3479
250
1799
934
2732
1286
997
263
1231
1077
123
3117
1939
3800
2261
3486
3690
2449
1305
3699
2596
2943
857
1862
2625
1580
1186
124
1756
1698
1583
3379
2614
1249
2472
1190
3515
21
517
2287
356
534
3206
584
84
1030
3187
1339
121
3759
2446
2738
1559
2578
2401
3096
2993
2957
2478
3175
2407
3343
2109
3110
857
3937
1139
776
1004
3843
1344
416
2367
2493
89
1660
759
256
2369
21
355
2046
1262
3908
651
3692
231
2713
614
1768
2311
103
2155
2185
1974
3450
2060
2776
2144
1035
2213
3609
2524
466
673
3707
3776
583
3181
2691
1355
3342
51
1589
231
522
3754
191
1491
34
1796
1553
3087
3320
103
759
2149
833
1770
386
338
3608
1622
3174
1883
1999
1080
3469
2931
3859
1016
1117
3357
3204
2114
3289
1494
2112
2224
360
3734
2991
2672
3002
79
2251
1891
540
179
2671
2559
2420
689
3165
3099
2188
3885
1498
1024
1027
2934
3144
1359
721
1999
2676
3047
3711
3696
3965
597
3978
18
3523
2454
3479
1150
1019
1744
3299
1
2094
521
3798
1365
1655
2563
2909
1466
2115
2021
161
935
72
3224
263
77
3315
3688
3155
2525
3284
2379
3839
3576
3088
2865
2077
1687
1291
3099
3756
446
3517
1071
218
2220
1375
3871
1810
2384
642
711
2211
30
3312
2128
1129
3835
588
2168
1506
2131
661
2333
72
2341
3971
3740
1290
1959
3504
632
818
3569
3054
3687
2020
2161
3316
1299
2146
431
446
2224
789
2978
3762
19
840
609
1194
3347
2955
1835
498
1259
2918
3871
624
2246
680
1468
2948
1235
114
2321
1604
2039
3289
629
2435
2156
2424
2052
1916
2629
3147
2081
3006
2753
2347
2178
2472
2338
551
2294
2781
2849
1933
1769
3503
1860
602
2058
2774
3193
2234
158
3995
1640
1708
82
3766
971
1897
525
3942
2731
2937
893
2831
1644
212
1830
3095
3577
2074
102
2793
3053
694
2914
1354
3188
1025
2165
3279
1402
1452
3649
3394
3459
2034
2500
3050
669
2957
2836
3696
131
2037
1510
2757
2180
241
945
3261
1899
320
2587
179
2003
1412
798
3979
101
2390
3711
671
375
2361
3000
3721
903
2187
1467
216
1405
3349
2235
1381
1487
3173
88
934
2605
3211
1578
830
3962
951
297
429
3543
2406
1086
1085
1900
3431
2672
1299
3772
789
1202
1233
2939
3084
2192
3376
2127
2433
578
1230
675
2073
1571
493
1402
652
2782
1013
3527
250
2125
1332
2590
381
455
2106
848
83
1688
3532
3554
190
3773
1443
238
269
1608
1082
3368
384
1367
481
1138
3350
3018
346
1551
2684
787
1636
432
1474
2453
2208
3156
1432
2428
531
1855
1844
753
6
865
1389
2927
3534
541
2212
894
2792
1110
1546
2089
2638
1886
2944
2323
3664
275
2501
2900
2543
1540
3978
587
2385
878
2700
1550
1739
3515
447
1561
3599
707
2775
1877
1760
3462
3620
1962
3423
79
987
407
1152
3818
2535
2405
3541
198
1245
893
423
2243
1984
1005
1370
1438
3725
955
2459
3338
999
2114
3292
86
2523
3421
1373
263
1629
3621
3348
1974
1755
1315
266
3609
432
434
3847
2936
3711
3968
886
319
2524
2906
1056
2114
477
106
18
2666
808
3741
908
3809
305
722
437
1518
1027
2641
1688
707
1175
2089
1989
3117
2743
299
3326
222
1410
2148
2782
1320
3930
3314
1624
3678
1400
1425
2921
927
3795
528
1277
2380
1180
754
1663
1439
2056
2652
3252
411
915
3939
405
2196
1502
972
2267
1710
1155
3437
687
2562
761
3115
840
2867
1963
1552
2604
299
1955
2100
3341
477
107
206
2041
2759
1753
3726
3984
56
3687
3679
2493
130
2051
186
1457
739
446
1861
840
2779
825
411
3088
518
60
2026
2808
1195
2339
695
3671
3425
255
1890
2628
227
2169
1045
1368
3167
2719
3548
1659
1786
2878
407
2606
366
2675
388
1212
2209
1899
1604
3591
3068
2883
772
3811
549
122
1868
2231
1838
2972
353
1138
943
250
2886
2046
763
2048
3341
2574
2635
928
147
893
1547
3460
3260
818
1864
3800
2121
2175
2711
1915
2986
293
3083
708
1146
2311
1288
1641
463
3648
1948
1678
1229
1128
2528
3110
378
890
1985
267
1311
3340
2229
3326
1714
377
2125
3807
570
2392
489
2446
2256
3895
1665
2854
1349
1927
2988
1406
2139
2916
931
3244
3882
3382
2784
1510
3675
491
1815
991
499
1907
2726
2327
2308
840
2390
1221
1935
1459
3542
2548
862
3857
722
1073
2024
2595
3349
2004
1961
3288
2653
503
393
3944
2007
121
439
879
1542
1268
353
1728
3871
2235
3115
3459
3546
3780
621
1855
3487
3461
1103
1276
3169
1325
1988
672
1409
1984
2561
2010
733
1917
1903
3033
2125
2919
3629
2501
3970
596
1884
2356
513
192
1144
2587
3903
1249
3850
3148
1252
602
110
3882
2999
264
1496
3755
361
3482
2475
2377
962
3977
389
642
981
1631
3218
3595
694
2358
1638
3524
2468
2084
3817
1326
2128
3027
2302
1606
2669
2925
3137
2162
2487
946
2697
1813
1469
213
574
3314
3563
1569
1009
2939
3907
3811
1300
357
2227
3344
1470
3901
860
2054
2202
3620
1247
1728
892
3831
2889
4
2826
592
1405
1124
1853
3556
163
3718
539
3572
3909
60
3227
2611
1391
3089
1124
988
1249
1554
2473
91
2995
3503
3718
1586
2531
3678
3699
1302
1087
1622
126
2185
10
2448
565
115
1406
2704
1984
3910
1439
3612
2429
931
2728
5
2064
2242
3795
1061
3169
1846
3482
3092
3012
790
2679
2588
2437
3206
620
1276
2361
3356
3965
2299
1231
2321
443
689
61
196
1125
3644
1116
934
3999
3017
643
1584
3018
601
3945
492
2682
1311
2491
558
1203
3320
791
231
784
546
3438
3095
2511
1518
2849
1970
1015
51
1351
1035
596
2398
3067
3721
2666
1346
2316
2579
458
2587
871
1596
1908
2331
1790
2949
474
2452
1766
3437
921
2178
3181
3868
2600
88
3781
966
1076
2673
3978
2249
2506
2908
1513
2690
1948
971
3270
3136
3513
2134
2452
3383
1222
874
3522
3664
1069
3978
1061
1492
2052
1300
745
3747
776
2357
2748
2182
2764
2822
2278
1159
1491
3829
142
1596
64
1037
881
481
1682
3705
2098
2326
2722
49
3009
3327
1924
494
2354
135
526
2334
2143
776
2406
3694
488
1082
1670
1039
2
3413
1683
3643
1882
1709
5
1464
1370
2243
1390
1445
240
3771
1747
2325
930
2648
3023
3864
3038
837
3468
2758
608
138
844
2828
1742
1972
961
3696
2196
3106
2346
1126
2548
3553
3332
3222
724
809
2845
1410
3365
1062
2878
2119
3918
3864
368
403
2422
3496
937
3035
2786
100
2955
1083
1345
1738
53
386
617
2926
727
3105
2043
2488
2147
2319
2174
1675
2672
2749
6
1432
2247
1082
3985
2091
156
2094
2361
1764
2218
3961
2510
2832
3010
1265
3197
1141
2194
2352
1113
44
963
2977
2844
1104
411
82
3948
3906
1107
2593
3085
2746
2677
2001
2126
184
243
686
3126
3290
3241
3434
270
1513
1812
1194
3522
644
2801
2236
2563
408
3829
2848
1656
50
3507
1707
2845
1324
2651
292
1026
2411
3378
3496
1016
2225
3387
819
498
1384
2470
97
1219
102
1619
3809
396
2589
835
1757
2340
3842
1225
3019
1699
3201
3045
793
600
3342
16
3759
1001
3424
1418
2901
2661
644
2824
1061
3404
1182
3535
2742
2456
1158
2881
284
749
3373
3545
3309
3375
2509
3560
2119
191
3617
1614
750
2766
2464
259
3904
1783
1374
2450
2238
1140
786
83
2931
45
737
3263
3463
618
2325
1230
507
783
1693
3541
3470
3562
889
1272
3168
2315
3424
3480
2231
3610
19
3900
1896
457
1163
1929
601
1002
1073
1798
2916
2345
3463
3019
32
3661
2658
239
236
2721
2891
113
3674
3699
3019
2462
2871
2914
2084
2681
2879
3489
3017
1794
296
2981
863
1249
53
1445
1756
1920
1103
2984
1864
3576
3597
2655
694
3431
648
1308
444
3874
1445
3440
2578
3977
187
898
1257
145
3398
745
2189
1657
685
3529
539
575
2909
434
1400
317
531
2209
1655
3550
3870
1787
2738
2528
335
1838
1549
596
332
1975
1565
2026
622
438
1060
1344
3152
2851
2870
3894
3892
2515
3868
1205
3575
1543
2346
1287
328
2622
1227
3009
409
693
3577
2418
1287
2915
3986
3336
870
3422
3799
3695
1799
3363
1945
3103
91
1891
1366
3135
1521
551
3375
2551
1968
1121
218
2377
829
2155
2815
1592
2912
2930
1289
2116
2097
3510
2369
3228
3670
2987
1547
3573
151
3655
247
3052
3252
3401
1604
1222
3212
3276
2124
2060
2186
2292
1577
543
492
3686
919
3365
1887
974
3182
1320
1355
2366
1664
1844
2418
2
1607
2108
2148
309
468
1080
481
1960
272
1360
3793
2977
282
2614
2635
3264
2188
1279
716
1391
2577
3406
1031
2764
3913
2648
1115
745
3055
78
3419
3659
3460
2794
1079
561
2237
3495
2180
2674
3022
3706
2058
2716
3952
3409
3308
1901
3431
2768
652
657
1356
1307
2483
3427
2252
186
3786
3556
1800
58
3365
2899
1295
633
27
1032
174
1745
858
1950
3629
3238
3259
1417
290
1577
1636
599
2414
3347
580
1915
425
1651
3884
2921
1033
3365
821
2202
1652
3313
2153
1092
1345
3169
2952
1181
3071
3178
608
789
906
831
2335
1327
2386
2965
220
2384
3194
3639
1353
3343
3221
3349
2432
2285
3330
1150
1700
969
2451
735
1501
3456
2093
2768
2705
3107
1764
2095
3759
1635
3242
3495
1479
1535
2590
2856
1606
3186
2112
34
264
2974
1491
3776
778
1017
916
3912
1179
2211
3316
2180
2057
1956
1125
3524
3502
1997
2213
3481
1067
1322
3571
2153
1918
2167
3082
2636
3005
652
3725
375
780
1111
748
583
2812
67
3389
103
180
1785
2752
905
2406
878
2925
3662
1379
711
792
1704
2550
1722
2725
1774
3851
1811
780
2372
2848
1788
1329
1206
3512
1819
2527
3038
1694
2517
2593
2246
3686
1091
2475
1721
1812
1061
3545
3129
755
1515
435
773
1840
1790
3207
14
1261
2447
2706
3338
3914
732
2908
1387
2122
1735
630
137
2519
3253
59
516
1096
2449
2879
1024
442
2654
2014
1083
87
1195
3417
2763
2837
1246
264
1936
3723
614
2459
253
683
3079
875
1309
2609
2098
399
1417
2423
3383
1063
1279
2876
355
162
368
1160
2082
3318
3987
2105
888
1955
2305
2386
1390
2875
2908
2840
1190
346
3691
945
1449
1904
379
1081
1419
2661
28
191
543
3717
580
3729
3834
709
40
926
3841
1569
3559
1989
404
1352
3288
270
1287
3012
3150
266
3151
1672
715
2927
1662
2452
1435
402
2514
3406
3275
3773
2685
3428
1754
540
2868
109
2862
1427
883
1600
215
383
705
1813
3262
3202
3680
3586
1543
210
589
1850
3763
2061
3518
2216
3361
2464
3403
3569
495
778
876
1061
1491
976
3852
412
3260
148
2065
3213
1745
3373
2518
3477
3086
394
2634
2101
1183
1247
3689
3462
57
1
3367
2947
2117
3254
3708
3668
3071
1653
2154
3834
3979
2332
1775
2790
43
995
3198
2756
1187
3933
3363
3516
1866
847
2128
3054
3441
1823
3879
2648
1037
579
363
405
3095
3870
3087
3765
1587
2770
3329
2688
956
1571
3617
970
2302
1424
3193
101
2129
2164
2681
2118
676
1665
916
3730
3462
1662
3003
1936
85
2718
3312
172
3490
1903
1833
2891
3741
672
1122
3054
745
3304
598
2725
916
1229
607
1953
432
2327
1384
675
1241
1187
2992
3820
2796
2209
786
1778
676
3483
147
2840
2534
1279
2712
3603
2083
1319
491
951
1642
106
343
1842
1586
1322
1649
70
1506
2982
3484
3376
116
1218
2583
3764
2240
2812
1414
2787
3075
3655
2682
383
2161
436
81
921
1380
2298
195
497
2704
3309
1966
375
1034
2206
1786
2731
353
828
3657
138
2614
1093
671
2420
2182
563
3418
3002
917
3524
2147
3639
1628
2876
2844
1130
3175
2199
1404
1238
3034
2075
3943
306
1117
673
2536
334
3436
1602
2791
2498
20
2008
2017
1346
1140
3831
3943
430
2654
1699
2196
3594
1070
486
3450
553
2765
951
1532
1134
1380
644
918
332
370
2619
1493
3904
1965
3097
2176
1808
1435
1185
1993
3190
3989
1450
3478
2448
54
1288
1741
3852
305
1772
820
1784
1873
2431
2185
997
522
1598
214
1900
752
81
492
3239
255
3237
1234
2404
2020
3956
1897
3358
3504
2134
3486
846
751
3459
3525
247
3034
3344
1872
974
1151
2597
76
2136
3710
1370
3213
545
1143
2636
2922
1996
2527
3548
89
629
2551
2442
1864
870
597
3518
1796
397
778
822
3050
2592
821
3726
996
481
915
638
471
1268
2733
2507
2894
2389
3901
3302
2286
2121
2223
3106
634
1410
2478
3863
3223
2683
1022
3735
2562
1736
1235
3050
2600
2922
469
2960
3646
1554
2257
3253
1606
2493
1253
2057
2049
3139
3384
1013
3025
2181
2170
3691
1636
3679
443
1917
1501
2210
3190
3134
3973
2801
3274
194
808
1567
2500
463
290
2028
613
1184
1613
2278
3528
905
2517
3981
337
291
298
254
2230
2305
3262
981
1326
3149
2683
1633
277
1760
3871
894
1777
3305
2062
2190
3147
1250
2352
1906
3253
2211
1082
3855
1523
2510
359
1300
250
530
3913
1159
148
1229
1662
1822
2304
1192
1361
3641
3231
3298
969
1762
457
3086
86
3831
627
2611
169
1222
2469
832
3620
1147
2727
2459
699
308
398
1155
642
3185
991
1475
2241
2274
3690
2953
3976
529
3945
2817
3397
796
365
710
3971
1573
2914
300
3487
1114
1272
378
30
2621
2007
996
864
1976
2866
2510
3071
1829
1911
2594
500
3162
3685
3924
251
3398
50
1682
1358
2750
1462
3924
703
2754
235
1033
1184
1859
834
3907
2279
2739
916
2188
3576
2118
2736
1180
3282
81
3776
1159
1377
1196
719
2067
1267
3239
3487
3272
3620
2491
2938
576
3199
726
319
2660
2774
3965
812
1829
826
3879
3776
1119
870
85
3074
3735
1463
2894
844
3701
2202
2930
2963
1963
1485
1839
1573
3616
3133
819
155
705
3056
3123
3265
3418
1470
3260
3561
814
3321
2911
1695
3610
3179
3002
1130
1749
3884
754
770
646
520
2799
3356
3372
601
1061
578
1047
2450
1434
168
3698
2160
1929
1097
826
1233
1313
1591
2297
3115
1688
224
3323
1142
581
847
1078
128
334
1788
3226
807
1130
2675
1635
1381
1855
783
592
3521
3955
3214
2153
1936
1802
1601
249
3184
3533
1076
1110
3333
3083
944
1934
2969
3612
484
1927
228
1521
485
3095
3340
549
862
347
486
2443
2085
3253
2024
806
174
2217
761
527
3466
2271
2728
2514
377
2089
3731
157
3413
839
1337
482
486
1240
2069
322
2951
1860
3780
3649
2034
3221
1597
2081
482
572
792
2396
1403
2276
3779
2615
1202
3075
1082
1049
3499
1601
2160
1518
2238
2691
601
539
737
2044
1247
1758
3495
214
650
2328
1486
2442
428
3478
1995
162
3972
1374
214
3532
393
78
1355
1940
2377
287
3401
3235
3628
3561
132
2175
2686
2235
3056
2510
2965
1531
86
3545
1777
2508
3657
1128
905
896
431
1883
1085
3970
3288
246
2931
2675
3147
2156
3206
2676
1564
1294
874
1120
2371
1640
1840
726
1684
904
2336
3961
3475
1488
2071
1290
451
2591
865
3545
919
3723
3739
3745
295
231
871
122
119
883
2449
1755
1533
1111
2219
3996
2350
1032
983
3840
3652
1699
2816
3503
1135
353
1898
186
3048
582
3977
1090
769
2684
3747
3757
840
3793
978
3427
2890
955
1057
3746
110
292
3189
846
3006
1945
2214
1616
3865
3833
2347
3782
548
2239
3632
2152
636
1276
1917
2353
474
59
3876
51
2282
1308
3523
2624
2132
3579
1723
1801
549
2025
780
2649
2939
2539
3935
1611
1575
1068
2402
3308
382
3594
3373
3950
1435
3583
663
3578
2592
2880
1969
2477
2532
1981
642
2954
607
2984
1892
440
3429
1697
381
1918
3146
81
1680
1435
2767
243
494
2175
3161
1796
2218
1170
819
1572
1076
377
2660
3171
682
12
3985
1854
150
14
492
129
542
2524
2290
1043
713
3
885
1457
622
2500
1170
1611
2965
979
1757
3542
1484
3431
1559
211
2132
3930
3768
2455
632
533
2022
2886
2826
694
1483
3085
3436
3270
1079
1586
3347
855
2884
1225
123
1506
1762
2675
1075
2098
345
3926
3119
2843
702
1636
677
2036
2212
68
69
2643
673
747
3114
3020
1607
3444
1457
3691
3896
3836
605
1376
1998
2817
3265
1637
2939
1986
1583
3485
2399
3001
3007
620
3227
3514
1352
2357
145
1576
3688
3322
381
1394
3469
3715
1456
2861
1797
3439
279
3878
3035
688
3054
3579
2772
349
3531
3097
568
2895
577
740
2587
1288
241
3436
2468
1790
173
2836
137
264
3534
3548
699
103
226
1957
3925
2825
1937
2464
923
2859
960
284
2474
3232
714
2224
2805
2046
2793
425
1009
3141
3516
1333
1990
2559
1962
3652
2312
653
3997
1456
2779
3679
1493
448
1961
3432
322
3797
3036
235
2018
3291
1560
3855
3626
294
3682
3217
1926
2802
1702
3368
1088
337
1103
3360
218
2064
548
2556
957
3331
3727
3357
3072
3711
920
564
1477
623
3433
2048
2462
1664
3685
3244
1661
338
2360
698
1002
2526
1083
1931
801
2819
3146
3658
1668
3554
1226
95
1443
3708
3102
352
88
3234
1440
3864
2106
2160
3429
3289
320
7
1728
2826
2458
355
3900
917
146
1374
3176
15
3073
2320
1217
1973
1535
2625
725
2168
3337
1151
370
563
997
3008
2340
1917
3422
3434
993
1529
212
2026
3034
1523
301
648
153
2332
3354
2259
1911
236
1246
256
3121
686
901
1251
3173
1154
3973
506
1477
1215
21
3175
275
3245
1025
3358
1245
1228
3026
49
1751
1906
2323
1109
2698
1069
1236
22
2949
2945
3633
634
1942
3251
3372
595
3698
387
669
2622
733
2469
803
2932
1429
3865
1751
695
569
1016
146
3261
1278
932
2646
2728
3550
3097
1368
374
1623
1644
331
3654
3963
2671
3550
1911
625
1865
3370
298
2032
2297
898
1619
3599
2262
397
2028
3040
2222
995
373
1839
820
3790
968
3894
3636
3136
3879
1082
841
2157
1939
2006
1808
2272
381
1984
2185
974
5
2548
2497
3840
3138
822
3034
2653
3729
1500
2142
1278
1754
3517
3148
323
1988
3529
1118
627
81
1705
1036
3092
2280
1065
3003
2115
1834
2513
3039
3843
2276
333
849
2430
1266
2041
2651
3391
3245
2797
594
2464
3406
3018
336
2900
1306
711
1469
2198
3324
3281
1525
334
2206
3097
1548
75
1985
891
779
220
2638
2512
553
2458
3426
3290
2118
3897
289
1649
2361
2342
723
3054
3750
1058
1661
2470
1697
167
1573
1657
450
2591
3594
835
2485
3485
1227
1395
730
135
2495
2137
3894
3556
310
1780
3821
1221
3950
1635
226
2916
2059
3940
2102
1585
1144
374
3819
3928
3712
3869
3221
2868
3809
175
3344
3310
987
75
2368
1541
3037
3604
3924
546
2894
1023
1428
3658
1234
2299
3844
3255
886
2779
1058
1640
2829
3593
2949
2675
1553
1603
3268
400
2614
3083
1769
2528
2719
3348
699
2814
3330
214
799
358
1592
5
2070
3274
1593
858
1339
2507
3185
543
781
3852
3457
3528
2515
1091
2733
3508
3317
800
1342
2481
1371
2859
1833
782
3110
2098
3318
2589
84
2134
2767
1404
3389
3177
3945
1877
2705
3255
1298
262
2112
3586
1828
2000
706
3347
3215
282
2713
78
2351
1724
1354
213
1250
3399
1575
14
151
2262
3200
2002
2571
974
3999
1192
1573
3053
2702
2476
3374
3435
778
11
192
2028
552
830
2726
2897
1424
751
2557
3804
2418
2197
207
2665
1391
793
3723
2071
2087
3370
1034
3007
2106
1279
1277
2808
2634
388
3913
3929
3320
1046
3478
562
2615
3803
794
2271
1487
1841
2472
2683
1143
3028
481
375
3044
1581
2007
1334
1986
886
681
2813
1961
1429
94
295
831
1779
1804
2618
3799
1165
554
2322
3727
122
2213
548
1841
997
1108
280
3361
638
3666
2767
2751
807
3100
1335
1765
1350
226
934
3647
1020
3561
1876
1206
2306
2321
712
2789
278
1740
2964
3272
916
929
1033
2017
1253
3946
1848
1722
215
1523
1409
952
2756
462
2435
1912
3192
2472
286
2092
2544
1796
1956
1532
2374
3879
2029
2139
1700
2638
572
2688
3185
1915
1258
1967
1124
109
916
1559
134
642
1276
1103
1744
3247
2009
1049
1482
2457
3534
1956
584
1587
2244
3922
3019
2608
953
246
168
1491
2949
2711
1258
822
1487
2506
1595
2618
1884
2880
3184
3576
3195
2270
1116
3794
542
3635
943
811
1234
2058
1382
276
2442
2260
1699
3718
469
2085
1499
3434
3625
3024
3758
3929
1544
1801
2459
1027
3634
3312
3357
3603
2490
1604
73
3234
2115
707
3166
1508
2993
3729
1740
2952
2562
1352
2377
2357
29
1938
2918
3154
777
2963
778
3636
3444
1375
1873
2441
2306
3799
2086
958
3589
1565
412
3003
513
2493
3991
2961
56
3224
1198
3592
2373
2442
3601
1619
894
3338
3988
869
26
2822
75
1568
3707
1184
33
483
1421
3579
932
2817
1141
1109
43
3342
3030
2701
1925
2955
165
3885
512
415
2454
3255
2100
2866
114
2526
2165
1445
2932
1636
55
3964
0
312
3038
296
2037
3850
989
1798
194
3268
575
2786
1085
2117
2108
1182
3755
1741
946
2450
3897
1696
2829
1133
443
1763
3249
2354
54
3243
1021
3603
1788
609
3548
3837
3386
1921
2887
1734
1550
2474
3750
2132
1743
2586
2542
890
310
3113
3645
2434
2413
3474
805
692
2230
557
2564
2174
99
3680
3778
3587
233
542
276
781
3938
2244
1602
224
1374
3606
1342
3811
3399
1791
1762
1621
2892
3535
866
2298
2722
2737
1452
842
690
1360
2581
1072
2935
649
1970
3979
3319
1273
1484
3870
1735
2832
449
2000
531
1849
3429
2994
761
1445
3648
3662
889
2413
2206
3333
648
2358
3951
2620
3098
3999
1882
3866
3012
197
1430
1579
2052
3777
3894
1497
3809
1351
3733
3338
2024
1304
1226
1589
1188
3402
137
3691
3050
675
625
3174
1641
3501
3031
2576
164
1225
3255
3753
3299
3315
3250
1434
2277
1289
531
1058
5
333
355
1654
2969
3629
777
42
2989
956
1957
2173
2977
3292
107
833
2252
2381
863
2617
3353
2858
2280
2393
1635
3368
1471
161
3960
324
2629
3406
3601
631
2462
1641
341
1140
3510
133
3821
2523
3856
763
3013
2208
992
464
2479
1869
972
3687
608
854
3443
1203
2897
3675
2484
1840
3532
3803
913
2006
1293
2028
2297
3172
1020
3513
289
912
3326
1365
2251
2631
566
2376
1242
2116
3440
2303
741
1020
3584
724
467
2020
761
591
1768
2617
2290
62
2018
1271
3721
460
3501
3685
2625
213
3
871
2483
1409
1567
3807
2920
3574
609
844
2007
208
2893
904
877
424
3689
3849
581
1898
1760
1725
2572
1025
2012
3013
2774
2614
521
49
1127
1339
1276
1024
413
186
2464
2323
2210
2304
2732
2015
885
3889
2130
393
505
549
2445
898
791
2417
3470
1032
1996
3390
3446
3858
3541
629
3004
3606
736
3318
205
2923
2889
2713
2652
1901
3538
1113
480
3064
3609
303
2511
2451
866
804
216
2095
723
2082
3051
3547
2766
489
2483
2652
3978
3744
692
240
735
1619
1980
2463
36
1982
3096
2712
3966
2931
2954
1518
1833
483
1646
130
1655
109
2114
2962
651
3017
2067
471
886
3066
1229
255
2124
79
1367
3553
2283
3434
1980
1616
759
2220
1406
3494
3370
1432
2211
3221
2183
1667
3461
3180
148
2367
2980
1973
1603
3581
1149
332
1451
3197
147
2910
3999
2713
1526
2599
3970
321
623
2148
1364
864
2406
3683
904
3148
1484
3750
1799
1244
2337
244
3646
3280
3780
2113
1479
2452
1935
885
6
1711
123
566
3349
3596
1174
1363
3115
3898
1731
3778
3130
542
2830
891
3990
80
3695
516
2068
1964
2263
3014
887
2629
79
1689
2051
3579
2931
1457
963
3873
1962
3517
1820
697
2325
2941
3847
2716
1227
3330
2194
3797
2734
2651
317
2351
1823
3571
789
486
182
786
2938
3149
2920
3450
2441
274
817
3179
3337
853
2925
2218
246
1948
2162
2755
2817
1715
3348
2871
1665
3026
1413
1482
2528
2383
1921
322
1012
277
3088
3703
680
3928
3419
135
1396
1218
1780
2880
808
689
1604
1332
1381
563
598
1828
18
3802
771
2871
3209
2641
849
480
2098
3437
2638
3028
1275
3219
1075
392
41
334
2428
1285
1422
2635
3439
2355
1862
2105
2660
1026
2132
1972
406
2270
224
1818
1877
3005
633
348
344
172
182
423
3075
1326
3935
282
2239
2212
1736
1534
835
1003
2163
2597
3991
201
1317
3282
244
620
2545
1913
821
2000
2057
1012
2585
3466
2554
3702
3951
369
3122
3438
3595
1717
3315
3140
846
19
3230
2992
3818
3508
3528
660
3198
1247
653
3004
635
491
2645
580
540
3922
1715
2060
2651
2966
401
2539
2485
1362
2205
3977
3064
2068
558
3731
1357
2355
295
3686
3950
465
3593
1211
1735
1468
407
2835
3146
1312
1823
3340
2804
3970
2865
1921
2363
3601
87
3896
3430
1406
330
2839
3349
2244
937
2091
2231
3350
235
2067
708
1858
1079
2227
840
3285
277
1876
106
1426
400
874
3527
3379
1680
1366
3660
1081
1592
2407
3658
3285
2618
3186
2170
1250
3931
2199
62
400
3391
1087
3697
344
824
883
701
23
1342
2171
3411
2254
3855
1753
2279
1704
755
2360
1097
2275
3831
3956
245
1920
3343
3646
2554
2483
2868
124
529
163
1979
2961
2680
3346
1512
3632
1113
1255
71
1629
3523
2270
3736
3870
3661
631
2167
2064
3093
2870
464
1384
1853
799
3762
1406
3034
3058
2641
2281
1443
1035
2374
1448
1670
231
2958
1464
1654
2027
1835
1973
2190
1117
908
1977
1202
3040
1783
149
3760
1499
2606
3583
600
2702
1519
2912
2704
450
579
3314
1946
1593
1041
1831
2976
3156
27
3250
529
3338
1722
3108
2454
2078
1739
431
2159
3780
138
3059
3328
777
1266
1284
3272
3414
3757
3241
2100
2355
2444
834
1283
2668
1343
2356
1870
585
3450
3244
26
3318
1984
384
3685
2153
2024
2344
672
3212
1143
900
480
2445
3290
3302
1696
3004
2951
1814
1786
1122
3711
376
3731
1506
2005
3653
3558
1540
2250
2792
1512
775
3033
2213
3071
105
3936
204
2668
3333
829
2362
1110
236
3210
1733
1647
3109
1437
848
2239
2707
2458
2025
544
429
2386
3757
3289
3913
2200
3736
2218
2358
783
286
2793
3120
1901
2496
968
2195
1086
2300
2939
963
3762
1074
25
727
3513
421
2677
2771
2738
2770
291
3939
2782
3977
3491
3082
1525
858
141
1721
2987
3090
3121
148
3883
3492
963
1128
1082
1090
2892
1087
3162
1956
630
3510
3795
3717
1581
311
1416
1269
1320
2157
758
1870
3399
3751
1619
1752
3044
363
3018
1440
1583
1875
3595
1934
3190
314
997
3897
133
2616
525
2684
3209
1402
1699
3948
562
3287
1442
2996
3921
1218
116
1191
391
0
2954
497
1506
191
1696
1017
1661
1923
3968
118
822
1015
295
3525
2440
2018
427
1257
2243
2713
3484
2448
654
3041
3299
3672
2756
3378
2927
3284
3673
300
2328
2032
3191
3459
528
2714
925
287
3952
3526
1925
106
2834
3515
3580
1106
2750
3756
1095
3442
985
50
3056
3640
163
2404
1125
3118
3029
3326
1424
2953
704
3562
2063
1914
3245
321
741
2058
480
1491
2005
607
1181
2728
2936
3888
3950
1551
3863
2559
2042
261
1882
3599
994
3784
2936
1556
3413
2344
1963
1405
1216
1791
1637
238
1835
3981
2925
830
1769
3177
1691
1187
2270
3062
1689
1355
1441
2736
893
1374
847
2654
2438
2448
3335
742
80
1715
3542
432
3503
2255
1219
291
636
3205
957
1313
3455
3836
2748
3698
3530
2738
2319
1589
2288
1809
3516
1961
347
682
1635
479
1012
1968
3974
3793
1415
2753
1205
820
2840
3404
282
1119
556
3090
252
1751
2938
336
1428
3358
3586
2730
3853
84
3996
26
2923
1078
3230
787
2491
1635
3960
2373
305
804
318
281
3517
2991
3434
412
3161
1098
3932
2612
3259
1781
401
174
3432
344
1469
3737
196
616
120
3477
2744
1440
3213
1514
1079
2477
3817
778
2645
2838
2363
3847
1372
1023
2934
3592
540
1013
1901
115
3284
446
3366
1223
603
1848
2445
3444
648
146
190
2596
3906
2250
637
647
1400
3494
2876
2370
2317
3028
2219
3674
1537
2823
322
1930
3502
3939
2515
3497
1074
454
2936
3954
1575
3199
1856
1945
2110
3710
380
1120
3287
2331
3741
3619
27
2875
66
173
2117
2623
3496
1194
1913
2222
1351
2131
262
1703
1100
3990
2693
1822
3995
3505
2590
3036
887
1977
3825
2658
3834
2055
2023
3436
3217
3993
2782
1048
3307
1729
1903
2512
1044
739
2165
2452
1087
3943
173
3894
2861
1849
127
66
3674
1887
3306
1930
465
3113
1677
245
869
1867
2792
1330
2713
3078
942
3148
2982
2799
283
3752
867
3276
3469
3644
1879
925
1638
3275
3857
290
2329
1326
3603
3869
3322
725
3946
2727
1381
1048
1450
1703
3424
3812
668
3611
3562
2083
1350
2406
3474
1017
66
774
1074
2220
591
274
3447
487
2768
2092
1857
3688
925
1231
2276
3334
2903
3073
3810
1482
1899
1661
2929
3140
1816
3933
2271
2506
2206
2935
2449
184
2180
1452
574
3650
1084
1697
2635
343
2989
1584
1559
1236
2705
3449
26
1500
1024
3263
2451
3279
3224
1342
957
3099
705
3062
156
3521
1465
3545
806
3269
1334
3718
1881
2459
3709
2634
1622
1469
177
1980
3529
710
3273
141
2930
602
2078
305
2632
3462
1635
2691
37
3618
1141
2856
3506
1947
457
2557
2334
2560
2008
409
2686
117
1747
1452
1709
1803
1280
3122
819
3881
784
779
3372
3897
875
1038
1761
39
899
2765
2711
666
1805
1929
3156
1595
3093
3367
1172
3234
755
1898
3671
2834
3002
1554
3351
325
868
1396
3279
1283
1222
310
516
587
1170
2460
583
1358
378
191
1883
1352
2635
1715
1593
1886
502
2940
2913
3184
1463
2809
988
1313
3398
2245
3491
1857
1500
3476
517
3130
2135
281
1852
2831
2215
249
3163
3495
716
2809
1772
1002
3725
3976
1414
1390
541
3194
423
2174
564
829
1163
1185
3333
2271
2242
1226
2079
1579
1891
3278
353
610
605
1692
1394
3828
2295
684
1299
738
566
3537
2981
1696
3062
3981
3469
2864
347
1739
3941
1564
3482
2412
3275
310
1595
2208
3030
695
2335
656
618
2763
2255
3065
3617
3144
1989
3950
944
2049
3159
2214
184
2839
1213
1741
2879
3292
1308
22
2997
1552
910
2974
1415
516
1992
3672
2821
1578
1330
2461
929
2511
2691
3618
494
3486
2926
107
2532
3834
2990
3773
2496
2083
247
2431
3423
3824
2739
3114
452
309
3610
3154
2349
2473
442
2521
394
1209
2111
177
3298
2284
833
3411
2606
1875
1995
3786
3239
954
1763
2146
2946
2298
2808
859
649
1303
3273
2642
2072
185
3436
2723
3938
929
407
3426
1739
2411
1338
537
2339
1609
2395
41
810
3868
180
54
2457
2357
1445
827
3926
1936
3095
1745
86
2345
3057
1462
1583
2858
3618
35
3776
668
1404
1564
446
1140
280
2529
1711
1853
1852
2373
3010
1957
1961
1135
1216
541
2577
1467
3857
1602
1612
1321
1859
1249
1699
2262
1456
3367
2958
3624
1111
2415
3578
2227
1157
2039
687
3134
929
2347
2482
274
2964
750
1322
2829
2931
2191
279
1250
27
3423
3622
986
2867
638
1471
55
1191
888
2695
2643
756
3527
556
3952
816
497
3181
3345
132
2131
720
52
1165
2093
3424
2604
882
300
290
3705
2533
3066
1972
3556
593
726
1125
2917
933
2876
1998
2460
1094
1422
2763
2835
668
2011
2455
2425
3745
3805
389
3385
2344
1763
109
3621
1618
1198
3796
3407
1186
323
2552
46
3060
1880
1135
3468
377
1446
531
3473
1163
624
512
1500
1655
1743
3471
3210
2746
2490
2792
2441
1095
2522
739
1776
2312
306
2846
744
3659
1972
2976
219
1544
2364
2997
1114
2516
1385
3380
713
886
1027
139
2096
2441
1425
885
2012
3460
2964
2521
2193
366
911
77
1180
1721
1059
391
3498
939
2998
2047
2218
3281
323
352
2197
1973
313
1389
1922
3387
572
673
368
2758
2779
1444
972
3496
2974
3598
2068
2423
1554
3584
1871
341
985
681
3903
3531
3040
3359
1443
3866
992
1532
557
2237
2081
1483
2928
781
1488
2887
3363
3979
724
1979
3779
3934
1264
3779
2257
3556
1676
3877
18
745
281
3378
970
2835
1295
938
2250
2647
1327
1727
1947
1939
2174
384
681
2570
2358
3611
3444
3021
2334
1976
3197
2288
3802
3387
2445
546
935
1674
1291
1520
1062
1988
2665
13
2681
1634
1295
170
99
3480
1670
2070
2812
2008
3689
172
2838
3187
1338
2391
3604
2081
2207
2384
372
1921
1598
3983
1436
2678
2414
3454
2890
2938
58
671
353
2142
1130
1280
916
1745
903
1003
392
2529
684
763
1205
3908
353
361
3912
2194
1251
2790
2931
694
467
690
97
250
3708
2361
371
579
3412
1105
1110
673
3538
3087
1080
121
1865
465
3158
315
229
161
2614
1451
1891
3217
2121
3240
3082
938
1041
1227
3211
3535
2321
38
3163
1863
3753
3427
3495
1065
3468
3489
3059
224
1551
26
3720
1435
1063
3695
795
1408
2575
1424
3177
2809
1632
1133
3364
1113
2494
77
3705
766
1326
771
1597
3508
1171
1391
2401
1550
3074
164
1125
1752
2722
2002
3688
1899
3796
3673
3422
76
2896
1461
407
1745
1497
2730
248
1432
2591
884
3793
78
1912
3250
2192
1770
190
573
3559
2970
1102
2358
1089
1082
513
1040
1368
3089
908
2632
3696
54
2992
3627
1893
1794
3519
1830
3626
1782
1934
1990
1172
3618
1808
2658
2590
2738
3853
1819
2208
1788
3157
98
450
277
897
1395
769
1676
676
897
3342
3873
3987
3354
3555
3759
756
3245
945
43
2808
3223
2758
450
1881
942
302
455
2401
2286
2720
1798
3865
1668
335
2789
1945
1100
3291
1119
788
2601
2142
206
2932
1452
2621
2632
317
2288
3103
3752
2426
1982
1548
1877
1121
3355
3162
3906
1415
1178
2796
2455
1446
2435
1428
374
3917
1849
225
2957
50
2496
1562
2180
870
2524
1031
171
469
3451
3998
3392
2586
1142
1538
33
2718
183
1130
3743
2574
2231
1301
3405
1633
34
547
3438
2269
14
1695
1974
3505
1081
1374
761
3612
1282
725
1303
3122
3710
1028
3936
3592
1916
3187
3610
216
2580
3018
2495
2410
3217
2257
2039
3427
3416
784
2172
3879
696
1356
3561
2039
2791
1943
2813
3626
3370
650
910
3025
2061
210
3099
1857
194
1016
2845
3219
1155
324
943
1963
297
1780
2772
3294
2676
2517
871
3391
2009
1916
1466
3624
38
3845
3318
2922
3573
3397
2603
1159
928
970
3896
3634
2691
47
153
1022
2752
2942
3854
2203
3204
3486
970
1477
3465
3181
1837
3468
685
1835
2387
246
1395
2813
3825
1754
3051
2810
2186
1070
22
597
2401
1229
2840
1214
424
3156
1080
1855
3455
730
934
525
2888
2383
3994
307
324
653
1050
3331
2333
2352
2238
2889
1563
3693
119
1434
3248
2188
369
1323
3098
3640
631
1197
2572
1282
1490
3975
1502
805
2431
2090
1849
2127
180
291
1507
3876
3325
2574
2404
241
2791
68
2849
3543
1570
3107
1456
377
2945
3751
1063
1697
353
3771
2644
524
2862
675
2347
3588
3369
789
2136
846
3760
3899
685
1852
469
1233
68
2798
2094
2310
2705
1976
467
3467
2276
1615
3765
2914
2371
3172
2747
2272
3204
684
884
3566
205
922
3696
3104
3533
42
570
935
1910
3706
2123
3131
1678
731
568
869
3278
2704
59
2846
3763
1580
2206
2156
3525
3666
3038
1876
3748
2477
24
2986
127
723
2825
2496
998
610
3750
2272
723
1961
2033
788
1721
305
2284
1969
2337
2650
1576
472
2445
1887
528
3925
2653
751
2951
420
386
2976
3944
1303
1095
1496
1391
1231
3257
151
3068
1748
1557
2731
3354
3163
3080
2656
3978
1009
3498
2785
3038
466
3636
423
3520
199
299
516
750
2597
3819
1641
3999
328
543
3917
2467
3848
1411
2427
2324
3820
1237
994
3723
376
2198
1637
3286
821
3209
416
600
290
1125
2183
1042
312
2382
1161
3173
1708
2280
2698
3724
1767
272
2767
3987
2644
45
3482
716
3047
2560
3833
3190
976
1578
1883
1716
2429
47
378
71
1468
3065
3074
1867
1142
2576
2149
1253
3117
277
3543
3979
1257
3829
3953
2574
2320
2184
1887
1118
3182
3223
2081
847
3203
2303
2584
139
2197
2205
3427
751
1931
784
2562
3289
3771
3134
3620
3601
1044
3532
2279
1216
3849
2525
0
622
3578
1465
679
2734
1355
3472
2796
3242
1307
1673
1613
2706
1704
2808
882
2465
686
1306
137
3332
902
1153
1475
3517
2540
2281
2637
2964
184
2018
3392
2765
1915
425
2009
238
485
2829
2580
2877
1873
2787
831
2178
1797
1227
1191
2120
1725
2787
3687
1684
931
3114
2426
2191
3647
3190
894
640
2104
897
1575
2239
568
170
2841
1199
102
3714
1733
2626
113
1578
760
1238
2927
3186
2786
3754
2833
529
1699
543
2311
3936
3592
782
681
3106
1575
484
255
2426
3853
3677
1387
2865
3449
845
2172
634
3428
373
581
1533
2861
3255
3013
444
3448
796
2242
1285
3673
3110
3371
2457
680
688
3497
2862
2913
1702
1241
1595
146
455
881
1444
2700
3355
2348
1475
2780
190
1366
3439
2396
2067
2019
3224
1631
1919
618
2479
454
1354
1278
1850
2377
2025
3250
1637
62
323
705
2783
133
2231
1228
2862
1056
3107
1293
2680
1824
1205
2063
712
1317
727
1281
3282
3566
606
2696
561
3622
3344
2118
2066
2521
4001
3446
1229
436
3282
3565
645
1748
3951
1021
438
3032
3671
2697
854
2597
3943
858
3844
719
2443
54
3321
3156
3152
938
3115
2711
2226
1846
1413
1024
1272
2002
2738
74
2789
2278
2221
372
2887
3515
3794
2361
3962
533
2096
702
1227
308
2699
2799
714
2177
3841
1235
3043
800
3835
840
1150
2991
3732
526
3533
3408
2554
2681
1167
1274
3921
2452
1642
695
3165
2884
1783
199
1571
3090
2509
2431
1403
2797
915
3860
3662
2536
1110
781
1762
632
1228
2651
1117
754
3866
3996
2786
690
1514
2969
2302
2122
3173
674
3161
973
3969
3212
2277
244
3827
3240
3787
1995
1000
382
1068
1474
3050
163
3269
153
367
1972
1872
1345
2866
2749
2103
3235
575
1510
3712
2505
3999
2497
2200
1822
98
3044
2828
1950
3152
2408
1111
2200
2353
2178
3029
2393
1793
2281
2936
3537
3646
2445
1733
116
3035
1424
827
3585
212
2732
3115
2167
697
1436
3080
2858
3457
2981
393
1557
385
3796
743
3163
1657
118
3530
980
834
1391
2179
1726
2196
94
1871
2432
860
3084
3898
484
1171
2
2647
3969
583
3316
2093
681
1668
226
413
1613
1459
286
2835
1472
3539
1817
1673
3293
3267
2300
826
1575
1679
228
1711
2927
917
529
757
2236
1430
2887
2246
3059
1481
2081
2485
1139
3816
999
2767
316
3902
3768
3504
3152
3606
2093
3001
2766
3151
253
1767
3919
1339
3161
2399
1596
55
1263
1007
3009
2758
1301
2996
1445
1747
3090
187
2700
1067
3339
787
3694
2106
1104
2933
1647
3456
3376
1192
565
965
561
235
2915
3771
3442
3199
1435
3519
329
2760
2501
2349
363
3738
3040
1291
1978
2430
3374
2096
3108
1931
502
1531
2394
2385
2026
2496
3584
2747
2263
3400
219
1728
334
3601
692
2167
141
3312
2651
602
65
3232
3972
3170
2941
3389
2312
1768
1767
3634
3947
965
2437
1236
1472
170
293
2262
280
894
157
3733
1382
349
1259
643
3806
1253
489
2654
1583
1086
1645
3163
2528
2793
2758
962
173
3424
2906
2016
3364
3460
861
1660
3243
2758
1657
3477
2717
3731
2785
1880
1897
3240
506
239
3870
2111
2215
2498
42
1763
2695
2735
1615
2249
2926
1676
2571
300
1565
878
3245
626
214
1753
775
852
189
3831
357
3020
2252
2957
795
1545
2601
1917
868
3213
2546
277
1782
3288
106
3474
3057
2428
1155
1016
3418
511
3067
206
755
3924
1332
285
934
3289
3903
3945
2526
2202
1519
3370
3737
3708
2144
2369
2532
914
1298
245
2048
2797
570
3500
1169
1504
2053
2520
2345
3159
592
990
3886
1154
826
3086
1693
2140
2387
1089
1210
974
787
985
1727
2954
3394
2647
2545
2086
2106
693
2980
1282
2150
349
2800
3086
3133
769
627
3735
624
2890
2997
684
3024
2078
3344
94
2468
409
11
3371
2466
955
3489
356
426
2087
1178
1677
295
773
1698
1884
760
1728
1862
1318
2378
2980
126
788
3618
1407
3727
1183
2767
2473
2070
27
3822
2225
3610
2578
438
2415
3852
3760
2961
2813
611
2174
158
2293
1589
512
1051
7
577
3315
2607
1159
2843
392
548
196
573
1912
1232
97
1314
3263
1832
2611
3802
3634
1271
1515
386
1608
2502
1144
445
1071
726
2436
2935
709
1737
798
3496
1229
3445
2935
2359
1242
3107
255
1421
3422
2439
1376
1099
588
1645
2500
3447
41
3886
1708
502
3613
452
3950
106
612
864
3533
2799
2720
2691
1297
3141
3993
1055
1662
1232
1200
1340
119
2395
2193
2596
3306
2223
1907
2471
1748
3744
1658
575
221
1205
1397
952
2383
1573
55
940
1430
2991
3828
1256
2725
1177
2876
2633
3140
3799
2438
2282
758
339
94
41
2293
2783
886
3774
3307
3147
3602
624
593
2581
1530
995
3918
697
1498
1771
1527
446
3263
161
1890
3051
2759
138
1434
1326
1178
2576
3739
2422
3029
3482
3269
218
447
278
3314
1936
1236
500
2748
1952
177
2691
3230
2184
3195
3575
1176
2262
3833
2200
3510
1581
800
3867
107
1393
1813
2057
2171
1282
3514
283
3636
2795
408
1937
2972
1787
1926
3288
1768
562
250
417
1610
1956
3995
513
3144
138
3663
309
186
1421
3962
361
2992
415
734
1401
3708
2181
2137
3358
2061
3509
587
1262
1270
2037
3476
2249
2115
1814
2991
3874
2605
1189
2967
888
1177
774
2657
3816
3777
1581
2331
3647
252
354
1038
3170
628
548
3289
346
2981
3439
1002
2079
2362
3907
250
1531
691
1821
3698
1873
2296
2703
517
1043
2651
3801
3103
3413
3229
1311
983
100
3011
3700
1585
2383
1889
2440
921
559
3343
2128
798
2649
1448
2047
2978
3788
3375
737
2839
3580
3162
2027
691
2090
617
1073
120
365
861
3559
216
3144
3566
1576
3152
3587
2061
1893
2936
379
186
191
133
2205
3704
2562
3328
3678
1391
2636
2258
889
2118
2534
891
3997
583
3019
1165
2128
2370
3433
3603
862
3383
328
3760
1389
3071
2226
3156
2322
860
3204
1708
1431
760
2763
2271
2099
1656
1974
1363
3746
2797
3908
1682
3842
988
1221
2943
3564
3040
1957
362
2693
3870
1477
1292
3175
1174
3708
3981
2575
3880
1094
868
2508
1549
3830
928
3987
2508
3320
677
2361
723
2744
3363
2623
68
3757
1200
2934
3209
1353
3118
3933
2988
1060
1200
3935
7
408
1376
3990
658
1815
2940
1046
628
3641
355
850
1673
2323
238
1482
1774
1735
2719
862
902
1851
2347
1583
3199
1872
2074
3964
438
649
1251
510
2381
2442
3566
1967
1301
3805
659
2537
3624
1323
1586
2134
1190
1438
3373
2873
1963
519
3998
2527
474
3418
3895
862
476
2911
3540
1008
3909
1669
2327
291
948
1220
971
3197
2075
2511
2577
915
3257
3759
231
1680
3024
1770
223
3738
3288
273
734
1133
21
59
3778
1874
3463
1015
3982
3507
3650
1621
1251
1842
516
2057
3731
2254
1514
3248
3407
1015
1737
711
2155
403
1295
2385
3405
2851
1887
2919
1962
206
3264
1337
2880
3903
40
95
3127
1843
383
676
3488
2053
1814
3347
967
2652
3773
3685
1293
1463
2214
2843
4000
2352
1509
1274
1677
3303
2955
3247
2768
3541
867
163
1902
2944
607
3919
754
2308
498
3132
3407
968
2124
3466
3548
3829
195
613
1073
281
1765
2239
3883
3562
1426
1658
2875
2448
1130
3281
1293
721
2555
3713
1758
1797
2948
183
538
3438
1570
3895
303
2944
3884
3521
1339
2371
3785
2961
634
3815
21
503
2030
2054
3890
2224
3062
3516
1935
42
2813
1760
1601
303
2036
1144
3682
3841
2293
3982
1964
857
3174
136
2561
1273
1593
3413
575
1911
1661
1090
3622
1340
3800
1212
325
3831
3461
2160
2412
3151
1427
480
1815
653
676
3813
1454
756
1780
2472
2807
3306
199
1637
2126
1632
1124
1824
3523
1992
10
3908
2054
3875
1640
3350
800
3519
419
3188
775
3668
2610
337
2934
1048
266
1231
3603
3742
1044
1245
1917
3976
3445
1544
104
2965
175
3915
2518
521
1105
2703
2716
3309
2059
1909
66
413
1544
3866
232
2120
62
514
57
3688
1388
1611
2609
1630
3846
2299
3960
2753
1770
3388
2438
932
1659
3891
352
1315
3993
1337
2825
1361
1399
94
1019
1993
852
3611
1184
2064
1579
2323
3617
2860
3874
786
3715
933
73
1591
303
1416
3062
932
368
687
426
2804
3432
929
185
3015
1766
2844
997
801
1637
2887
1479
273
3222
866
390
3046
2770
1124
979
737
3306
96
2826
779
132
899
1525
3311
2345
33
3056
838
1242
1352
647
3437
538
1846
3280
132
1808
2804
1084
2053
3016
893
1899
108
3808
3659
379
415
983
1188
542
985
3902
61
3408
2113
1992
2777
3743
1368
3280
1073
117
728
3489
869
1373
3712
1122
3235
2578
3598
3307
3634
2011
233
2043
2862
2798
1013
2332
2823
4000
21
2686
3033
3305
1033
1048
2643
569
2776
1362
3482
1071
1113
1316
2088
224
72
936
1075
793
469
819
3714
2971
1436
3518
1042
2809
2960
2314
435
2271
875
3690
1277
949
3288
2145
350
867
3838
3814
1414
3781
183
433
681
420
1732
321
2524
1120
1515
2001
861
2132
1840
1315
2244
738
2969
1199
1150
115
1139
549
282
3048
215
1861
868
1941
1641
2445
2126
2900
2575
1196
1638
3659
3168
3637
3772
130
716
1808
2364
2692
2253
945
3220
637
2187
3037
2190
1127
1206
3142
3716
2015
757
2197
2904
465
804
1843
2189
2951
1013
2648
1452
2660
320
3825
658
3779
1990
2542
1908
2384
2462
3224
1415
3394
172
1749
665
917
360
2706
3247
2243
1180
181
3204
2531
87
1431
532
386
1741
545
1495
683
3247
2486
2772
3944
205
1929
119
3558
2795
232
56
2389
2891
3819
3188
95
1671
1504
2325
3810
2102
3075
307
2453
962
3622
2353
1234
641
3793
982
1962
1945
2762
899
1267
1739
1619
3930
385
2259
2593
438
391
420
1692
3819
3328
3660
3499
3505
1401
2630
2155
2068
2669
1470
2791
2174
1343
989
2284
253
3497
1532
1668
3782
3173
2686
1338
3686
3218
2428
103
2244
2739
101
2736
2802
184
2115
3712
2661
3787
1680
2924
389
1963
3418
2535
3649
3915
2501
3050
451
1359
26
2391
362
3616
1016
568
563
1845
2700
1549
2763
3219
433
1492
2304
1919
2722
393
503
3189
3922
1217
2022
2508
1485
1923
2406
3626
1794
3845
1830
662
3540
1879
3700
1795
2675
2597
1532
1648
1499
3155
3200
3339
3451
454
902
3558
3834
1433
2358
2826
3265
2660
1160
3024
3908
1359
2654
3256
633
756
3274
3151
3410
266
2932
2103
3964
3945
108
1866
903
3939
2466
3744
2320
865
3806
3981
2998
3733
417
2491
2189
2532
1415
1927
3498
2758
727
1186
73
887
230
2914
1785
1170
361
1172
3262
3356
3555
3779
3450
2789
2487
2389
2218
2254
877
460
738
3003
3930
187
2313
2661
1962
3486
3729
2740
418
2967
2519
975
1668
3788
3290
2957
1326
2178
2411
447
3662
1647
714
992
558
1754
3557
608
1738
2159
26
2837
1583
378
2149
3816
1997
976
1079
1480
3386
3338
2565
2573
1547
1474
1441
785
561
650
1749
1096
1475
249
1305
493
3730
1876
1182
2352
1700
129
1087
3233
197
1517
517
3468
1459
3010
781
1250
2180
1323
335
2960
3656
3539
941
804
2245
2715
2669
3361
2787
1261
3335
3052
1387
2740
231
1748
2113
3325
3014
409
3626
2717
362
3583
3892
2677
1001
1883
333
663
3714
1737
3697
3143
553
2845
1343
2385
3606
640
3520
3752
1789
2288
3150
1156
2381
2816
601
3672
2802
740
3749
175
951
1699
3435
1013
3902
1470
2526
3884
1126
837
3814
2803
3610
1056
1038
3171
3667
2405
1096
1399
2800
3377
3204
83
1610
178
1140
3657
2064
1725
2033
1689
2140
732
687
3264
81
1021
31
1852
2804
608
2636
3461
1230
1042
3846
1072
1174
1358
3489
680
3789
2822
915
2043
3964
714
3512
3026
3628
1461
3495
1447
1092
2524
119
3993
1706
2361
3562
2718
3281
2804
1890
2228
2056
625
1837
797
2139
2556
3586
2431
1218
3258
3992
928
1696
3194
3954
3239
2770
1105
1080
199
1472
2786
22
1177
1055
2956
3331
1451
2651
3228
3969
1656
3307
1678
1524
3117
3929
3608
2213
2544
2743
866
923
3514
3706
3235
2452
1101
2979
3268
2106
2359
3749
1623
1832
1605
750
266
3730
3518
1559
1335
92
1378
1356
415
3452
1275
1675
1342
1756
3889
3316
1119
971
322
3222
568
3496
290
112
2851
285
3642
3758
648
2653
739
3856
1728
1187
365
367
1206
1545
3035
2941
2246
737
881
1894
1448
6
3548
2147
2672
3691
866
639
2819
2574
2265
1375
719
98
777
85
3356
543
711
213
1474
460
422
690
2776
1776
161
1225
44
508
3654
3272
165
3017
736
429
3430
3899
2945
901
2170
1696
2275
273
555
1052
1070
1568
1954
1805
2478
1949
631
3024
809
2149
1500
1474
1283
2621
2521
54
1889
457
952
1658
3865
1713
2229
866
2058
2244
2008
322
2943
1880
1582
82
3848
2811
3990
714
2990
3982
1674
2980
1000
527
1750
702
2760
1853
1192
2841
3468
1981
1645
1559
1910
2393
3609
3826
951
1352
1519
929
1322
1299
713
1287
3578
2569
1822
285
1185
1052
94
3330
72
1662
1292
2444
1659
1116
3895
3673
3189
2806
3236
1159
2680
3305
1218
2937
2202
1738
1030
3693
937
2243
2439
2528
3349
1989
794
3817
3262
1307
701
672
2369
3583
519
2050
3747
3504
3406
2045
1311
2308
3884
3152
3678
740
74
1903
1761
1896
2758
1010
1985
1375
879
1958
1927
1066
454
1000
1534
1928
2426
696
645
2608
1756
2998
2567
3135
712
2071
1491
1250
1407
1355
1089
780
418
1566
162
3284
525
2932
3635
3287
1892
105
1066
2158
1146
1474
1659
3787
3337
346
3333
1690
3773
3536
3989
566
363
1996
3259
1285
1688
2760
1652
2472
1331
3698
715
468
1419
2987
3216
2958
2698
3480
2722
2020
756
2590
3665
1646
1838
1172
982
587
3375
2792
757
3592
67
1518
2429
3514
1571
3798
2402
940
46
1289
975
1641
3974
1935
2073
953
3325
2841
1511
419
2326
1501
2286
170
282
2808
617
1754
2303
1668
1402
2224
1634
560
891
1924
2052
2632
167
1838
493
3508
1086
3096
1293
2040
1978
3766
1853
2196
2443
3009
3064
3680
2509
1770
1569
113
3969
1716
3043
2741
246
1648
800
1029
1423
3498
3989
1149
1323
2303
2925
2552
1972
3848
1695
3508
2681
1479
871
3437
2086
1703
2994
3801
277
1590
2889
1945
3750
2479
3724
935
3570
256
190
3708
3701
732
2035
887
2916
1
670
3599
2823
3170
3553
198
456
1841
769
2808
1987
531
2086
2124
879
564
458
1528
2934
710
2940
916
595
1195
1759
2241
2570
2363
440
390
776
1738
2202
3946
3923
1106
2971
1213
789
3801
2100
1982
2183
666
3719
2825
530
3068
1483
3667
65
2033
1302
645
2739
968
2629
1246
1217
3625
2032
3053
2187
947
1963
2768
2668
3122
3300
3168
1268
3123
1957
2468
2219
3935
919
364
2898
3027
1580
3605
148
3917
2949
1684
3178
2540
1536
958
1692
404
2404
759
496
2991
1622
3490
1607
1625
302
2168
1240
2967
2685
1611
82
2339
1561
752
114
2079
3064
3424
1982
796
2705
3003
1138
1769
3799
2168
2914
1985
2264
2464
752
2294
1548
3414
1223
3369
642
400
684
1020
3114
3670
3085
3889
2341
1091
563
630
1503
3351
3572
3391
3901
3154
3179
263
1726
2879
3795
3961
1410
1814
3718
3900
3455
49
806
402
3478
2989
3620
52
823
3458
1825
1420
2612
660
3444
81
493
2675
80
1501
1513
709
3571
901
3258
1595
449
1545
833
3382
265
2955
3618
3376
3688
1514
1475
3478
3919
3264
2034
2973
919
24
1914
3992
3895
3140
1534
366
1147
1023
724
1946
2683
3101
186
2288
2734
2473
2262
635
1078
2174
1111
2697
580
2568
916
2489
2754
3639
367
1392
433
505
2803
1828
1550
1054
3178
2685
3077
711
52
80
3425
3301
2219
169
774
1649
2464
3541
3232
2058
492
3697
3485
1653
2488
3392
1040
1596
1698
1980
3366
644
3223
432
3910
2310
2149
3811
3308
1994
2949
1185
2665
1502
1329
764
341
2443
3351
1855
3250
2951
2801
1093
2978
3274
559
1158
1161
2739
3382
2115
1258
2225
2585
1554
663
81
1898
591
1771
1957
287
3611
2355
1117
2324
1453
951
3253
2007
369
318
1816
3016
1650
1293
673
2681
951
3414
933
2047
3081
963
3882
2766
1591
2497
1784
1600
997
2206
1898
2379
1521
2742
224
1693
3
1418
3465
988
1366
3969
2914
3096
22
46
3043
1305
3390
1000
3640
2605
2935
627
745
2008
1717
3742
2797
696
1780
1340
1297
877
3578
41
2104
3432
1719
38
1499
3297
793
3525
2380
2008
755
3149
8
2783
3080
3745
931
2533
1456
1118
2075
3064
3586
2560
3446
3258
1716
167
3609
538
3721
2749
1496
1224
2292
1218
557
3408
898
950
919
1460
3137
466
2929
3276
3739
299
451
3517
2949
28
224
2119
810
2735
1019
830
27
1840
1466
47
2188
2504
217
486
447
2747
2495
1280
2311
3511
3927
33
3504
2231
1523
1911
1973
2609
224
2101
1385
357
1865
3791
897
981
2523
3689
3598
3943
1486
554
3930
3293
184
2286
2968
2915
1497
547
1965
2519
1214
341
91
403
2077
1803
1061
2764
3111
3296
683
3928
264
1865
3578
1379
3317
1703
2075
3371
1340
1820
2862
1685
1743
2105
1643
724
2956
1897
3562
3966
3549
93
3805
3467
3270
710
602
2401
1584
2666
250
2854
3867
2711
565
492
682
2413
1474
185
3833
2345
2825
460
837
2231
581
2081
2526
247
1414
1593
579
3763
304
1569
364
1924
1372
2789
3598
2673
2653
272
950
1752
1151
2666
1343
654
3700
1212
977
3106
2160
2620
1077
1076
854
2626
2708
753
563
1767
273
1966
417
3565
366
3055
3676
602
1198
3554
1054
251
1042
1279
2602
3103
2850
3594
1719
1386
788
1181
1547
1456
2340
3865
2377
558
1164
3017
3426
1696
787
2104
2687
135
3488
7
2585
1580
3952
1402
9
1102
341
3778
540
2054
488
1661
1852
635
3028
2913
641
366
3570
112
497
2872
407
3625
1300
2848
2181
2094
850
1179
3228
3836
3643
3407
1615
2742
3474
3009
1688
3442
448
3437
1454
1026
781
1584
2516
3753
1995
3282
1018
1144
1329
4
604
2270
3611
3609
581
1580
3387
316
1377
1298
394
3583
1220
3097
2158
1781
3760
2477
147
2413
1956
3440
3849
1997
1702
3765
2011
3038
1636
2689
2113
507
1068
3748
1042
3518
3349
2019
2548
807
1796
3624
3467
3958
2018
547
595
1998
1230
3555
2571
908
2548
2179
140
902
3967
2276
3760
878
3941
3960
165
262
938
1260
269
675
1937
3193
740
759
62
1711
3887
2541
658
1343
1884
2099
3246
2983
81
2782
1640
3218
1294
1687
3085
2470
1566
3106
2074
2032
945
3554
3584
3072
2614
1687
3177
3476
2654
2750
688
3454
3591
2854
1243
1463
2167
2000
349
3157
1575
3133
3881
334
3839
2932
3090
9
3340
877
3046
3976
3512
3011
166
3789
1666
2110
3057
2684
3990
3881
701
1037
3254
713
2701
213
1557
766
1276
1428
3145
1547
180
340
1722
1982
2167
2641
1815
2467
1934
1496
1340
1963
171
3196
1947
3340
3620
108
2580
516
3603
667
2361
3000
215
3326
674
30
6
3471
1332
1028
3042
1485
817
2668
1118
1210
41
1648
1212
180
1115
902
3131
120
2876
1861
2183
3497
1216
3166
3696
1675
2775
3049
906
1147
3758
2045
48
446
1018
653
1434
2069
2292
3131
132
716
591
30
3580
3645
2114
2121
3014
1868
3906
3716
1603
38
1279
3005
326
1863
2636
3525
697
1479
2276
1930
1758
86
2583
1430
585
1100
2534
3431
210
2934
3992
166
3037
3097
864
1724
3366
3240
145
1162
2132
3520
2334
884
3702
1909
1065
3478
315
2858
3636
1241
674
480
1602
1134
1530
1539
2597
1811
2101
3227
133
2349
3186
2020
3545
3619
1188
1533
72
2732
1921
1550
1208
1893
774
2883
948
725
1840
2072
3804
2882
499
440
386
3219
362
1530
2712
274
3506
1947
364
984
3543
1821
3016
2963
454
1663
1430
2616
2812
1917
3113
1907
3618
1655
2435
3832
1013
2655
515
2042
2270
3493
3408
1117
1118
780
1045
3695
2885
3293
3588
127
291
3307
481
1840
3420
129
3517
1482
1095
456
2367
3965
3522
253
2482
2812
287
2036
3086
2368
3196
1572
240
374
2444
3238
2595
586
3029
2067
1522
2177
3078
3077
1038
925
2960
3853
1387
1603
1732
2464
1236
3301
3982
2135
3809
2360
2828
2089
2522
2378
3551
1191
2709
3231
1950
97
921
1196
1701
82
2766
3499
1813
1900
1986
3357
123
3234
1316
2983
265
731
701
2806
1805
2813
3627
511
2516
1301
3568
2949
636
1447
446
1719
1107
1816
300
2242
330
2415
3530
3908
99
2632
1663
3312
1675
3449
2141
3978
306
1856
3349
2510
1556
1460
2467
3438
555
2622
2800
3470
1040
1123
663
3564
3280
3070
169
1207
771
285
26
3421
3640
83
3015
587
517
1603
1007
281
318
1404
3213
146
964
1471
2590
198
498
2611
1721
617
330
1130
1344
750
1696
590
1996
2984
3031
2148
786
1579
3208
1392
1528
2213
209
3130
3382
1153
3634
3938
2271
226
2665
3180
2596
243
172
3650
2033
1401
3248
494
3485
2223
2083
1809
3305
2525
438
3073
3577
3684
2115
502
1590
20
3326
1993
187
2868
1761
1736
267
1350
3574
2782
101
3196
1094
1610
3690
666
1445
1985
551
3442
114
2329
332
1191
1062
805
106
1047
2563
984
191
494
1746
1801
2812
2194
1092
2994
979
305
3848
2571
2757
1653
288
3452
972
1924
2149
2735
90
2021
3198
123
3413
1773
3243
2020
260
1621
2667
2115
720
1648
1354
2538
3475
1008
1959
2109
3443
338
2894
1563
3725
636
1326
1277
2302
1341
867
1860
3474
1007
2097
3004
3868
3906
376
1952
2132
3218
440
2881
135
1408
3791
483
146
1481
1538
619
735
1396
1719
2180
3892
335
2949
2960
954
49
1667
2541
908
2504
967
1618
3500
215
1789
839
3788
3078
3652
1817
3036
2510
3172
831
1917
2990
2357
3684
1482
306
3760
3083
369
3919
1661
186
447
538
1975
2511
1633
314
3499
2204
374
113
841
3781
1464
3037
1197
918
642
1219
1888
1903
2212
3225
3442
3822
1663
2908
1073
3669
48
2638
940
2324
2680
1794
392
3797
2749
1532
1413
1964
2449
1617
3313
3716
715
2664
1882
1672
3780
29
3196
1989
796
3974
2732
778
1788
2208
53
523
1921
1848
1469
663
2593
1632
905
1539
2878
3473
1052
2910
1782
1297
2417
1981
426
2540
3068
2229
1689
2316
3410
807
1518
1479
1369
2832
411
2529
474
2910
1068
3844
3867
1316
2299
2056
2607
1173
2933
3364
653
1169
1906
497
3579
475
2614
666
3502
1415
1223
1183
139
972
1110
2491
3266
257
3677
1771
482
3301
467
623
3659
1277
1181
1761
1912
3296
2971
3742
2142
3249
2686
2805
1744
1538
948
724
1520
3256
1663
669
535
3873
2392
529
1688
114
3031
1954
986
1994
663
3442
742
3667
723
844
3830
3364
1266
952
1360
2396
1371
2577
665
2441
2678
2968
1473
2031
904
1691
2342
945
3754
2104
3953
2361
1755
2537
660
3772
260
995
905
2422
1305
1208
701
3897
2137
1786
714
1901
531
2934
3152
2389
1289
3125
2828
3579
3042
1645
3326
3695
1654
193
629
402
3645
1064
1936
3498
3147
2119
3594
2391
3444
570
3697
3134
1094
3802
2297
3704
3416
3972
3676
2459
327
2084
59
3693
1191
1499
988
2161
963
1583
2851
854
3956
3123
2509
2614
1969
1790
3158
2300
3750
1407
2125
315
2860
822
2479
1571
1302
239
661
2799
2827
340
2130
3293
1887
1611
2217
3222
2329
2904
3612
483
659
2901
3608
2465
2373
1195
2354
2599
621
1136
3491
1974
2097
3469
593
1264
2649
1660
1484
2666
2289
2960
2545
608
879
1580
3497
2984
3074
205
2500
2575
1025
2304
1893
2729
557
3700
3983
2517
3202
2096
3714
3812
1086
2650
3431
2780
1666
224
2146
2819
1246
749
3805
1903
3978
1747
701
3540
1410
2612
3479
2927
168
1089
1155
3616
1234
3628
264
2627
2994
3029
995
3577
2412
3366
191
3666
3337
138
3485
2034
3531
3349
3236
1225
1696
2590
2427
385
3323
2326
385
1728
1041
2825
158
689
3336
1661
2960
889
2844
2690
3197
2194
3846
1033
2020
3367
3169
2934
1644
856
3415
3933
780
2572
2590
3957
3875
3443
2144
3501
1606
129
3610
2198
2802
1633
2445
3197
395
106
670
2851
2027
216
2083
3827
3727
2407
3690
726
3486
354
1165
3465
2282
134
3756
2832
2989
2929
3622
806
1155
2246
3606
1910
1548
2643
165
2689
2338
675
3161
1364
3337
1854
1258
3320
524
1029
2552
179
550
2041
3766
3825
3180
1236
429
613
1985
1894
1021
490
2768
2086
752
116
1268
1594
3868
2908
3042
836
3201
2383
2824
3199
2700
771
2752
2070
485
2423
827
787
3557
980
832
1478
1770
1991
1974
505
3640
184
866
163
2904
304
2707
1658
720
2188
3635
2548
3896
564
1814
1274
3258
1192
3636
3681
1152
165
3410
721
538
1023
1229
2594
2884
1963
2904
2788
3335
201
968
2892
2320
265
3835
1077
3737
798
1219
2907
488
983
498
2290
279
2026
3872
1706
2986
2720
3243
2544
57
2094
247
1573
1022
260
1593
1492
456
1572
1174
631
1126
272
3936
3447
3361
3716
1385
3562
2283
2664
1751
3978
3139
1488
488
2916
190
1266
1959
1368
164
3721
3730
2691
3393
1128
2546
368
3
2429
3806
2855
3083
112
3391
410
894
2316
198
2926
1862
2166
1137
2717
3570
2248
1619
3575
1992
879
3534
2450
809
2442
1043
3061
3146
2792
168
441
1966
137
900
772
1351
1939
2025
3629
3818
3432
3385
589
2133
102
181
3453
674
753
2789
406
2295
2283
1320
2721
1616
465
209
3845
1316
3632
1070
185
1541
2165
2023
1619
1951
1327
3941
581
1779
2297
322
814
2120
3518
3843
3887
2385
517
1758
2740
1634
3826
1270
3253
2457
1656
651
3731
3285
1016
142
210
3068
3926
2547
3737
2426
856
2863
1854
3427
3669
753
1338
3868
2072
601
1392
1701
2557
1741
944
2635
1835
2338
665
709
3715
1171
1675
1557
2842
965
810
425
1083
2517
1186
3082
3009
3919
1826
176
403
597
2231
3565
3860
2824
1694
2245
3268
1636
2541
3798
1724
1881
1243
930
2809
3683
382
3454
2772
548
3101
1847
36
1561
3274
1497
3164
693
2714
1196
799
116
1802
3100
2334
1672
3939
2981
3395
3310
2995
409
1309
412
1757
4001
2287
123
260
394
1257
3884
3061
2810
649
2422
3932
3172
948
1212
1616
558
120
2902
2441
3307
3354
3622
1833
1588
1800
1450
2170
356
2172
3634
1023
666
2493
1367
1257
3952
2191
1430
3352
997
952
498
3174
2461
946
1759
1916
334
2639
3145
811
3140
2038
3631
1953
3319
2297
3511
2099
823
406
118
311
3791
1333
1562
2039
2904
3360
3668
2162
906
1958
140
2590
700
38
3064
1547
569
2015
3286
475
2150
1043
1052
1749
3786
539
1460
1643
1348
3981
2877
3682
803
61
1406
2289
2906
2730
2109
1733
282
2999
2938
3228
3263
3114
2782
990
1860
3366
3228
2024
3730
2554
92
3752
2922
2506
1650
2090
2102
888
3986
1942
2174
3168
1167
2919
1996
2212
3967
3995
249
1836
20
1876
387
2689
2682
882
1012
1857
406
414
2514
430
1396
2804
1946
2316
3301
2046
1344
2027
622
1961
3825
2980
2827
1302
2829
3723
3518
2807
3717
498
1832
2444
2401
2382
3324
3007
3598
3391
507
2070
3019
844
3170
1988
1380
806
3046
1151
435
2945
3517
943
2071
530
1776
1978
1683
2125
734
976
3221
3066
2776
605
3560
2834
3403
502
3888
645
1922
3686
3489
1840
2721
1502
584
807
1417
2143
2052
1860
1831
2015
2290
3012
3690
3968
3997
1848
1852
2674
800
2690
570
2508
3749
1312
901
3882
3836
2660
3211
2892
1702
3557
380
658
1394
2301
2161
340
2024
946
2953
396
370
848
1277
160
2839
3815
3889
3693
2373
1339
2295
1850
3350
3839
679
3569
612
1128
3450
2828
3311
2238
3331
2186
3865
3406
1784
2458
1363
3462
3258
1284
2744
504
3397
3133
2347
1374
580
675
2221
2470
3935
2159
2427
558
2858
1105
1039
3896
1303
2285
1723
3394
2139
304
1439
3188
98
145
3721
2775
313
2696
3323
3718
1474
620
1238
1725
1482
564
1187
186
1294
3011
3406
3675
1797
1407
760
2877
2361
2179
326
2732
2070
2500
1436
535
271
723
1567
2908
3683
927
1468
981
581
2289
2777
1642
1390
792
1305
2978
1200
2892
2238
626
1932
3728
1599
3312
2953
468
596
2988
744
409
2648
3562
3190
3266
3701
2515
2476
3259
203
748
3066
3386
3416
3117
97
1993
3460
1321
3425
2813
1374
2350
3031
2299
3962
460
222
2561
3897
2178
2462
785
3118
3346
3287
3859
3170
493
458
2582
3269
3871
1804
2804
3197
3375
3637
1852
2904
2888
2650
2057
3184
1909
2376
3228
100
3530
1468
3174
732
3825
323
148
1463
1221
569
3948
3187
1264
2627
2917
3084
3477
2463
2490
3973
2817
3154
3015
1529
985
248
3011
1564
2634
1639
2398
504
2901
2289
990
2236
223
929
3587
648
827
1050
2474
1888
3171
1517
2958
3979
3516
2507
1567
3200
232
3662
2326
2814
2307
440
763
3320
1663
776
88
3331
2603
387
2769
785
1347
3776
2124
2474
3952
1021
2245
504
3433
904
2306
775
3809
3163
2084
3319
3053
3599
3464
3170
2900
300
2454
744
1348
3741
3196
1067
1433
3206
612
2867
2669
1191
2270
245
1322
2500
2780
2400
238
566
1381
3130
2285
2903
363
867
3215
799
2382
386
634
3858
1247
3854
135
3617
2644
3035
220
2961
546
1498
684
2960
1472
3015
3964
3279
3328
547
17
1008
2297
234
1623
3571
3391
1911
1823
1138
625
3123
1279
807
744
503
425
1626
3540
1096
538
2837
1447
1169
1304
2993
2559
3336
3380
193
2542
1502
63
1461
3675
105
3752
1358
1555
2170
177
1401
710
28
495
882
2098
740
2185
3692
1520
2401
2380
2926
2694
2030
1827
2907
3092
377
343
805
343
3406
867
3751
559
1453
2074
3819
2684
2782
529
1892
593
1554
2710
3756
1393
1836
1205
2660
3411
202
2906
1711
3802
842
2102
1283
49
950
1508
1878
987
3740
2364
1206
332
295
1241
2061
3009
205
3895
69
13
899
1305
1208
1152
543
48
1697
3843
3048
2503
3467
3797
2110
2164
718
3798
3544
1609
2679
1708
912
2803
373
3412
3400
718
2809
3304
2121
2319
1726
566
3279
149
3635
1950
1516
1835
3551
3346
554
245
2732
2871
1930
3778
3954
1698
6
3966
3391
1067
2312
3826
451
2194
3391
3869
606
1378
772
1293
3909
946
1092
3839
3262
2957
297
521
2615
964
2912
1735
49
3597
3600
3781
3873
2741
3766
38
3256
2997
496
722
1011
2929
1953
181
3452
3823
1579
1463
3185
3380
2852
566
2809
1082
1712
991
3887
3944
1966
70
329
2696
2804
2684
1922
1554
1998
1129
3883
1378
1658
1225
3776
3132
3940
3821
2819
2612
1306
2980
3764
949
1500
317
2407
3110
673
3678
3007
1156
931
3411
1234
3463
674
1818
2340
647
387
2854
2904
322
986
618
165
1389
2307
2431
592
1067
3312
2890
2797
597
1992
1097
2984
504
3739
3603
1429
2585
3214
2872
3814
654
766
1438
2834
1544
573
3241
3531
765
1915
1848
3340
392
395
3109
2495
1168
1297
2700
1804
2192
3790
99
2778
2773
505
1464
1857
2727
402
2493
3777
3021
54
776
2555
3826
3676
1765
1114
1942
3833
583
259
3207
1515
1094
1048
769
1844
3701
310
3057
3275
3490
3485
1400
3431
99
1085
2022
447
31
887
1428
3662
1136
623
318
1611
874
612
2644
11
2369
1335
3776
2580
500
2549
85
2060
1232
2378
2594
356
865
2506
1231
65
1906
39
1268
3031
985
498
132
645
3386
2910
651
1220
1069
1750
2112
103
759
2473
25
1648
2617
2254
3301
425
2652
8
1013
3940
19
2570
1004
2769
673
563
1324
3193
4000
931
745
1411
290
163
2413
1113
2861
2769
1114
3313
2191
3012
1330
3502
30
2834
3469
3347
662
1122
1490
302
294
343
1081
1837
1774
2357
1514
808
1879
2413
2818
3692
2119
1908
955
1977
50
2956
666
3664
2329
763
3494
1241
3437
3888
3580
2509
1808
2434
2761
2231
3850
3476
2860
659
3617
1249
757
2873
1182
531
1546
3061
2418
518
3881
3487
2409
761
925
1135
1248
2821
3340
518
277
1615
3594
1028
1259
697
3983
3123
3618
349
2093
2610
1221
2190
2168
3232
2286
1947
2940
2276
2413
3263
1981
2586
3980
2757
1122
1729
2810
308
2217
3262
3976
429
3536
739
2488
2727
1092
1842
543
3046
1616
3069
1186
1881
2929
3470
3578
663
1387
2949
2680
773
3632
1091
1361
952
3162
641
3641
1970
3449
2034
40
145
634
1402
2278
3861
3285
2765
1653
1439
2838
3478
3710
2508
2756
1245
3206
299
3414
3846
2185
1528
886
2529
738
3016
3737
3352
2107
381
841
545
497
467
280
3278
2836
1320
1074
101
1479
484
517
73
3435
3766
3536
2415
897
167
2244
3280
2228
1702
1359
1357
3735
2451
2247
239
2045
175
966
605
586
2043
684
2076
78
1488
2906
2446
3362
3816
3588
2428
1867
1541
1252
2197
59
416
963
812
837
1714
188
2648
454
1758
3375
1158
2600
3906
849
2418
2620
1945
2063
3513
2304
1915
849
2334
650
257
3108
3194
3904
3382
1189
294
84
821
2904
2881
3186
3091
3362
2217
2094
1556
1664
2962
1816
2472
1306
2379
666
699
2960
3990
1763
1314
1992
1363
2000
1530
1796
3410
3351
3749
292
3876
2698
652
3312
744
1264
286
3186
2764
1132
2006
2447
1555
915
3979
3068
1669
3965
1375
1613
2649
1865
2764
1384
2291
3616
3201
2849
1997
1108
1163
345
3045
1028
3970
1004
915
2782
2140
2500
194
68
1108
1927
3612
884
3001
2895
800
2459
2373
613
1559
1433
2293
3363
897
2550
856
3127
1797
3627
1253
3160
192
2918
720
517
3300
3536
1891
2928
3344
2374
3609
234
1553
3571
3388
2090
2526
3627
486
2407
2385
969
3928
1265
1882
806
127
3478
3098
1652
3388
1449
3335
3750
938
1749
2909
3419
3248
818
1230
960
2836
1908
1325
2061
12
1069
2062
323
2265
3232
350
540
1606
1608
1445
1468
3364
793
154
3479
3416
1221
3681
2003
3662
965
2480
2945
234
2969
1693
725
2762
3347
845
2106
3289
740
1668
652
2173
3077
662
2702
2255
2892
1189
2888
3136
3150
2802
929
775
1306
2639
3599
2367
3634
1283
3967
3488
165
1356
704
710
2643
3103
3144
1688
19
3204
3225
3208
1566
3966
2122
213
1159
1812
1205
1482
3962
2310
974
2501
2117
1748
3615
2066
998
2666
3907
1278
3442
1328
103
2772
918
1056
569
2850
3893
2086
1454
2090
3146
892
1064
3235
683
779
3062
1429
1715
1180
2717
3509
2972
1614
1
339
1243
184
2830
2855
413
207
3230
3342
3868
311
3726
1686
1568
2950
584
3159
1317
599
852
315
3172
3720
1289
2224
1063
2129
2188
3264
2729
2545
2969
2500
1908
3039
2642
3217
1161
848
1319
776
3447
1294
359
901
421
2077
2031
2862
3245
3181
841
821
313
50
65
3450
3354
1214
870
1182
1958
3810
2033
1133
151
3462
3985
3871
2202
3630
3657
3662
3416
2260
133
3616
3459
1410
3037
3656
1387
1830
3096
860
100
80
570
2504
3816
3934
2051
2341
3256
736
326
2979
2082
2837
2752
2763
850
3785
3624
1978
697
730
1106
2832
1495
2971
762
120
3652
1084
893
3197
1067
3151
884
3615
931
2449
226
883
649
2722
344
2033
187
724
1518
102
2122
1485
3693
1600
1787
3680
830
911
3230
2671
152
2170
3155
1437
1499
3551
1701
3481
90
1036
2937
275
1982
1713
489
2061
3260
2846
3120
1791
299
3526
651
1745
1767
3988
389
2640
2695
2702
3727
2467
51
2245
422
3995
2611
2670
2454
1058
1085
3916
841
3037
3915
3491
3890
130
3508
135
3383
3692
1606
407
716
409
444
2833
3949
496
650
422
3097
1680
3132
990
738
2070
2289
3454
2179
3457
543
1705
3953
251
1083
1316
266
2578
719
790
1965
3962
2169
579
2569
1203
1718
1297
3973
244
2274
446
3727
2065
3282
2302
3825
2624
3212
2167
377
1840
3893
2948
1912
1498
3944
1973
1312
67
3092
1952
3941
3693
1875
3090
2007
372
936
3382
2776
533
1460
2809
1674
2646
3259
2316
3904
2177
1822
1849
1410
789
3258
316
1939
3011
504
3551
3928
2755
2269
3885
1069
2168
1038
3771
2702
351
1825
2121
131
2577
106
3430
3459
2242
1870
931
2566
2743
667
3921
1925
689
2553
1118
2527
2730
3986
450
3757
416
328
1951
1350
2986
3410
2248
3852
1234
3162
3665
2118
535
300
3402
2437
1737
2931
2561
1820
1487
3952
3664
3651
199
2366
3940
1843
2961
474
771
1622
1179
280
3668
2469
1496
312
543
1617
3136
1834
497
3448
1021
3530
2939
230
1782
1789
1714
2614
2468
2378
3427
3545
1441
3096
472
555
696
3149
2721
1497
1563
3643
1072
975
3000
870
367
1921
505
2404
395
14
22
2124
148
3546
2502
243
2143
3329
358
53
2625
2217
2903
3337
761
1395
615
875
2383
3180
3824
1211
2813
1444
1837
3407
1273
3234
1471
2941
892
709
3410
29
357
1696
3415
1290
2712
3878
1296
1203
941
2141
1417
729
17
3095
1742
1091
283
2652
1389
2155
846
3206
3719
3340
779
2044
2511
1509
3112
2153
3385
3870
3623
1109
2143
448
44
1092
2617
2148
3770
3386
977
394
883
1402
2764
3965
2735
2734
666
3163
1701
440
1368
657
2946
2476
3825
884
1129
1706
619
46
2869
147
1251
2115
1263
1881
926
103
2832
3900
1005
118
4001
2701
1287
2823
2799
1572
3987
1992
3134
1363
3736
3552
2151
3416
2004
1986
1957
2848
3282
2682
1801
1998
3761
2806
1311
2768
228
573
2971
1405
663
225
3237
3045
1208
592
27
3353
3385
1234
3090
539
3943
706
3380
925
317
3659
522
569
2914
2245
760
1607
2012
1148
2114
644
1699
564
3393
499
3186
564
1755
3825
1392
5
442
2582
1662
1987
1897
406
2459
1566
2471
2353
2514
2337
2071
214
2208
3525
349
1777
1189
2667
1524
2245
379
157
3938
1288
2855
3730
2690
2143
2792
3947
1794
3
294
343
3270
2128
2298
1845
1687
1146
3455
3462
3198
156
58
2166
1541
998
649
3236
3841
3732
525
2509
283
1894
3268
3063
2090
3569
898
633
599
3381
3167
3868
1377
2455
2549
2361
2344
3549
2113
1573
496
1658
3309
3522
3797
1200
1018
1068
3555
3204
3979
3111
3612
1507
2278
1513
514
2013
207
2016
3663
3652
3019
3917
381
1318
691
1975
1686
129
1409
2800
1269
2224
1789
1068
2870
202
3273
1304
3866
1488
2223
1472
71
2471
2583
3426
3111
271
3982
2364
2633
3379
2570
2549
2130
775
3301
3854
2189
809
3871
3745
1913
1950
2114
2942
60
3327
143
369
3614
2662
1182
1976
132
1041
1801
1860
651
696
3364
2120
1520
1488
2931
1792
2975
820
3020
3679
1326
892
2325
634
2522
2126
3976
1317
1550
1501
1442
3483
3063
2890
2713
704
634
47
2937
1871
1144
682
2064
845
3605
3046
2950
2389
1952
571
2525
3388
2224
2264
1024
3128
2639
2714
1
694
2600
3320
733
1474
134
2859
1468
1461
3419
3030
3156
2095
2477
2575
2072
2506
3782
2184
71
1997
1683
3198
2263
3566
364
3773
97
1877
2060
1282
3738
3084
567
1174
2151
1369
3197
3530
3543
200
430
2970
717
1012
3057
1128
948
761
111
2
644
2834
484
3114
1052
1507
327
3344
3345
2663
1982
3657
1286
67
2291
2439
849
2846
1302
1291
3202
3094
1224
3516
1841
2056
3544
2527
2568
105
2449
3261
905
1593
579
3601
1085
2329
3438
1908
1907
3940
2904
2427
3823
631
3257
1149
1907
1034
2349
997
1681
2526
2142
2814
1966
1439
868
608
3744
392
3331
838
3217
2986
2348
1021
991
2565
3911
3453
1350
548
119
2707
412
1085
2779
2279
2673
721
750
836
2317
3656
380
2445
1312
3225
3118
455
2177
19
588
3178
1783
3966
1200
3623
3757
259
2654
2866
626
2614
1332
679
3830
1866
1154
499
3760
18
3438
2533
2119
2334
3825
3501
2597
2164
2211
2722
2331
1324
3665
238
3170
2102
1154
3224
1059
1725
201
1152
1589
1517
1808
1105
3854
2153
2565
25
665
1532
1840
1899
1462
3835
750
43
1968
3298
1959
2611
3566
2202
3470
237
737
904
3247
1964
1300
869
1321
3487
2179
3060
981
1468
3081
3735
3534
486
343
2256
2315
2188
2431
3491
2662
3291
3024
1182
3669
3642
2409
2631
2153
1646
1887
62
983
179
2075
2171
3434
3140
383
1064
1014
2590
3041
335
2235
1160
536
361
3915
292
3192
3742
3766
609
3002
210
811
3834
1334
3397
787
2165
2066
2635
2148
2874
3436
1942
1470
3794
3262
23
2960
1629
894
1555
1027
3396
2163
1909
521
2041
3646
2182
2435
1182
538
2394
51
3141
481
2177
2559
3367
3589
25
999
54
2476
2312
234
1208
529
3148
1832
3515
1953
3068
842
500
1558
3358
1484
1423
3923
2200
2294
3707
1797
2604
2127
3580
410
1114
3049
974
320
2389
2375
1422
3959
3578
623
575
2061
2360
3973
1932
1814
2010
2532
3305
350
227
3740
637
3938
2274
3348
594
215
1463
3893
97
3463
2620
3326
3437
1232
106
2592
828
2954
3759
433
3407
2393
1172
1224
3624
1825
1766
3722
196
1049
3612
597
2560
224
3773
1516
137
797
2942
2712
2591
3261
2694
1696
590
1204
281
169
2308
3072
3512
351
2549
1547
3129
996
365
1702
3792
875
364
781
1237
1875
1594
242
242
2264
1134
3955
1738
2199
2954
209
484
419
814
1518
475
2672
341
2384
135
1898
1463
45
924
2408
670
1371
3048
2150
3997
227
900
2501
2423
2435
1111
871
2642
703
3385
3740
1256
1935
2598
2102
781
1113
188
641
2508
2088
874
2668
659
2068
3670
1997
240
1258
1268
3448
2631
1482
1478
794
528
1416
3201
1447
607
3051
2091
2862
1238
2179
294
3690
1844
3916
1732
311
1953
19
3198
3164
412
3757
2149
12
933
2493
3689
2569
2336
1258
1683
87
2757
1718
2275
1427
1785
2912
108
1094
400
1510
381
3978
3526
2666
623
3605
85
3220
2841
622
3455
3709
1840
305
1005
515
3697
2398
2080
1757
2857
3205
3350
3410
3510
2576
840
3018
1390
2017
1880
1159
3781
689
170
2760
1546
2664
948
330
255
1161
3834
719
508
3251
3095
1684
3654
1292
2316
3678
2095
3588
2082
3229
1392
2597
2455
548
2872
3874
1355
2916
2079
1768
3230
1889
3141
1984
972
1592
2196
1346
300
1202
1449
684
1721
46
3293
261
3399
950
1089
260
2985
3727
2507
3181
2167
2490
3585
3463
2283
2727
2051
2278
1915
3660
3324
997
3606
1930
1237
3456
708
2268
468
893
2853
1763
3917
656
3615
2093
2869
3538
220
1378
2624
3272
1088
3296
3883
2827
1685
228
1258
3621
622
695
2770
2286
3571
328
1817
2097
1774
3367
1991
710
648
3032
340
269
1780
791
3017
3764
536
689
1873
3297
1194
2278
2795
1100
2646
1096
1099
331
119
1869
3994
3117
1637
1687
3367
1793
2229
3886
468
142
1488
3709
587
2870
3822
887
1633
1509
67
3212
3196
2114
613
709
2812
918
2674
1958
338
1380
3445
3366
195
1388
3773
1293
802
2229
3115
3655
518
3454
457
3017
435
2538
974
3597
2491
3107
3747
2712
9
877
3700
463
1008
1581
3965
2851
483
1341
2938
2882
2555
695
2704
1587
1267
779
2362
3460
3017
3220
1250
721
1427
1973
536
2924
3579
2846
2278
3545
2333
13
2206
1294
3017
1713
1532
211
1092
2972
74
1615
3756
2529
3033
2109
2578
875
3561
2387
1121
1420
1105
3317
885
2143
2895
2898
1124
486
2331
852
3042
1345
738
3390
1610
3615
3896
232
1494
3524
2868
24
3606
2640
1768
2600
102
2214
2092
2170
2646
2322
2187
3098
482
2166
1011
3024
636
414
1794
3758
518
1242
3604
1805
2188
2652
331
3961
3530
1555
3725
649
2091
141
3182
2299
3221
2960
2199
343
1959
47
100
563
2153
1983
2335
3786
3932
3530
3183
1825
1549
3070
1377
2504
799
360
2029
1270
3925
2678
2814
758
3436
2661
944
3245
3964
1821
1440
3570
3853
3492
2078
1998
2696
316
704
1330
17
683
3163
310
952
3900
2080
3738
1670
3509
1430
6
2368
341
3015
3523
3927
1264
1295
3042
3807
2460
2713
2919
3215
3600
3975
56
3962
3254
13
404
3980
2905
3545
299
689
1976
1363
931
3775
1811
3883
41
155
659
2497
3089
3470
2347
1710
3401
2707
3048
1926
1431
898
1062
2738
1782
2440
2106
2740
1461
3483
3492
2929
2897
2016
3190
1633
1483
780
2465
2518
2185
1619
3628
590
1301
3753
1295
3871
2062
29
510
1653
1328
537
1314
82
3165
1786
2239
1041
1751
3810
3508
199
1620
2517
342
3399
841
2247
1263
3198
29
2689
1943
679
1226
311
1145
602
1820
2968
1516
1898
3518
1787
1227
2767
1060
2639
245
1375
774
885
468
2723
3791
298
3504
1323
748
1088
856
829
880
2715
1511
2734
592
2800
80
266
1986
3578
3279
2896
1618
70
3288
664
2432
3185
3508
2121
3792
747
901
445
948
3346
3478
3114
1475
1208
1434
3895
479
1530
1645
3048
3330
2166
3883
1272
3252
2431
3397
207
1547
2507
2826
3123
843
3170
2807
2655
1988
2999
3197
3809
771
642
113
803
3546
2796
3881
3795
525
1978
2737
2884
2710
480
3175
3805
185
1869
824
2166
1156
906
587
815
992
147
3451
505
947
1055
1380
3999
1017
826
3031
2361
3373
1645
1431
2792
22
2963
1241
2420
1579
642
3793
11
1636
2598
929
3548
1336
2871
1267
1993
728
1474
2257
1232
3807
3394
3039
458
3823
3307
1994
2802
2517
3340
89
2511
1596
3141
773
3719
2929
1871
1615
3070
2543
3978
2295
1100
1321
1861
208
3868
3208
1021
1411
1870
3960
517
3496
563
3957
2228
2430
1003
3524
3314
2628
2688
1175
2479
993
810
2753
3273
1334
2
2106
3745
2895
1352
516
2340
1013
1339
2458
697
1949
2598
3196
3253
1827
3312
226
1166
1028
2550
2781
563
3536
3641
3702
3211
1406
1595
1926
2983
2643
1265
2995
3570
2792
190
2956
2472
1346
3741
264
2354
2218
802
188
3335
2776
2846
3562
244
226
1812
3930
1426
3745
2955
542
2817
1807
1633
302
2504
1128
2247
2746
2364
1980
1194
411
968
428
62
3393
1524
2446
858
1744
3703
3931
931
2432
1512
2957
643
1064
657
3321
1807
221
2148
1520
1120
701
2228
2222
590
1779
3911
3727
52
1306
3446
1631
3644
2703
2830
2620
443
2526
427
3819
3432
2316
885
1203
39
2995
3340
3076
505
2806
1994
3157
712
463
3042
1863
1106
103
3866
157
3322
2978
3879
873
107
2065
996
1348
919
3834
3907
1959
2562
3849
630
3278
464
2091
2460
2904
134
1671
1973
935
956
3681
2233
2853
1019
220
673
82
993
914
2546
126
2384
820
967
3503
1321
1633
2116
1292
2312
3307
3520
2701
3855
291
426
1385
3220
1631
341
973
1865
1919
1117
2223
3067
3270
1807
3442
3927
2033
1634
2122
253
166
2461
207
3409
2798
2857
386
3165
504
3079
2531
1222
91
1440
686
104
185
1485
3851
955
3972
1911
2012
2249
2581
1979
2520
3078
2396
325
3391
807
1495
3342
2535
1696
344
213
1786
340
3577
1353
2235
3719
1767
1333
2712
1296
3385
438
3606
1261
2170
1874
3408
2349
3533
1976
3349
1157
298
78
1745
1830
2416
1823
838
3037
3912
518
3284
3226
1512
3582
633
3835
3773
2092
2608
2978
1697
1174
1987
1202
2375
3267
2069
3936
2012
1980
1288
2323
196
2065
92
3802
193
759
589
3984
2751
734
3740
2332
1965
140
3913
3432
3454
1670
1890
3189
89
1054
1535
2253
2855
3410
1541
269
3724
3273
1157
1180
3000
1707
2357
2331
1138
3564
982
748
3827
1006
2135
81
610
727
3277
2078
2472
3522
2910
2722
3311
2014
2564
3676
995
2377
2904
3130
2944
2124
2104
35
635
3481
1191
2243
507
1084
2837
1620
2251
269
1648
2301
2672
1180
1314
1903
2778
671
365
1848
46
3288
1886
379
231
780
2932
1022
1474
1340
1225
998
1476
2157
1587
471
3951
2459
1421
1987
1426
2550
2310
2107
274
2449
3148
1610
1718
3386
763
2571
3344
2071
1219
3681
2130
362
3657
1848
2204
263
1635
3195
1065
3887
3081
3719
1212
1016
1967
1800
1355
3298
2965
1513
2364
3444
1604
516
3831
3725
1398
1932
3966
2207
2198
965
2515
3142
322
2187
2854
1496
2892
1376
3008
164
2388
2387
2678
3500
192
3943
3862
474
3394
2779
91
1578
2776
3966
2104
1688
2321
573
2693
3184
2508
3784
2955
768
2380
433
3499
1033
3307
2089
2064
1114
1923
259
2198
2718
111
391
2617
1168
3530
2929
59
1488
1928
1369
1973
2414
3766
1894
2507
2442
1074
3432
3109
67
1920
3679
281
1332
2951
2790
2013
2509
3681
608
220
2500
3857
3866
935
3589
2979
2224
3440
1859
561
515
2699
3961
719
1110
2335
635
1058
469
3011
2371
1372
1583
1690
474
1836
2069
530
1828
3641
1631
3
3172
2020
1655
3159
1473
1932
1684
152
254
408
7
1396
1963
2348
2337
3402
15
3199
413
1930
1729
119
3454
1307
3113
3833
2630
3012
3415
2239
2732
3244
3371
2230
946
1827
3821
58
3438
357
708
2009
2792
1553
1796
678
1259
3994
345
382
3626
147
1034
3223
2768
3113
2338
3306
3377
2093
3773
3127
2627
3285
3948
1242
762
706
1348
52
289
1886
3837
2667
920
3460
807
603
3459
2815
3982
1497
2064
2219
3214
591
3792
978
2675
1861
2772
2231
1252
1663
1029
3293
412
1293
47
2553
1591
2032
3133
296
1186
2011
1593
2289
719
2622
1265
569
3288
2271
1313
1119
539
2006
1355
1617
1452
3121
416
639
145
3846
2724
372
2550
3391
443
3379
2274
30
1401
233
2814
1239
3891
2539
90
2637
1275
3393
484
2768
1201
136
3064
2300
843
3583
895
3591
3410
953
2073
531
3684
1143
3657
3363
153
3714
158
2647
2311
2570
123
1684
107
2046
3213
761
831
1586
3637
27
2799
2422
2602
3779
1073
262
2326
546
2635
2626
439
3205
1822
1898
20
1697
2363
1614
940
3104
1673
3192
3924
3488
2285
566
2829
3584
1456
2762
1993
385
2941
1126
53
1203
106
2670
1265
2603
3174
1774
3637
2906
431
101
2176
859
2790
2631
2128
1227
921
797
2892
3403
2858
1659
1359
3661
2728
2661
3472
2502
3255
493
1219
3179
1059
1023
3279
2830
178
1225
3670
3399
2584
670
2066
3105
3699
3695
3613
1097
2715
2934
1947
1062
831
2185
3931
386
1196
3009
3107
504
2181
698
2905
3531
2488
2502
2135
1637
3129
3358
3301
3206
1289
3088
40
3717
3498
3018
1240
3139
1485
2879
871
3949
1683
3927
473
3547
3077
2330
3469
2669
3937
1692
3647
1003
3838
3498
3997
2375
2016
906
1023
1141
3295
3143
1900
456
1750
1586
3872
369
1883
1467
2151
2576
1115
1786
1252
37
3389
1628
3425
613
3805
845
1476
687
960
3434
2556
1864
3717
3273
1932
3992
2464
3381
340
3955
3852
876
3271
2498
3531
3586
1768
1891
2878
1427
3835
2468
3375
2712
1951
774
321
108
1402
2279
1990
1580
1897
721
2492
1390
3645
794
555
2249
772
1664
132
4
1148
3699
228
3522
62
562
3514
89
2
244
1653
3347
3319
2980
1127
1764
2245
3245
1998
756
2575
2826
353
2919
105
3896
1217
955
3456
1258
2174
1939
1752
1381
1268
3762
411
184
2972
2169
1710
1131
23
551
869
836
3506
3680
563
2762
3521
2398
2025
807
439
2946
949
3320
3987
3625
2029
3778
2742
3850
756
2079
1136
1911
800
529
2257
2893
356
2492
3920
599
3397
2573
1099
2776
402
3076
1561
1744
924
1878
3007
1381
3414
746
2621
2074
3021
1106
1124
1789
3215
931
1015
2294
999
2479
734
2323
895
2883
2629
1001
2511
2539
3994
3157
2776
2664
364
3923
1828
2292
3096
2032
1314
1313
3987
3180
1226
539
970
3178
624
990
561
2950
2379
2505
1503
132
3773
537
2729
2512
3446
3753
2611
724
1058
2923
1757
1502
3204
2327
3385
3512
2989
949
300
3253
3681
3672
633
1237
515
1611
210
3649
2744
246
3583
2824
3915
3738
1026
348
3094
1804
1959
3001
3793
3861
3230
1358
419
2615
882
3094
3451
1173
1793
191
497
1380
754
911
2886
776
2913
3050
117
2122
319
2548
724
3888
2117
3939
3428
1208
2008
1254
3084
749
1905
417
2510
3650
197
614
1234
929
3881
1444
423
716
3260
1855
1883
2919
3874
2778
348
777
3319
3805
77
897
916
1326
3845
195
3458
2667
1341
1118
1664
2220
2696
3632
2827
3547
1993
2956
214
704
1254
3356
575
109
3568
1162
798
1815
2745
495
626
2247
3039
1693
1908
3364
1718
3052
2468
3424
2267
24
2597
3276
2661
3574
3668
2906
2420
3579
3228
1271
1067
1599
1781
2888
1586
760
2477
3110
893
1685
1494
3385
3967
704
65
304
3693
2229
3511
3395
402
1053
736
1603
140
3301
1931
3203
2699
2211
2485
2193
420
1466
2066
3806
701
8
3520
852
2800
3941
1251
2873
1825
2346
348
3160
1330
1058
663
2253
1503
2052
1790
305
2134
2822
3201
3123
1414
54
3624
727
823
2290
859
1100
648
2136
3376
3782
2790
1483
2839
552
1557
3437
196
3470
683
2748
3594
3535
2113
1121
3039
1896
3820
222
3528
3340
3171
2297
1273
1926
3520
2113
2208
50
3068
2
1872
1631
3952
1906
615
386
2662
1474
2150
864
1327
2445
1506
1590
2163
648
3768
3296
3734
1686
3827
3341
193
232
551
1998
2404
3397
966
1971
2710
3155
3844
2029
1614
2309
404
3363
1314
2578
652
3747
634
2460
2491
3641
1082
2169
153
3764
2855
3855
3253
199
3942
1959
2357
2047
3309
2961
854
3460
14
3801
243
1240
2278
579
440
2134
3103
178
3007
35
2835
132
1081
3614
3310
1653
3297
2505
2617
1537
3426
2694
734
2260
1876
2559
2470
1732
2888
134
2101
918
3330
2857
644
98
2836
2016
1309
904
3270
1846
3020
2271
57
1185
691
3569
1855
1315
1516
866
1063
3648
547
128
3294
3277
3335
235
1057
3982
3908
1130
740
699
1558
1546
966
1670
2248
2288
896
510
2739
3203
1772
3405
2837
2250
464
1651
3731
2375
3064
817
2442
961
3395
3775
2523
1104
1773
2677
2504
3576
1573
402
2314
2011
2876
3990
2548
2551
3410
1887
862
969
3714
545
31
219
2896
784
1977
64
1399
136
3798
24
3651
1522
1604
1511
1059
1009
1039
1223
138
3268
1821
1529
3428
2858
3002
1670
3181
3772
2243
2906
3585
1000
2871
1856
1091
77
141
2244
1374
3670
2136
1194
1910
3124
2237
1557
1843
1992
2663
3345
2184
473
3995
1132
3537
2228
438
3094
999
2463
2427
1108
1639
560
3213
418
2643
1120
2699
852
2610
571
2682
188
2388
651
3397
2365
3151
1673
909
2930
605
3715
3330
1093
264
2985
2391
1179
108
3941
2359
135
34
481
1806
3856
3824
2012
2269
675
3811
1341
926
809
1004
3150
1168
3031
3082
3848
2355
3006
1421
877
3675
1692
80
884
2242
3406
2902
3275
1228
2343
1292
434
3955
2743
3590
1114
1221
76
1607
2218
779
3147
12
307
1676
2571
3421
3832
347
1146
3487
1010
1185
191
1331
1503
3461
2867
716
3866
1840
3051
1307
944
561
514
3860
2439
77
875
3453
219
1269
1765
434
2400
1305
3655
1140
3473
2983
3373
3229
18
3787
1224
1476
2022
167
1331
362
3168
3002
3469
1059
1636
3711
3454
96
3954
3729
756
1025
3586
1962
3340
3869
1845
3109
3264
3794
3615
3597
1739
2678
3968
790
1121
1373
1960
1786
491
2944
2401
3162
929
1338
3962
2662
385
3232
3376
2128
2113
198
2052
3952
185
3071
2013
1234
3854
2440
942
472
772
137
75
3414
2804
1341
222
200
1984
2697
1545
2197
3276
2035
1542
1293
2991
2886
2331
2418
1140
3333
3884
1834
3465
2389
709
2378
2782
3955
1207
3559
413
1321
800
1539
1079
61
3274
3953
3959
575
746
3053
346
2061
2266
1664
1330
2767
3607
1161
3245
2551
3108
2058
3797
3495
2989
1864
303
3548
3574
2330
3636
3111
227
3295
1265
1356
2577
2576
3595
1437
3902
1545
2560
273
546
1165
1195
2427
835
3284
22
1311
1679
1487
188
3870
184
3088
2042
1400
2642
2653
3553
2486
3323
881
2492
3054
3645
3931
2783
2042
2620
834
2313
1210
1800
584
1732
1499
1030
3470
434
3840
3899
3278
2140
902
1916
3669
635
1079
563
2729
1831
2690
339
3488
524
3215
357
2587
1596
3280
1717
3262
1576
479
2208
3904
2652
1889
730
819
814
148
864
2479
1794
1920
535
3228
2403
2781
279
388
2064
309
3634
581
3545
3673
3375
3617
2403
3647
3067
182
3722
3466
2776
3853
2396
3114
748
991
2747
1518
1498
342
2701
118
3073
2794
1995
413
435
1889
2425
427
2367
2821
2377
3875
1833
595
101
1543
499
653
2039
1297
3629
3921
1685
717
1381
2627
2731
2383
887
2097
3891
1473
61
2278
2426
3889
1238
3859
1577
469
1404
3062
2387
1005
2853
3443
990
3198
610
1967
3785
1007
3167
2991
2128
3047
2574
737
3891
3464
1130
3260
998
2405
787
849
762
1145
3157
934
488
3739
1265
1853
1388
3598
3677
2400
2437
1197
3028
1057
285
387
2798
2182
3022
2884
2960
3878
2538
3535
3553
81
1697
2962
3683
845
8
3866
1470
3192
1898
3009
714
2037
3949
1441
3426
1662
3170
1874
3467
3868
3841
3524
719
2639
1877
1463
1602
1466
1069
1235
3550
2790
1733
2467
1870
1654
1450
3035
734
3963
1217
1923
2389
2154
212
324
2826
590
391
1742
404
2283
457
2231
1064
668
361
1240
2969
999
1011
2046
1617
3888
204
1984
2700
2952
915
2568
2502
1360
2692
3442
3746
2987
3037
3597
3189
1991
3951
1779
2735
3172
3017
2244
1231
2297
2105
662
713
1410
1287
3653
2267
426
1879
3754
1807
2077
1948
3087
2431
2506
721
2149
1498
1893
2305
1688
3745
2884
3329
1849
1007
1644
1085
762
1547
425
2181
3901
2071
3510
2150
1640
846
246
3370
1806
3789
530
595
1299
2383
548
2692
1143
1745
2277
756
822
1741
3006
840
2682
2686
3336
205
818
1972
1571
3567
1593
139
3301
528
923
166
567
3408
85
3852
2822
891
2830
1718
119
943
1124
2517
3342
3766
2036
2514
3936
3029
3963
3279
2369
1963
103
3788
2335
847
1140
1332
1010
1505
3549
1859
1287
2514
2219
1358
1230
3289
86
2277
1807
3729
2688
1434
2104
2171
1362
2854
111
2777
2738
160
1098
1125
2412
414
2641
1053
1820
362
3502
2214
3777
559
3089
621
1288
3749
702
320
2830
1502
78
3935
789
2143
2928
690
2548
950
1513
1171
2602
3324
3081
1218
2045
2047
1947
3543
2987
2183
1689
2604
2563
1244
1098
1880
1095
3017
2550
1023
80
2383
3210
244
2215
1513
2994
972
2495
2073
1969
2854
3271
3498
94
3301
1519
49
1258
1816
264
1423
981
857
1151
1810
161
121
880
1027
3306
1332
991
3230
2469
1059
697
3287
342
3437
3433
2621
1477
3968
1645
2660
159
1789
2502
3323
1473
2183
2601
3190
762
1304
121
3121
1604
971
1710
590
598
3089
916
78
3788
2584
350
2987
1554
1315
157
485
1462
1802
3347
1361
886
3695
3351
512
124
1646
1663
1561
3106
1661
2511
3126
3979
2833
293
2607
801
413
965
1042
2334
1336
1230
1030
2979
2488
3706
2497
1302
676
2255
2548
76
250
371
1147
2862
2953
3430
2988
2843
2491
3674
3697
1070
443
1563
1267
2856
1347
593
1804
2987
551
1904
3271
2004
1407
44
1640
1127
1885
2184
778
2050
477
1260
3518
243
779
2142
3006
3307
3834
66
1786
2284
1053
1707
2789
3690
3668
1059
2720
700
2567
639
3088
259
3991
3283
2465
613
2508
2677
3316
1826
1299
3741
1130
1269
2716
2847
3509
2304
1621
3149
475
1712
3578
970
1560
2573
3104
989
3241
2889
1054
2214
962
2518
2562
2539
2969
2961
2783
1951
2413
2297
1331
3904
2127
1550
3648
2132
1261
2242
2848
2694
2486
2220
1758
3824
2328
3332
1138
1937
3274
2547
668
1914
3390
1685
2395
75
3428
1533
2718
1584
2016
154
3787
2741
3218
3956
2807
3083
2237
66
1407
2542
3888
1363
3150
244
3105
1705
3922
3394
3898
133
3486
3954
2972
1414
710
1475
330
1145
164
175
909
3525
3494
873
192
2002
2079
3184
3570
3370
1543
1010
3624
3086
1346
3117
45
268
1800
1282
2579
1739
3768
3983
3772
2885
2288
3651
2111
2768
2011
2106
1015
1565
1238
2753
478
3082
352
2936
3475
2336
2606
2021
1849
1580
3600
3959
2019
2278
2660
3778
109
1322
2264
1336
2188
487
2923
763
364
1873
1422
2727
763
86
1898
285
3491
1295
3267
3475
3127
369
3171
2081
2840
2943
130
924
305
3993
1077
2130
1645
267
2036
3710
1952
491
305
910
2641
2503
2774
3222
3460
1966
1985
3762
3304
696
2082
2561
235
695
1193
1371
3916
1910
52
1668
3200
3401
385
3816
3956
3735
2669
63
818
1835
2620
2813
3855
2145
880
849
627
224
1035
171
848
2630
2678
1416
3835
2060
711
1516
28
777
3183
3121
963
3974
1243
1031
3833
4
1898
2459
3328
894
2285
1893
182
43
484
3929
565
1307
431
2461
1672
618
3105
3361
3426
1694
919
3192
917
3133
2065
884
2118
448
771
943
1503
129
1284
3401
510
326
1143
1766
914
2099
404
788
561
715
1954
1589
1047
2163
172
393
800
2574
2509
2483
1093
3483
3037
2481
2273
985
2893
1602
2020
1329
3805
3479
3302
2120
3897
725
1004
1018
625
1259
3956
1674
3640
610
1266
1169
2763
3094
309
1117
1520
243
2907
2564
3922
3198
1205
3162
3131
2215
2500
2837
3151
10
39
2667
3268
3321
1391
76
158
2083
1658
3145
3503
3844
365
926
302
3081
1307
1818
2759
3305
2614
547
1582
1252
1925
1560
1901
3020
188
973
1067
3225
1847
11
3032
359
3751
3862
2214
1774
1877
135
3023
3523
3847
3278
150
3662
1994
2917
3692
746
3246
1368
1361
960
3785
3245
3320
3440
1982
2655
2462
3260
2363
1530
1866
916
2004
3980
1042
1073
1899
3939
2009
934
922
3837
3055
617
744
2952
2441
2853
1584
1217
1956
3696
19
278
1100
2921
1190
1181
2835
3455
874
1541
3159
3200
1464
2867
987
310
786
1244
1303
2813
1430
3809
1983
2653
2950
2462
2915
1924
1327
2268
3147
1757
3059
1397
3608
63
2616
1244
1040
943
1367
3245
776
2792
2948
3851
2264
11
466
3299
143
186
1532
545
3956
1771
3826
2905
3716
3259
677
285
2482
1055
2824
3987
2582
2428
695
3483
2620
2504
1723
2758
3707
401
1602
1922
1283
2187
2524
3652
2813
2519
21
1500
3407
3142
290
3253
3360
3201
2686
364
3111
2057
1621
3900
3342
990
1865
1793
2351
3896
1215
2129
354
3788
3301
142
2138
3887
250
3211
1053
508
2486
620
323
1308
3488
1271
1849
465
3670
2952
965
1734
3361
805
2333
513
491
924
951
1653
2142
3375
1620
1765
2127
1334
2733
2269
2727
1172
511
1113
3950
1914
1954
1383
2192
2380
3554
3041
3847
2318
699
2824
464
1985
3074
285
3194
972
2405
3100
2803
130
2974
1965
1341
1695
2060
3004
1889
1949
3026
1203
3771
618
1475
408
661
3940
1505
2629
2264
1720
1336
3973
1073
413
519
1099
84
115
2754
1546
1017
2013
3840
3119
3651
1261
2715
2697
3361
2419
3435
1848
2650
2059
1123
740
956
3585
3462
2001
273
2766
3889
2918
918
96
2323
2341
3902
611
452
315
821
1986
1449
1311
425
977
525
3040
591
3150
3967
785
3128
358
1785
2897
1707
264
817
3847
2172
1845
2484
3299
1292
225
1997
119
1561
2893
2181
2040
60
2236
301
1018
2910
2574
3548
2526
784
3680
1771
2165
2522
545
1243
2688
50
503
3728
1235
727
145
1584
2460
2082
3237
2927
718
2045
3383
1511
1331
297
16
1426
3995
1909
259
3674
3417
2115
2943
1979
2880
2649
3083
3980
3797
3012
3153
917
2806
958
3002
2611
3068
3030
2368
2271
3725
2763
421
2994
2921
2544
2773
2552
1244
2498
1896
118
1710
417
1698
3383
3543
753
3239
2335
2519
3354
401
1139
3328
2387
2796
2608
878
350
95
2242
2862
2916
1792
2914
3909
2038
668
1579
3211
3066
1175
1938
3953
2165
2201
1198
2864
890
2493
160
3363
2041
323
814
2332
2360
1304
597
1918
927
1721
2592
3249
3039
3570
228
3120
3050
2124
1582
135
492
1750
3808
2385
3712
2848
1107
270
2657
3556
553
3660
301
938
3089
1790
1804
2039
3226
3381
369
3421
3009
3727
3076
318
3032
2342
1006
3773
1849
2404
2021
1995
399
1164
2273
3999
339
2570
2062
205
2048
481
1577
154
3378
47
3083
1740
1419
2429
2796
2027
860
239
1417
1698
310
1395
2976
550
595
1065
3952
2237
2984
52
3922
3862
1251
995
1201
706
1866
3644
582
2878
3497
1799
1792
2090
362
1306
3780
3929
1216
98
820
1830
2567
3507
1992
3231
2751
761
2914
1709
462
2195
3014
3745
2080
2118
3833
2583
3010
2126
3323
1256
1137
1298
2545
18
3436
1884
2417
3466
398
3061
446
539
203
1443
3529
3146
2623
617
2726
2558
463
15
1732
1591
2518
3876
214
1171
221
1968
2095
2177
250
3974
558
2696
873
3627
2491
280
3556
3779
3513
2023
3531
2757
2007
1897
2772
2055
2234
3817
3943
2159
2263
3478
2915
3535
3266
842
1271
1549
3247
1299
1734
2207
1769
287
2260
2728
3419
1567
1190
454
1758
902
3216
854
3270
2182
2929
3673
1232
1995
2226
2982
3734
1311
3638
3699
614
365
965
593
1329
263
1944
3533
486
2717
1073
1021
948
241
2925
195
2835
2647
1497
2483
1971
1672
3081
3360
2012
898
2809
1497
687
614
556
1521
296
3472
3235
448
494
2539
3800
463
1880
3702
2106
2498
2240
1332
2470
2167
383
1236
3726
1
1651
2842
396
299
3836
1926
1648
183
1853
3350
486
2539
2033
362
1982
3913
285
349
1757
1312
2144
3630
401
3686
50
1731
621
349
3501
3031
2059
3086
1504
1087
1531
3743
3538
1649
3148
3098
865
2337
2958
3166
523
1481
2633
449
1052
1749
3599
637
938
3699
1212
791
523
1233
2044
1651
3201
3440
2500
438
1813
79
2383
92
887
2745
2576
3983
1314
3337
1600
3147
3732
2032
2870
1681
2995
2278
962
3598
1236
3233
2281
2405
1527
1975
178
3285
1887
1724
658
3267
1895
2585
3715
914
1507
1640
2654
1488
3364
3707
3240
493
888
1813
3445
1571
3137
1228
339
3543
176
1261
3036
3796
1689
2491
1927
1585
1433
1392
2778
1711
1723
3217
3292
2079
3482
3254
1499
2290
669
2996
3923
3806
3668
1406
3567
762
3861
1142
2781
1746
2097
2938
1276
182
2122
1605
217
2962
3377
2261
1154
657
2754
1988
764
2256
351
2193
1126
315
658
3667
1722
2852
3083
2431
2880
2374
3047
2980
3931
726
3543
1797
986
1953
1385
2531
1064
750
2820
2064
3045
3812
369
581
2848
3716
3734
701
2192
3216
3385
1155
3569
681
3455
1170
1610
3955
1513
3035
1380
2330
3258
378
406
3987
48
1961
336
1304
1550
289
2927
335
1620
2055
2140
2470
537
3243
3039
1398
491
1413
1403
1015
2208
1280
622
83
3224
284
3958
1194
2133
252
950
3330
28
1715
1822
2894
2404
3830
3920
861
713
760
2268
300
3478
436
1339
1494
1728
3528
3133
1541
97
3298
3971
1361
884
2800
2562
1209
708
213
2547
2228
3086
1141
2783
2367
2661
3313
662
3297
2141
363
1540
502
974
908
3981
2004
3327
2174
2348
690
870
1835
3401
677
139
2942
3065
1863
630
3797
3922
2325
655
1149
2507
1857
797
205
456
2572
1437
2063
3993
1226
907
1386
3595
362
3710
3980
448
548
1452
3813
19
1972
3820
3619
674
2301
2124
3568
1996
3940
401
1098
1369
2719
3648
1708
954
541
2499
3117
1438
981
1987
3154
3722
2610
2480
2659
1733
1799
652
1995
2813
3561
632
2207
2722
3224
3785
1908
3275
688
1789
1593
778
3147
344
1743
1607
432
3497
1552
1717
3986
975
3718
2322
2530
596
256
2036
1208
2736
3462
1258
2492
1969
2149
646
2715
261
1147
3259
339
1852
2078
2985
1384
2032
1237
2220
2993
102
3663
3065
3726
977
1878
1777
1753
209
1332
1593
3109
294
2311
2805
851
1293
406
3758
1085
3939
2102
2881
3426
2318
2780
3682
1613
492
2803
818
1210
1911
636
1605
2879
1064
221
3156
3688
3055
3436
2507
183
3684
2495
793
2201
672
2952
1014
1861
1544
693
1153
605
260
3785
3812
497
3446
487
2831
2308
1190
3085
572
2491
1539
3840
216
3620
3294
2353
468
874
3229
3956
712
1795
1062
2974
1093
905
3560
1649
2687
1847
2310
3278
2219
1553
1685
1767
1082
1681
3428
1405
2841
3994
300
3549
2699
805
3962
3379
1341
1249
295
2318
764
341
1552
913
299
83
3068
709
3768
3252
3057
1233
731
1383
2440
3260
1499
3161
1564
3162
2602
848
1524
1188
3461
1060
643
1277
2396
1614
2790
684
2188
2876
926
3904
770
384
454
375
1544
216
3334
3178
2341
999
3081
2888
3226
136
549
3970
1750
1445
3184
1444
2747
2084
2791
2894
3872
2193
2114
82
3861
2746
1573
1736
2848
3466
341
189
1748
3852
3119
2984
3454
3477
2806
2649
3001
2314
2890
2414
1809
390
2156
45
3393
922
2079
3697
1054
1805
1982
1591
3316
1300
372
279
1473
3254
2336
2217
3332
2563
3645
3485
4000
2620
1476
335
3639
2053
1649
2253
2312
104
3059
1127
2326
2682
1795
3838
959
3077
192
1836
1122
272
3773
2599
2310
2473
1575
897
641
3078
3668
126
3747
1680
72
1075
2025
595
3611
3475
1151
2167
3595
3716
677
662
567
3325
3753
3608
2744
2678
3228
2530
807
1948
3692
1970
2352
1211
1134
3803
1100
3114
2852
1152
3868
2160
2676
2124
11
2356
2944
1701
66
1072
2488
3335
3918
2865
1895
320
329
1651
3443
1078
3659
3654
932
2816
1575
2909
933
2929
2835
3760
774
534
505
2205
592
3315
1605
593
1814
3733
3118
487
3996
551
720
118
1899
3794
1076
2232
2404
3387
2249
2315
2461
3646
2069
1774
511
1831
2796
235
2145
1666
2582
3771
3871
2692
3271
3832
1446
3586
632
729
1366
3524
3521
1480
2198
1126
1162
3253
415
3072
3741
2450
2932
1035
3503
296
2326
3734
1045
3873
3485
3847
3546
2928
1165
3445
2013
612
3173
2141
1167
277
1828
2678
1517
3833
1247
543
354
3066
1227
1010
244
1067
1519
383
2105
2614
474
1164
267
2667
2716
1459
2209
1140
3940
3143
1369
2839
1724
1134
3840
1184
3957
2663
2734
520
1959
2011
2693
67
2203
3645
3112
1617
516
611
1301
2849
3259
483
742
3208
3383
13
3841
933
2141
828
3721
2194
2827
3176
1665
3072
364
2518
1166
3204
905
3295
51
1407
3546
1368
1933
344
1810
2739
2076
3244
2466
646
2300
1570
3825
325
1184
2201
1249
531
1584
1430
82
3621
1178
187
2466
2414
2215
239
3736
577
3361
1770
2979
1750
3927
341
3124
2636
3206
592
3221
680
727
2414
1375
443
1561
3181
3127
1047
1552
3616
1504
1957
504
346
2257
2803
434
2043
581
3494
2559
1575
1103
2513
2144
3382
2809
1196
1910
627
2812
498
1125
326
671
2289
2298
2985
2584
759
587
3261
841
1255
1967
3032
598
3483
1898
1634
2722
2733
2760
683
1089
2602
1514
3877
1539
1415
1863
3648
3220
3624
10
2086
132
2256
3581
161
3628
3637
487
3519
1626
3386
2317
2888
599
3724
487
904
3404
2863
1609
3872
733
163
3711
3586
1148
23
862
3408
2342
354
2754
2793
3276
749
891
3018
1874
384
1059
1337
3362
1541
1360
1775
2730
2895
1661
2324
231
323
2191
3849
2764
1719
2954
680
142
3572
1662
2926
1674
1754
2227
2125
976
2000
3209
528
2278
703
1670
1766
1361
1767
1854
2225
2346
2723
934
3253
2981
1586
1774
2609
1238
1376
1548
1155
134
1225
830
3277
3129
1134
3764
2180
1922
1172
2300
2446
3245
3033
1290
1525
2922
1276
2623
3711
3271
3494
2455
1756
1952
266
1900
1244
1482
561
525
2771
1279
2983
2099
2549
3730
209
1411
2752
3842
364
418
1458
232
267
2733
3906
3971
1819
2325
1892
3330
3371
1457
1426
2397
1737
2722
2224
3316
3896
2641
3006
124
1420
751
1574
81
1032
443
3981
2576
2776
897
34
3227
686
1061
1690
1822
1386
2163
697
3690
2388
3545
1380
3994
705
557
1848
810
108
1333
3586
694
1736
1058
942
3292
3411
2181
3116
1498
16
1414
1614
2851
192
3499
2065
3566
1661
326
1663
3978
2700
617
943
2041
1914
2294
2519
1642
2205
254
2687
2731
1694
379
3701
2859
191
125
264
3014
1319
161
1855
2690
1332
3543
3653
548
1779
3492
2442
2561
3232
1130
1051
2138
2476
447
532
503
709
506
1901
1690
2655
814
2590
3800
2251
3926
1504
1097
2194
3968
2694
2520
3895
692
1334
1076
3352
2642
698
3958
798
3517
3115
3560
2251
1109
2788
1516
1038
2555
3824
1080
3217
505
256
2238
1277
2540
3585
2393
1429
1961
2952
2640
1923
2526
274
1907
3514
2362
254
2089
353
284
1626
404
123
1867
361
3559
2989
3382
1222
3289
1584
3977
1182
2845
1149
1058
1676
1168
1056
3726
3755
1968
273
3892
105
3634
792
3313
2596
576
2666
65
2277
3607
812
425
3518
2671
938
2969
2714
2256
1409
1290
2812
3129
3984
339
2111
2309
1543
3390
344
2887
2562
2857
943
943
2999
3975
700
2061
3826
1347
835
2888
3203
2638
3155
896
3836
2185
263
3457
1993
577
310
651
3114
988
1873
2049
1706
828
983
1350
2685
1503
2292
619
636
2927
1498
490
1380
1226
3002
161
303
819
1498
1943
3225
2785
2372
3331
1372
2439
61
2186
2630
1818
2994
192
1553
843
3439
3419
2850
513
852
2862
3456
2488
3448
932
491
881
3844
2163
1922
3035
1514
2855
1539
2902
3387
2129
993
3330
2968
1294
3746
394
3229
3241
1168
2240
2325
1872
3862
2355
3843
3125
2753
1725
2502
2709
3454
2022
1381
2932
2324
230
2660
3980
1442
2304
162
1630
2035
631
321
2579
911
3010
2273
3448
795
459
3894
2361
1724
791
914
3158
3346
221
2813
3014
358
174
1790
2855
1922
1678
1380
623
3553
3169
460
3315
2998
830
955
1039
2210
2828
1815
3592
2585
2943
1153
2253
388
151
3206
1733
1127
2211
1700
1673
2203
801
1102
2614
2759
2715
326
1699
392
3561
1517
3346
2219
2517
36
1848
588
3723
215
2621
481
959
2079
2390
1776
796
463
2285
495
3998
3936
675
2240
2081
2388
3163
2179
1953
3682
1448
1737
2884
3807
1632
1853
2184
1318
3896
3924
1329
2096
2906
198
18
2874
3496
1024
2441
1853
1139
1597
897
2952
765
508
1605
34
1231
3555
2730
3594
2380
3185
1130
3925
3239
1106
621
1189
2923
3715
1199
2276
3334
3822
3737
614
570
1971
3989
3955
1306
830
3068
844
107
2439
2634
1072
3679
182
3726
3576
1602
1785
1174
529
3390
3696
3407
3180
1308
1496
1396
2414
2407
914
339
2838
2091
1384
3265
1619
2634
373
310
3056
2431
1119
2051
1493
3953
675
2342
1221
580
277
2717
931
3078
1967
3026
2119
2865
2876
1108
511
974
382
2111
2231
2389
195
2140
2314
1518
574
3506
3412
535
2683
3269
3875
2605
3282
2959
1246
1998
602
855
2909
1878
3481
1530
3897
3325
2215
1685
690
3769
2343
205
3150
884
437
3753
1672
1383
1501
2014
2839
997
3779
2866
1574
2000
3375
544
482
3528
1913
2810
3905
3303
1308
3074
1513
1188
1890
3651
1901
2290
975
1072
1842
529
981
2804
3151
3641
168
3271
2026
2993
1553
1302
2463
836
1600
2620
3454
3510
2727
7
489
1237
163
3359
2082
3178
1987
1915
1228
1129
1000
96
3269
2284
3305
3209
1411
129
235
1712
2841
727
2124
3715
1953
2483
339
2041
148
2467
3088
223
1226
1322
1644
3172
1161
3172
1710
1478
1232
885
1715
2405
1751
1472
432
3426
2095
2177
1010
669
3938
280
2954
3055
3979
2311
2887
3269
1120
1367
1438
3078
927
494
1347
1049
1338
1111
2611
2202
3784
3574
1856
3997
3987
192
3733
2409
1675
513
3328
2695
3055
3224
1875
3383
3803
155
2685
1471
3254
362
3335
627
815
3995
177
1756
2726
1022
3984
518
1303
3405
1633
3266
2472
3520
3804
2432
3780
2500
3509
2030
227
1271
2436
223
1411
2760
2923
3792
3732
3091
2253
644
2593
1225
1932
725
1807
2485
2529
3200
2615
1300
2326
3470
1454
918
517
899
1933
1148
3826
959
1383
2232
1267
2541
3764
1949
2024
1202
1227
1500
1847
2853
332
2520
257
3442
3257
3213
1827
2640
3651
2665
3036
2963
2877
268
3034
2026
1322
3167
796
2751
2548
1526
3507
3504
3784
2838
1969
3493
517
33
810
1262
1439
1444
3958
3093
2658
79
678
114
3018
2001
2169
1948
3386
3457
2904
1557
3977
1924
783
3150
3344
1174
2518
957
3933
1690
1434
2489
273
2312
3815
3666
2926
834
985
2066
3398
3772
1674
2057
6
2785
3954
3514
3502
3374
841
809
2075
1527
2306
3400
492
1974
2255
3593
1203
3710
1904
1449
1480
2950
42
3584
442
2958
3931
1451
486
1227
1036
3461
3755
3139
1849
181
1156
3657
2002
479
387
1227
2455
1451
1030
3897
2498
1240
2010
1019
3454
3087
2178
392
472
3851
3174
2405
2995
3218
763
375
3281
721
907
2631
600
2426
1705
2871
2193
2511
3044
3397
2300
929
3493
3957
511
3900
3200
3480
2529
2961
1893
3158
3075
2055
2473
1969
2395
813
1090
305
1785
2868
3749
852
3929
3185
197
1816
2271
1493
1986
1840
2799
1669
3352
3884
463
2943
3797
3735
2830
1695
2826
2227
793
2945
611
3748
2466
1884
3796
784
2295
14
3198
178
3835
713
3926
2392
2760
1506
949
2845
3061
1763
452
3179
471
498
1278
2735
3670
1491
2418
1678
449
1600
2302
3537
3565
1505
2086
2864
991
720
2835
3327
2437
3667
1360
1713
3866
476
3567
263
786
2105
882
946
2125
3957
3028
3434
203
1319
3764
2500
3385
358
469
3387
1727
433
3270
659
3331
1706
1967
3189
1352
3235
3667
3466
74
1676
949
2397
39
1738
2918
1139
506
1861
2211
223
817
249
3157
2919
2921
185
3112
3018
1783
2822
1628
2285
3002
271
299
21
1873
2025
3618
1721
3946
2117
2298
3425
574
1626
2532
3266
1572
1642
2821
3645
3463
3594
2771
3179
1704
1911
2611
3903
2602
2402
760
2501
3648
1273
2208
3552
1504
796
3140
1979
1530
140
571
1688
3549
1894
418
3442
1292
3361
1015
2549
1545
528
548
2794
1573
930
3315
2945
1124
2534
1682
2371
2556
700
2366
1933
2921
1498
108
2763
3435
2993
2263
1609
2781
986
2014
2796
2500
2287
1398
2859
2510
2102
211
1481
1202
3068
3191
3346
2873
2694
3983
298
1881
1700
136
3948
2905
3745
1129
3740
1575
2572
3082
1318
919
3922
3321
3480
3991
2536
234
3073
1614
283
3028
1630
1102
3602
685
2842
3175
3802
1212
3666
2858
1921
1278
3603
1934
88
215
3515
963
389
670
2166
1392
157
2567
151
3139
3957
3345
1024
3246
2365
3696
1441
3864
734
2735
336
1271
377
3624
3653
1393
1413
3808
2508
2324
272
1299
2515
516
2953
615
2858
3041
3503
1451
3641
382
212
1552
1550
450
2247
212
2144
2057
3590
1570
958
1051
3764
2781
3490
339
3877
3569
902
1180
834
1441
3219
2010
2016
3238
366
2769
3733
3656
3360
64
913
475
2651
1658
1242
412
1093
2955
1614
2788
131
2112
514
636
485
3483
2671
3843
174
3585
497
3745
855
335
1543
115
2666
404
179
1494
1453
3731
2977
2861
1725
3635
3008
566
3908
333
3438
2896
3237
3521
739
2774
1958
3494
3154
1098
1797
2571
3706
1526
1876
3981
2246
1327
3086
1287
2265
1619
3351
515
314
3266
3663
1933
2760
2844
494
222
3807
1661
1744
3607
22
2456
1964
3692
2070
3391
2614
514
3247
2190
2254
905
2859
3039
661
1000
3919
2466
1481
2309
119
829
1259
2739
2065
1886
3328
2774
1114
2780
29
2625
469
1759
1565
2086
1472
254
2763
1473
1339
274
3343
1003
1195
2114
3699
3726
1445
2264
3364
1857
1402
1126
3107
823
734
791
437
293
1706
544
3520
982
1926
2745
3300
1897
2934
116
222
3566
2154
1335
1558
1801
1518
408
2792
2082
3754
1229
1253
2778
1064
587
994
814
2367
117
2879
2262
1226
599
903
2500
224
3519
1683
1476
1723
3425
578
3789
993
859
2089
2415
2982
3352
644
2687
1684
893
3776
903
2499
3824
2310
1166
1611
2996
1290
1153
921
3906
2715
1147
3300
3633
1180
756
122
3718
774
163
1159
2354
3492
3663
2609
3704
1704
1970
1373
1910
634
201
1132
3263
2698
3961
377
2299
1634
1699
3421
2328
1876
2087
3520
635
1177
2657
1
3231
279
327
903
994
3993
2698
2946
500
2446
1685
3834
3775
2507
862
3893
3387
947
1649
3027
442
297
1864
3645
2404
1355
1298
1371
1749
3545
3069
3386
1667
2263
2152
186
279
711
2103
2808
1411
2231
797
2446
1637
3941
2303
1604
2525
339
3405
2885
3370
1528
2515
2678
1591
3359
2490
515
719
2522
517
2280
3721
1795
56
3590
2451
2233
3523
559
2240
717
3163
1158
1978
2059
3859
1469
3310
3790
2218
1605
3873
1302
2527
79
2420
3297
105
2266
1271
1293
3328
2012
2819
1220
1910
1831
268
600
493
856
1929
351
747
1954
509
1173
880
1617
3687
400
3576
3667
338
3864
2293
3573
3981
3154
2265
2860
3573
567
71
2831
2615
2533
2959
3133
1560
1950
650
1443
661
1279
729
2255
2647
2363
3798
2592
1462
3462
2951
3112
1369
352
1605
2198
1826
1159
3274
1535
454
4
1012
2275
3977
3502
3598
284
3550
2247
1312
1816
636
3053
3207
2728
1974
3089
2546
3479
3657
150
756
3927
850
2182
3371
1017
1977
2340
865
248
2001
2458
1260
68
2948
3656
2527
3018
1007
3666
3846
2559
2046
3208
2316
461
247
3090
951
591
2405
3624
1744
452
472
3468
1734
3822
2035
393
814
1706
1393
511
3371
3604
500
221
2892
467
1258
262
1002
1980
199
989
3812
878
875
3880
3267
2602
3812
2796
714
996
1089
1079
1883
2458
1770
143
224
1908
3380
548
3162
2968
1851
180
1553
398
1755
1113
2396
2205
3940
1849
3136
3009
2462
2620
3238
3937
3497
3410
971
1113
3559
3142
3812
2412
2447
805
246
795
3907
138
2873
3579
3142
4001
3309
494
3040
1859
3360
2871
1364
366
2500
2164
416
814
118
3853
1861
2689
462
2694
1331
731
2598
108
3360
1478
2134
2020
1903
3923
3647
330
2896
457
1395
3711
440
1798
1289
2795
2344
3814
3971
383
580
2201
1583
3010
1812
2316
2111
206
3537
3506
3290
2667
1298
931
3919
367
2781
378
348
511
3024
3323
3946
432
1857
2138
1468
1885
3510
824
2728
1263
1477
1454
1265
613
2616
3631
3682
1854
2570
654
2943
883
1450
1338
181
2327
678
3136
3235
3408
3892
343
2032
3646
242
2182
898
961
2670
1862
1962
434
2640
1086
2113
3004
2056
3636
149
19
1266
278
369
3201
1532
1827
3968
2969
3408
750
476
3197
1207
1195
622
435
2129
3547
1441
1510
816
3318
3890
3785
2640
2620
3097
3096
1501
2679
434
2060
2394
383
3409
723
2482
3219
2219
2031
1147
378
3933
3871
1917
937
3751
722
3909
3309
368
905
2124
3828
125
3343
2397
3198
958
1614
1978
3621
2146
1789
1492
421
3090
851
1570
2917
3834
980
1850
3045
1840
2400
3918
1853
2350
2600
2696
326
2537
2047
3183
629
1715
2018
171
3191
3439
3801
1166
389
2488
392
1187
1368
4001
953
542
862
1971
3385
2709
2691
1080
2164
3752
232
3283
1520
360
1029
755
809
2565
2048
1373
2399
2904
3409
3800
1767
627
469
1470
119
3360
151
742
2858
3808
1996
2882
684
2057
2246
1035
3187
3351
3832
624
46
1147
1507
1013
24
2662
873
1849
569
2776
1244
457
2388
251
3430
2757
1464
2797
1142
2653
3918
1372
3442
1564
3577
753
2493
236
244
2599
967
2146
1638
1577
506
99
3157
2028
1043
2766
1571
3935
872
2722
2801
2074
124
1764
3570
1310
868
1553
3459
3506
2469
2980
1928
590
20
254
3039
3351
1045
163
723
1053
1465
1601
3045
2695
209
1809
3839
2422
2541
2385
3240
3531
3303
2266
1177
2958
3905
2607
1239
3881
3876
1157
1311
1163
1727
564
872
3761
3128
3476
3639
3093
1699
3611
1169
3565
3762
3095
2525
2140
178
1757
2499
377
3674
3201
699
2296
195
2436
2735
279
2857
2437
1639
648
2650
349
2268
2627
3299
105
3979
3403
2933
3072
1424
368
2639
1826
1937
3527
1042
3512
3112
527
2354
768
1698
3744
2571
2772
3513
130
1880
2980
3958
2097
3452
3227
885
368
3574
730
2524
725
969
5
1712
2506
697
486
1624
2016
3778
3566
1162
537
2620
2603
2089
1520
1410
3821
3767
3122
1490
1897
294
2082
1581
1347
3168
3170
146
144
3049
3769
3891
1106
610
2011
1022
3545
2347
2769
3924
3793
104
3257
1950
2267
1649
1641
3548
3560
99
961
3751
1483
2118
35
154
3830
1999
3013
1058
527
751
1953
748
753
2065
2532
87
290
1817
2950
2675
333
1677
685
2531
311
2354
3162
2946
3076
1307
3804
2437
1797
2482
2764
3678
2589
3444
3220
1971
2915
652
2202
1770
3120
419
847
3364
1031
1581
3897
3955
2091
1746
2942
2428
3779
891
2990
2296
1212
2481
216
1333
2383
1111
147
2672
443
938
291
2358
2623
3964
1587
2971
2433
1174
741
1447
3831
672
56
2884
1368
3165
3409
2158
243
1941
1728
1291
1254
2669
2109
1683
2866
2624
914
21
3387
1133
2328
3597
3349
3468
825
3772
3046
2069
1147
3734
456
529
2309
1758
2964
1704
3297
1267
1331
3627
3107
2896
2720
2826
1539
3208
2764
2205
203
3214
513
1593
3314
187
2255
1343
3577
2845
1506
3193
3729
2936
2354
3498
3399
1870
1670
2720
879
2482
1619
3956
3149
1419
478
2298
2710
424
1545
472
3666
1157
2915
2062
913
2001
400
2438
1098
3161
3386
1390
3334
934
1874
1579
1636
1319
1131
2073
1556
227
3240
2466
453
781
3900
487
1716
2901
2861
700
2435
860
482
3736
1877
3205
3862
2630
2604
814
25
1213
3357
2236
1005
699
2459
2749
2673
904
2270
1650
3669
3095
787
1946
1354
3245
3630
2282
868
870
2658
3846
934
2383
422
2761
1416
636
253
2644
2000
270
2546
2572
1025
3880
945
784
549
3480
3730
456
658
3347
2165
1637
507
1536
3221
2524
1858
2612
3179
3204
3282
2122
2870
3138
109
1330
1841
3572
3337
78
1485
366
743
1389
65
1519
633
2470
2539
144
285
1385
2696
571
3714
705
2486
2288
900
711
3195
2350
3439
186
1068
3229
2029
939
2721
2246
190
2744
1050
3086
3573
3894
989
3909
873
3343
860
1666
2919
637
1982
2947
2162
201
2899
2358
1577
2012
784
3978
3752
1034
2636
1534
2949
199
959
1121
2058
1004
3715
3650
417
1722
1526
721
0
2044
3143
1070
855
1838
916
1213
2867
3442
3978
3424
2274
2221
2500
371
2136
508
2863
3886
943
1317
2833
1108
1845
324
722
3740
2596
1455
3589
858
131
68
1021
3760
3317
286
3663
2492
2074
951
1358
1974
1690
1635
3088
2889
1591
2746
2154
3368
63
1013
2562
3100
2308
767
2092
568
2989
2998
2364
143
805
2724
1870
3891
3025
1461
588
221
1000
447
2492
3670
3927
3661
993
156
522
2231
1033
1021
319
252
808
1172
542
2007
734
494
3436
3928
2155
3006
2179
1095
831
838
3767
253
491
3908
112
2688
192
2313
3827
3094
1297
2281
2468
235
307
3266
1664
2830
2637
2942
2869
3670
3400
3966
3613
1760
1693
3773
838
1107
3068
1664
2997
2718
955
1092
1350
2689
1695
1231
1832
75
3353
3441
1195
1733
3621
1468
3682
3033
3720
2628
3979
764
3378
1100
524
3614
2963
2405
1468
879
3347
3263
3038
3105
3035
375
3352
1688
666
2072
2843
811
3824
835
2265
671
3886
1108
420
1836
3484
240
2118
2210
190
2141
1710
481
2220
3604
3566
3020
75
2212
2918
3563
3426
2516
1410
617
3876
297
3874
2098
1580
1565
2398
2220
1753
520
1470
116
3313
186
2145
3233
1566
767
1902
473
1715
1903
3261
1556
224
2083
321
3762
963
2066
21
973
3554
1782
604
1882
339
260
3066
741
2306
1410
767
701
3062
3548
3011
1042
2397
1414
2497
2872
2831
324
1874
1807
1112
2558
2571
2996
2273
1850
2981
3648
3736
1024
3096
3379
669
1039
479
261
2417
824
1304
1449
1659
2540
1661
3488
980
96
163
1586
2994
3890
2367
1367
315
1883
1334
1386
3074
1702
931
1878
1050
2604
2731
1007
2782
3034
3119
240
2673
107
1414
178
2874
736
3896
3
3800
703
2542
1396
3421
1420
944
3024
2793
351
347
3288
3113
430
3563
3001
3469
10
2003
3883
1174
1891
1986
2725
3831
1859
1225
3692
178
1794
2004
3891
1074
2332
753
1417
1566
2813
1506
815
1159
928
3359
1092
1261
330
3100
404
408
302
1009
1139
1179
3724
2536
192
1095
2528
1851
254
1684
1640
3385
579
2108
3644
2622
2202
2991
2638
1849
1579
948
1189
1786
3134
1296
331
1546
1075
3423
1776
3278
879
3836
2408
3807
926
2694
105
3870
1663
3910
3964
905
453
904
3832
2035
3668
1726
1897
2043
3004
330
3405
3635
1644
1736
1656
1472
3581
1456
3950
1507
2856
1649
2437
387
3910
2841
2754
3119
3208
3867
217
2055
1858
2369
1006
2249
3255
3924
2506
1059
2054
2038
1667
2986
1299
3923
2446
1688
3860
2205
2574
2351
982
1335
1619
1335
901
522
3893
3945
1993
1902
1059
1734
625
3141
3438
1880
195
694
3005
896
694
1081
2606
3837
2375
2213
3576
841
488
2915
305
2434
200
273
76
2352
444
2090
3706
3937
1458
162
1817
2976
3709
3801
2649
370
401
1921
2358
1124
3394
481
2195
3499
1444
3908
896
1695
552
1036
1034
3430
699
2026
2422
209
3542
1284
1623
3660
822
1088
2365
75
2038
40
1898
1538
3165
157
2259
1922
1173
3913
1463
2161
2286
2778
2764
426
2669
1527
3439
218
94
2477
704
600
2168
1941
3412
3679
400
172
2282
1610
3852
1774
1006
821
2806
537
3994
2174
222
3305
2143
2710
2720
3865
39
184
1728
2276
1971
909
3453
2478
958
3868
271
2407
1218
1335
2787
3963
2982
1793
476
3933
3595
2945
3456
3401
3815
515
874
3943
1545
2385
1149
1834
3176
747
2760
2033
1739
3326
3501
2085
1703
328
69
273
2263
3111
2986
278
3946
1388
298
1361
2842
1168
531
3240
645
199
2769
3571
810
2727
871
1718
153
315
2749
3988
3157
1496
430
1703
2490
3176
2963
1225
869
634
2482
1744
3141
3708
202
3595
811
204
2541
1259
1770
543
2071
2215
304
1635
289
695
704
1737
2321
675
1263
946
2875
3471
2202
502
3129
311
1920
754
2918
3199
993
3196
481
2081
315
254
3827
2784
1379
1167
3058
2675
1732
2642
3209
536
1968
2571
188
3354
499
1743
508
1427
3345
2296
3651
3792
1822
2745
1580
2871
2682
2752
1117
3373
257
3411
1115
196
1844
2677
2171
1811
1048
283
348
440
1977
1517
1297
1264
438
1318
223
449
59
660
1206
3344
1759
2866
2188
3332
126
2242
1184
2539
173
1736
1161
2373
3877
3338
3929
68
3913
1730
3737
3495
3131
1058
3745
554
1544
1523
1075
3122
1852
404
2682
1357
479
3182
1342
1019
2506
3981
304
1450
3180
2382
1667
1270
2243
3213
51
1545
288
2010
1469
3191
26
3735
2256
2661
1152
3239
2235
3640
1336
3042
2595
2051
72
2673
2424
66
1438
224
3984
1072
2955
2404
1029
2206
3156
2136
797
1645
604
87
3777
3627
1604
1793
3266
1872
1844
2733
443
1906
2381
369
557
2131
74
2205
3640
2439
3757
2853
3603
1750
1062
1442
56
1017
140
1620
1196
3890
1273
3516
678
2399
1928
3292
697
2244
3810
434
1790
3845
1817
1742
3219
3199
2713
3040
3038
3172
539
2704
3087
860
3132
2277
3712
2142
2409
2622
1378
806
3806
1276
3550
1933
2597
1726
1831
253
805
2592
2939
367
1975
2752
2343
37
860
1436
2593
374
771
593
3975
1987
3263
250
1838
3953
2275
2563
2124
3946
467
3209
3827
2135
364
3444
1314
2266
1349
2144
2969
3683
1024
641
1139
3163
2412
281
1047
1918
2663
1951
1341
1483
1181
208
3094
442
1320
3385
2824
3659
2181
3029
3266
359
1824
3628
3211
2668
1329
3047
313
3309
820
3825
1302
2607
2439
2398
2075
3872
15
1074
3145
2109
2888
2596
673
2684
1459
2779
69
2665
2480
1387
766
2481
1571
3736
0
10
2159
2513
1096
1724
332
2981
2927
2084
3245
3333
2901
3505
2438
1170
3132
3146
943
257
2281
199
596
3463
1218
2670
2066
2617
1933
270
3883
641
2478
2024
625
2233
1428
3350
1715
1479
3146
563
3923
35
1291
3178
1992
577
555
2088
1278
3229
2960
3889
1327
2319
1398
1971
2083
892
3409
12
2619
3778
2345
1514
2701
1858
3538
893
1596
2090
1418
2812
999
187
2871
1298
2473
2371
1769
48
3602
3542
2270
1308
526
6
3730
2152
2977
370
687
3274
3273
388
565
3596
1543
2364
3989
1956
3457
120
2445
1801
1410
3104
1843
1944
2878
2911
24
3970
2851
1746
1995
580
1019
2208
1527
2783
838
1084
299
388
3654
598
3196
3673
3781
83
3629
2955
2188
1041
3694
233
3523
778
3262
3903
2170
2848
2337
459
2046
3117
2867
1198
767
638
1242
3864
547
3527
395
2156
1539
3899
3896
2836
1656
3012
282
2585
1952
2895
3370
1313
1728
2413
3091
2971
796
2084
1834
3562
266
452
82
2639
3218
326
2399
666
3867
487
2547
2292
448
2538
1896
2524
3363
529
3962
3913
641
2640
3070
3909
3587
2162
1344
2194
3087
950
1462
1246
2073
2168
400
710
1247
368
1341
3415
2714
2898
2900
619
2837
1247
479
738
362
1558
1396
1169
2850
282
1600
2278
814
3906
90
2369
2480
3807
3777
2828
3861
1148
1056
14
85
188
896
2846
68
3557
1306
733
1610
755
387
3978
3444
779
693
3439
3984
1050
3794
1169
3964
600
2684
890
520
778
3916
755
197
378
370
1500
3933
1034
172
3034
1447
1521
3479
2555
144
1613
1249
3897
2721
2882
3012
11
3380
2083
2950
1661
1309
1955
775
1930
3042
1080
98
1357
3083
3023
1447
424
3525
2801
1566
2551
1825
3773
1353
3099
2436
1791
1214
1897
1492
2781
3656
1789
331
81
986
685
1316
3177
1286
3562
3172
2307
3148
3269
1163
794
2153
1475
2097
339
2665
1069
2906
981
1811
2666
1068
3688
19
2718
1154
925
3870
177
2073
2962
652
905
2905
3599
1012
2677
1384
2602
1549
139
274
431
2395
3938
2264
2567
3629
2957
3412
2511
218
204
3791
2385
3706
796
1054
2652
2932
1575
3901
3253
2116
3474
2587
1892
1790
2959
1452
1960
609
1117
3818
3299
955
3972
3630
1099
1423
3226
2389
3835
2155
628
1338
839
1038
2465
1485
3215
1631
3303
846
3957
87
3776
1291
407
1899
3512
3931
772
489
3367
2145
2575
2620
3533
48
3543
424
2944
401
640
3813
1247
2885
2111
1752
13
2362
801
3071
3250
1210
1018
1418
599
1831
851
3142
357
2366
1144
3795
312
3382
1932
2648
244
2578
1101
3362
1338
2571
884
2385
3583
2815
1919
2164
574
259
3942
3977
2497
1414
2341
1752
1606
2921
3681
3485
1718
2749
960
2909
1312
328
2234
896
3216
3702
2710
2499
913
822
2668
1981
1765
3645
1936
3388
672
1189
245
1792
2428
3883
3360
2259
3049
938
31
1096
1745
378
3412
385
1866
2166
3332
3259
2645
147
3232
282
3926
973
3366
1987
2998
784
1422
495
468
2886
256
3107
891
846
431
3878
1477
2218
1859
78
2582
19
3412
1921
1959
2118
2563
1204
3756
3300
2280
897
95
395
3699
3174
210
1167
2145
3776
3275
2065
984
4001
3792
916
3289
2482
3108
1197
2066
1682
1102
514
2823
2881
3535
3021
843
3040
1402
2011
1843
1754
1956
2139
2510
1999
1535
1957
2395
364
3417
2289
2733
2532
744
686
1883
447
2116
2802
1291
2274
998
3878
2717
2425
3011
3331
1517
464
635
715
1396
2709
1841
3103
411
324
2490
124
477
1894
2816
3359
627
253
1550
2612
1901
451
3953
3404
793
1102
3636
447
3177
2659
1410
1145
190
3238
949
1269
1841
2814
212
751
2069
3558
660
670
2179
3255
2623
3132
2927
972
3412
333
3540
1724
1519
3806
2212
2362
3802
2180
315
207
1059
3460
2048
1536
1028
3175
701
1244
1961
1389
934
2552
3413
2832
3630
1655
2805
3525
625
2012
1164
3943
324
3164
3954
3733
54
681
3146
2223
2186
1031
3487
881
2904
408
737
3535
2363
3548
818
1042
1026
410
828
2790
3237
3769
2696
289
2443
2394
3173
1005
3647
2723
2995
1967
3586
2014
1855
1480
242
2074
792
2471
2271
3044
863
3371
576
1537
1746
3751
3813
138
1660
2280
2826
1636
1039
1792
1118
225
3730
851
1681
1920
3906
2968
2000
1466
3122
831
2643
1000
422
85
2512
3078
1551
3778
2775
551
3593
1524
1834
3614
1875
3257
711
1115
190
3995
686
3789
1473
3101
3654
3636
3807
2225
3604
2984
1273
76
785
3146
2711
1036
926
3342
3476
1779
1167
2757
690
2687
3895
19
3536
1186
23
1069
3568
1923
374
2459
3060
765
371
2534
1550
2956
2667
2060
1536
2032
1319
2296
1846
3575
1682
1778
3538
529
3518
3708
540
1372
435
2962
2453
2538
1450
3181
1932
385
2773
1207
2288
3750
3166
1354
2523
2880
1551
1925
35
2531
752
899
1265
1911
1764
2618
1745
545
3560
238
1406
2358
3356
2950
1584
1319
1591
1717
604
86
722
1271
2718
843
3567
2856
1074
1995
3440
645
3841
1715
1173
1608
1086
828
2188
2568
1198
3589
1349
245
148
3467
3564
174
3265
2407
3684
404
3416
2210
1298
1828
789
195
1113
1939
1407
1853
191
2515
3791
1329
2209
1699
1590
3704
2412
3941
3856
1855
1604
3131
1057
3230
538
580
2447
1799
3550
3201
2884
787
1520
276
1529
756
1338
2251
2325
3970
2016
1995
1204
3106
799
2961
1225
1304
2627
997
2576
3426
796
1265
1427
3694
1496
1776
311
3258
1544
1000
2176
3451
2863
2234
2132
71
690
1801
3227
235
854
3578
2487
3429
1943
1555
3348
295
1683
3319
3745
3580
1576
2145
1584
3061
1698
1292
3674
1685
1632
1273
965
1665
703
1011
3058
3372
1728
3976
1389
2003
2216
1061
2612
2381
1434
3537
1357
2698
1760
2680
481
3218
3878
1182
1730
1266
281
3192
2648
2
3470
722
1478
3509
2861
3489
2583
2247
2778
3117
2975
13
2986
19
3388
3550
3022
109
1838
293
1400
1747
866
3475
1583
1955
1004
3587
156
1190
3704
1851
3391
893
3939
148
409
191
1565
1799
1616
1940
1139
2765
2352
1591
1798
328
2785
2808
1444
2367
3796
761
637
3584
2173
2724
1398
1655
3360
2100
3172
98
1272
1379
570
1053
3850
646
2648
2655
2948
2954
23
3285
533
1688
3189
3640
3635
1884
162
2345
2132
1222
2485
927
3835
480
3697
1151
3757
3087
599
1628
3678
655
1197
2318
3191
458
1209
3771
410
2063
1162
1463
2597
1838
3816
2596
3366
2515
3977
2541
1581
1088
3813
2408
2598
3139
2084
3517
3601
2241
3875
192
463
3422
3300
2056
3145
2209
455
3163
2131
1441
2635
2711
1901
1403
615
1128
2984
3182
1489
384
1749
1384
1089
698
2003
3859
2687
3746
1835
3848
460
664
3828
1399
2855
764
3106
2857
1539
1308
1797
1299
1114
3909
2467
3598
1094
3278
2087
950
920
2317
1712
3325
759
2576
1064
3511
3814
2449
472
1227
658
236
3293
3053
1343
2384
220
2556
850
2997
1593
2649
2152
2692
2674
183
2703
2498
76
2041
1738
3662
2249
1496
2383
1702
3878
755
726
398
3029
3216
848
239
2318
2217
588
1336
2104
2351
2118
996
1153
1257
2142
1942
915
861
3096
2921
1058
3784
537
1402
2413
46
578
3176
1316
475
3707
2757
1381
2671
372
2379
7
3546
768
2998
2615
2184
813
2305
92
3516
3424
85
1963
2871
3378
1506
2628
3076
3596
2749
1549
2531
252
1282
1098
651
1128
2637
201
782
3341
1448
1813
3881
2144
2623
1506
84
3117
1644
1542
854
948
2054
3136
2824
3563
2225
2601
1392
1168
284
1263
1856
2297
13
244
2908
1088
2692
983
735
718
104
3564
32
3058
3610
1367
3658
3645
1651
3052
2688
3266
568
35
606
1340
859
2447
1820
3420
3941
4000
529
1857
2463
1749
785
303
1546
348
2397
2429
1759
1776
3478
3082
2411
985
632
1937
2109
749
3375
1918
2876
3160
3380
3544
3008
800
707
453
1804
2287
3830
2284
85
1940
2286
3214
2767
2570
1949
3221
825
237
3432
1917
2469
1404
1471
3254
980
533
3195
3397
421
1354
2333
2896
319
95
156
1949
2586
3387
2308
2612
3198
1072
2917
2103
1610
3688
43
1262
529
3575
2579
3257
1842
2619
1448
364
1905
2742
1742
723
1778
3856
70
3849
2777
641
907
2086
1007
2655
3535
727
549
563
431
2912
1519
812
1170
2022
3904
1400
2547
474
120
2810
3421
3810
1675
3069
1465
1978
1903
2269
1126
1326
2721
279
459
1910
1006
971
1869
572
1437
913
3794
1146
3490
635
1889
85
645
2980
1113
135
913
3698
1016
3577
2569
473
3879
3902
609
556
2686
965
1307
2530
1385
1349
3427
1932
453
762
3343
3469
1739
520
23
115
950
3584
871
688
2907
936
1036
2421
1595
2482
3586
1882
1920
3731
308
969
1837
1774
19
943
3429
469
105
2297
2563
3384
3852
1558
3489
3535
3728
2925
1669
3705
2715
2236
3236
1378
2589
43
2942
301
3440
3581
3540
576
3079
3067
771
2402
189
3198
2871
3742
3615
3035
2189
2892
3062
2142
2566
1393
252
3144
1914
227
3838
332
114
2977
2482
1485
3864
2007
3661
714
1412
2059
1825
3266
2176
1134
721
2382
1439
3465
1893
3554
1871
1929
582
554
141
3040
3579
3530
2235
1169
1649
814
1883
2189
3329
94
649
765
456
760
3729
3161
962
1988
394
1076
1150
3279
2176
1934
3981
3586
3277
709
3513
3275
2086
116
2059
1522
903
2949
1917
3952
2228
1117
316
3377
2044
3669
1680
693
3941
885
1662
1565
447
3435
1329
1374
3340
2000
147
3937
2552
3239
1756
1389
1329
672
2873
175
2420
287
3724
2483
3756
3816
3120
2898
490
2033
2943
2261
843
3351
1858
3287
738
619
262
506
3271
1951
437
2894
443
840
3745
3738
2915
3643
672
911
1125
3741
305
620
239
3858
3271
803
1172
863
3963
2219
135
1381
3205
513
3385
1928
1625
3342
1654
3828
299
3952
3865
1472
3134
1496
2892
2981
3988
106
667
2264
3955
3208
775
2273
411
1767
1275
3566
3915
424
2229
184
2221
1405
3213
489
1441
3395
2809
1321
515
1688
268
411
2828
3785
1648
3310
3239
3744
3840
3026
1759
256
3339
906
1245
2492
648
42
2794
1283
261
315
514
1470
1129
3497
1281
2820
2027
2070
561
2614
2145
3782
1107
1621
745
1665
1244
3392
1469
1443
618
281
1225
3530
3625
3545
3759
872
3397
3372
1238
2319
2981
3015
3910
1739
587
699
1247
665
986
1759
1532
2681
848
1228
3571
1031
2244
793
1201
3156
2427
373
3979
3057
3139
11
3866
1634
1202
3825
3147
888
3708
6
3853
2907
2852
233
3147
1156
512
1149
452
1502
1498
350
2220
2170
296
2609
3768
1071
293
3274
2354
2783
360
469
2313
587
2224
3198
4
3396
2727
1744
1329
2280
274
2492
1462
462
2756
711
2704
2209
3750
1991
221
3161
2418
3324
3544
1014
2341
3440
2381
3484
3143
634
287
1133
774
3835
3271
2444
2073
953
3723
913
347
4001
3709
2057
167
2073
1245
2993
1150
3882
3369
3361
3710
1853
1049
1440
3366
2372
779
3157
897
2719
1097
635
192
3356
312
2714
3356
1292
3975
2615
1265
3213
2297
1685
3300
170
436
1480
2521
3109
1408
3831
874
713
121
2628
699
684
174
3541
3037
1863
1067
2119
168
3454
855
831
461
1450
2205
2366
1280
1014
3356
2078
2990
905
1712
418
286
1793
334
427
1584
3148
2581
1263
1584
2575
2120
900
2145
3267
568
3690
2994
2267
2091
2304
1943
341
3348
2876
216
637
2184
26
3565
3987
2883
2695
3083
3754
1622
2323
1505
3928
474
2496
1435
99
2899
3893
383
1254
1820
2632
614
3102
3970
2812
3445
2905
2855
850
546
2331
2598
1787
1432
3611
2999
2955
1050
1488
3040
350
3265
1539
3967
616
3016
1217
405
3771
3085
2777
2257
2755
434
1368
1204
146
172
3405
2903
998
1831
3569
1531
1724
790
1940
3405
1470
239
2147
1420
2044
1413
2056
2441
1252
3811
179
286
379
2033
1434
1121
892
3940
1425
2659
3093
3029
1437
165
3148
349
1235
3791
1301
3154
672
1532
1621
3907
1809
3091
919
3449
755
3452
2043
262
3599
3885
140
851
3892
1742
354
1755
500
3356
1457
1587
377
998
814
3958
1539
714
2588
2811
3882
2686
3768
244
1238
2638
1086
2227
2262
3202
2943
728
3742
1307
3767
1243
3296
2986
2246
3046
1661
3585
2724
1595
5
340
1874
816
501
2268
1830
1861
2234
1345
2632
233
2233
2907
2904
1343
1350
3908
3710
3021
2156
2572
1927
2023
328
1058
1391
1788
755
3079
3572
44
3613
670
3348
1604
3298
1801
1367
2361
445
2403
3968
3033
821
1217
975
3748
923
1943
1544
2492
1003
508
1037
2943
205
826
2228
1755
1595
3870
1733
2011
3703
2303
2270
3455
3325
2969
1801
2552
1428
2521
3750
3194
1362
1230
40
1866
2484
1278
2593
1325
579
2308
2756
3374
774
2625
575
306
3436
3075
1343
1454
1846
3621
1494
1544
3429
2276
1582
3845
2512
1639
339
2079
2823
3104
981
1131
1838
514
529
735
1689
1264
2766
2332
1366
3961
857
447
1999
2003
2728
3188
912
3574
2115
2707
2799
3488
3994
47
2431
2655
1367
1917
2844
3287
819
127
1035
1485
1983
361
3501
549
2016
1605
2493
2508
1016
3629
1902
2427
2128
230
1661
254
745
1881
1153
3540
3864
1721
397
3734
916
1485
1432
1188
1990
1
3194
3976
1490
2700
1259
2969
2878
408
1445
3778
188
1965
993
1719
1279
3837
2787
851
2809
1301
3340
3347
2393
254
3105
1222
3598
3232
2972
3930
1191
1947
1152
1346
829
896
1114
3141
2796
2347
3598
3675
2376
2502
81
3443
2057
3090
343
2280
43
3544
1352
2804
983
182
2928
2120
251
1444
3488
207
423
3212
30
1160
2966
1757
1411
2026
2432
3691
2487
1973
3045
1677
357
3443
1501
2729
2027
2018
47
3444
237
904
3143
3524
1981
785
2971
142
1977
1615
402
1914
269
130
3526
1479
298
1504
3101
858
1434
3231
1324
1485
545
1106
442
1562
3899
2668
2362
3211
3613
3684
1010
3339
1863
1094
418
1004
1546
2152
2904
2991
440
54
1682
2255
3828
1175
1584
1180
1906
3543
2732
853
222
2888
602
3816
2657
677
881
3876
3297
3932
3964
1160
3613
2640
2862
1262
3325
32
1924
1360
1714
2659
3862
975
1591
1907
2136
3159
3254
1401
2462
3301
24
484
2183
1841
2865
112
742
3632
748
1389
1362
2193
715
376
3533
2745
1350
1311
1308
2337
41
3682
2353
820
3929
1363
2864
1424
3655
892
2035
1663
1441
2841
14
597
2823
3459
1386
1588
673
2900
3466
1211
1990
2332
3419
220
1152
2197
3086
3437
415
3323
137
2914
1306
3700
807
1751
64
1307
0
552
1399
2799
256
2792
1579
1066
1908
3671
307
3077
425
639
515
2056
2203
3931
823
2840
2145
742
503
2543
2048
209
1504
2498
1686
2631
1609
3352
2804
3989
2257
1790
585
903
3667
21
2887
3312
741
1709
3935
2812
887
808
705
593
1498
320
2317
160
1900
3557
1494
91
3161
400
207
3839
2793
1519
2078
3628
920
3226
3514
1122
2082
1406
1644
2281
3808
275
1299
3375
3244
2104
501
411
3350
1523
2128
2765
2701
2779
2337
3005
447
71
527
2318
3830
1835
1846
427
3032
1448
2607
3025
1840
3854
728
2438
883
1182
1526
2403
3403
2346
3356
3273
1112
3459
2557
2790
598
120
3195
1712
3142
132
101
1042
1635
315
3996
134
759
28
3468
2056
2229
2629
3784
1072
1154
2577
933
3951
355
774
2578
4001
1729
3419
1617
1702
1445
620
2099
2196
3683
2423
1236
3165
3202
1911
1409
2055
3900
1503
2641
1143
1824
1411
1053
521
1143
1652
3996
3213
3794
2986
2750
2418
3855
234
602
416
3309
1238
3609
1334
1418
1016
766
2280
3949
2481
271
3417
2307
1714
143
2763
2685
58
1039
3918
3601
1961
350
154
3997
992
2000
42
1688
993
1893
278
2901
3102
1369
3785
1100
3394
3010
3097
3273
2385
875
1442
2356
2374
850
3537
2559
576
2236
1759
848
1211
3114
3155
399
2778
2374
1873
87
149
1849
3197
1632
3825
3819
2767
609
2788
1259
1811
1327
2287
1540
1051
1192
2516
1568
3932
3513
3412
162
475
1908
2045
2584
3922
2237
2904
1701
1014
151
1005
2765
2589
2585
1708
3883
1743
3640
2125
1578
3779
976
1097
2914
359
3314
3053
1587
2189
2680
1671
2419
666
943
3096
2
2395
3979
2524
3064
1515
251
26
310
3078
2571
1995
1202
1810
3585
2280
1257
528
2668
2529
3165
140
425
964
3136
1295
662
1567
1781
3772
2806
1442
1105
2940
617
1073
3855
452
893
3995
455
612
2766
3879
1725
2695
165
3003
2429
992
119
732
3806
3631
1144
3135
2880
513
196
1753
1965
425
1020
3720
3598
1610
2428
2127
1010
295
2296
3455
3909
2996
129
3560
979
3151
2982
2829
488
3961
3187
1453
2577
747
2968
3979
274
244
19
560
1001
13
1585
689
2977
2417
812
1829
1473
1202
2645
3572
627
1071
1948
3587
2662
705
814
246
2727
2686
130
1654
1273
3446
2875
2802
1980
2619
901
544
129
1098
1914
193
1698
3871
534
2023
3408
581
874
3281
719
2150
2301
1634
2459
2074
578
1664
2075
3219
3746
1388
1223
177
1266
3753
2809
739
257
768
3061
3692
2332
3656
100
3180
3269
919
276
980
3963
1885
2186
1333
1088
2360
4001
2263
2352
1852
3575
2810
1511
3630
1929
1492
2622
685
2655
3389
2285
3820
1963
886
2200
589
2944
1910
2411
3572
609
1815
2083
1899
1102
1850
2289
2446
1321
97
2407
3937
2991
1576
2004
987
1640
526
1644
2070
1222
1188
2941
2192
945
935
2635
1101
912
2682
2071
333
3584
1285
2185
2457
1414
2895
3214
1620
2690
3270
2360
1
877
2307
1241
2972
1697
1507
2819
1505
3356
3908
1589
675
911
547
2519
3090
2858
3286
2957
1218
712
2088
1002
1606
192
2485
815
2044
428
2327
3394
1415
2381
3756
2961
1811
2898
3056
1091
958
3214
3511
758
3094
670
1665
848
3178
3001
1128
3945
3683
3270
2115
2440
2864
2931
3636
189
3775
1672
3595
788
3678
2041
575
1536
1221
1081
3029
2534
219
997
344
1768
3894
382
3340
1585
3817
1655
3625
2933
1803
3026
307
1655
2319
1952
3479
2623
1482
876
887
3220
1578
1274
1971
1502
1075
2242
2626
1370
522
171
62
74
172
3577
1819
2301
992
3266
3388
3859
170
3916
792
3815
3580
3499
2323
2550
309
1472
637
3119
1601
1852
2170
849
49
1014
2666
3738
1589
265
3418
1074
3871
2042
1177
3311
1071
2303
1822
1551
1225
3777
2089
1441
2454
1385
728
1235
123
3831
98
1322
3716
2552
2094
363
1992
531
805
268
3294
444
1754
1055
1055
385
148
1657
1823
3861
774
1156
1122
2830
1687
2277
3550
3820
535
239
642
645
260
16
3129
3182
540
3788
378
2877
2667
3484
98
3699
2581
3413
2126
1142
1983
3632
455
2937
2531
3604
466
271
3270
1227
2209
2064
2390
1366
3364
3972
2865
2133
320
3647
3670
3211
3796
2206
3814
2092
988
2058
3931
3903
516
3340
82
1374
3066
2797
2973
3676
3658
2706
608
2571
2467
2538
1643
3513
2506
1097
1212
1261
956
3643
2249
1581
3462
2148
3524
2050
409
416
2505
2151
2708
2703
3427
1076
2504
2196
2857
3447
1606
2145
1611
2523
2775
3238
313
3646
546
385
1791
1083
3981
2459
3801
1727
3972
3350
364
2028
3150
1899
3671
920
1067
3429
2751
1439
3550
694
316
97
3422
1340
1989
3658
2583
1900
3745
3819
3518
454
921
852
2600
253
3041
3507
11
1493
2521
897
780
12
750
1553
2769
1175
2027
3583
2600
3173
23
774
6
845
3048
3100
2979
2132
2276
211
32
3115
994
1151
3823
2520
2771
609
592
2769
312
804
1156
1425
271
150
1002
2462
2326
3919
3772
628
115
2912
3465
1587
1553
3186
3095
1340
582
3260
234
2585
3209
2700
542
3628
2630
3712
2782
774
2525
1920
2216
1129
1231
1350
527
2119
2492
3138
1218
286
3289
2184
1538
3951
3104
1400
3226
805
2418
2269
3500
3624
3351
384
1796
2147
2829
1363
3153
3520
2738
1769
1543
3564
3402
1770
1319
1984
1889
372
1690
698
1334
494
3711
437
1820
3005
974
3112
3195
3886
1332
3826
1375
3191
3696
2592
1783
1873
1849
3737
528
3171
1186
1985
3217
2577
521
2168
2989
2003
194
3632
3290
2968
2266
3298
2855
2120
1654
226
1270
3940
1466
1380
3998
2489
3849
1317
3638
1551
2913
2857
3620
29
3051
1226
3094
1251
586
755
1698
1535
587
1282
1631
3659
600
1839
2789
28
3424
2599
438
1160
1537
143
1465
3651
3531
441
1527
2110
1583
2657
2586
41
753
1495
198
2393
154
2850
2738
3505
2576
2437
358
3123
3932
186
1643
48
2408
313
1055
3178
771
911
394
3692
2510
2140
395
3096
3649
3575
2150
73
3061
1226
2388
2318
2488
2902
2468
1751
698
140
2265
46
2882
2444
811
1588
2519
3187
1353
1761
1807
3929
3382
1927
662
1747
3719
1777
3182
803
2897
3565
2229
1071
1303
899
2981
1355
3910
1945
2431
2928
3877
371
1244
1605
1865
795
2944
2728
1172
2610
1791
1375
1769
321
1470
3200
111
3215
2954
3631
3549
2482
3438
3835
556
1993
2506
1866
1452
2733
92
247
1064
762
2486
3020
3328
1890
200
3721
1943
1096
2191
3567
1617
2158
3896
2279
3595
3001
3486
2410
672
3879
1479
3726
2558
558
2264
259
706
3373
236
2006
2052
2102
1364
1378
1735
2347
3197
2377
684
3589
3311
231
3958
1580
401
3890
359
1789
2777
3085
92
2905
395
382
1224
3518
2129
3993
2977
1863
2728
3639
654
731
3893
391
2487
2089
1547
2291
605
2837
3199
3922
2133
1977
1017
1149
2061
552
2311
1614
3199
3949
2272
576
488
2465
2463
1395
1405
1308
3269
1925
2380
2699
3438
1715
1959
1578
2852
1892
111
1735
3357
1695
3311
1472
1179
3100
751
2616
3124
865
3435
1765
2475
3017
2262
2655
3531
1615
3973
157
1955
3754
3441
862
2136
209
1676
160
2252
2401
2734
548
2017
1879
821
517
3295
3595
3544
2362
494
1904
2852
286
1081
2817
2763
3817
2181
1399
1209
2128
1459
2941
3139
702
1427
1546
206
1534
1215
1451
2916
3212
1415
591
572
3330
1127
1979
653
103
3474
1802
2756
1192
3153
1911
1823
3212
3249
3603
284
3072
1465
389
1534
3665
3560
3103
1890
3352
164
1019
634
603
676
1971
1789
3969
3978
3502
462
1195
1153
2397
1109
3526
3858
1036
86
1000
3119
575
3216
158
2116
2799
540
1610
1180
1034
757
2375
2802
1572
78
1254
336
77
2373
2457
2605
704
1540
2576
3716
3036
2155
2555
3240
346
1179
2030
90
3110
3011
3096
3114
3493
965
4000
1738
2624
432
2317
2602
3566
1798
2775
709
1338
777
3315
806
3796
2594
3242
1017
3739
3097
3326
2566
1871
932
200
3483
291
1942
1632
1429
1080
84
3295
3734
2771
3558
1770
2215
1925
3138
2200
3973
2015
3565
542
1834
2373
3408
3520
2181
3098
3006
2814
3877
207
3677
2631
3425
104
1150
2432
1308
3397
962
992
2343
3175
2401
1170
1183
1205
2706
2612
209
238
3584
1542
2577
1621
3067
634
1878
477
7
502
3603
1678
2562
3074
3094
22
3407
1430
3538
2872
2512
921
595
1748
2343
3384
2608
1276
300
3165
1545
322
778
2670
1052
3295
1065
593
1722
3173
1
1303
2823
651
1951
1751
3196
2703
3537
3283
846
712
2315
920
3226
3472
484
3284
3933
1413
140
2072
2848
2688
2506
3870
2833
1303
1129
1261
1496
1781
706
1381
342
788
2198
1652
439
985
1223
2808
2854
847
3173
2894
2466
588
3483
2794
596
3952
1946
1283
784
3452
3576
3844
1799
315
3955
2870
2984
3794
2183
2606
1285
344
2336
368
2498
2041
3623
2936
2333
3024
899
3472
301
2545
1585
549
2085
751
1829
1272
1322
587
3264
1810
1278
2629
426
889
1318
2317
245
1257
118
2954
368
1719
1782
2652
481
1326
3531
3589
3664
2210
1335
3111
66
2486
469
1996
3709
2397
1205
655
3728
3326
2275
3422
3550
907
2349
1779
3947
2045
3122
1442
2936
2419
1224
168
1661
3674
2107
1502
3790
970
3846
2530
3040
2709
2874
41
2358
1148
1897
3189
93
3588
727
3553
2006
2617
910
1339
1701
2063
598
2317
1260
3141
3136
3845
1180
1510
1568
2376
799
989
1368
1636
2554
2732
1376
2973
3430
761
2020
1216
3878
356
426
2558
3363
455
3141
90
1619
1393
1992
30
2955
2041
2688
3399
2808
2711
591
1252
2676
1697
1753
3472
467
3756
1891
3399
2997
405
985
3778
3198
3439
2706
1058
3063
106
2883
3442