fixed acidity,volatile acidity,citric acid,residual sugar,chlorides,free sulfur dioxide,total sulfur dioxide,density,pH,sulphates,alcohol,quality
0.353982301,0.239726027,0.27,0.095890411,0.071906355,0.183098592,0.077738516,0.373715125,0.346456693,0.281437126,0.430769231,0.4
0.17699115,0.503424658,0.02,0.102739726,0.08361204,0.197183099,0.060070671,0.455212922,0.62992126,0.161676647,0.4,0.6
0.522123894,0.082191781,0.47,0.082191781,0.090301003,0.070422535,0.06360424,0.567547724,0.322834646,0.341317365,0.4,0.8
0.327433628,0.345890411,0.2,0.04109589,0.113712375,0.366197183,0.399293286,0.52349486,0.330708661,0.473053892,0.107692308,0.2
0.477876106,0.198630137,0.45,0.363013699,0.098662207,0.070422535,0.028268551,0.510279001,0.37007874,0.095808383,0.523076923,0.8
0.451327434,0.280821918,0.6,0.075342466,0.045150502,0.056338028,0.045936396,0.424375918,0.440944882,0.317365269,0.615384615,0.6
0.274336283,0.095890411,0.3,0.054794521,0.078595318,0.267605634,0.113074205,0.354625551,0.433070866,0.083832335,0.369230769,0.6
0.07079646,0.489726027,0.08,0.020547945,0.056856187,0.169014085,0.307420495,0.171071953,0.653543307,0.311377246,0.707692308,0.8
0.256637168,0.315068493,0.56,0.150684932,0.235785953,0.056338028,0.028268551,0.344346549,0.37007874,0.419161677,0.492307692,0.6
0.053097345,0.246575342,0.04,0.047945205,0.070234114,0.253521127,0.35335689,0.193098385,0.62992126,0.173652695,0.584615385,0.8
0.212389381,0.178082192,0.49,0.109589041,0.142140468,0.450704225,0.279151943,0.450073421,0.511811024,0.263473054,0.461538462,0.6
0.194690265,0.301369863,0.22,0.061643836,0.10367893,0.197183099,0.06360424,0.316446402,0.519685039,0.293413174,0.430769231,0.6
0.407079646,0.376712329,0.1,0.143835616,0.132107023,0.154929577,0.148409894,0.646842878,0.448818898,0.125748503,0.169230769,0.6
0.292035398,0.212328767,0.21,0.047945205,0.157190635,0.126760563,0.109540636,0.479441997,0.338582677,0.347305389,0.169230769,0.4
0.247787611,0.455479452,0.19,0.294520548,0.137123746,0.253521127,0.325088339,0.51835536,0.330708661,0.113772455,0.184615385,0.6
0.265486726,0.212328767,0.31,0.082191781,0.095317726,0.169014085,0.240282686,0.420704846,0.409448819,0.125748503,0.230769231,0.6
0.362831858,0.130136986,0.46,0.034246575,0.078595318,0.14084507,0.067137809,0.479441997,0.488188976,0.25748503,0.261538462,0.6
0.300884956,0.47260274,0.25,0.171232877,0.107023411,0.464788732,0.279151943,0.485315712,0.354330709,0.053892216,0.123076923,0.4
0.185840708,0.376712329,0.02,0.068493151,0.081939799,0.352112676,0.127208481,0.353891336,0.511811024,0.293413174,0.384615385,0.6
0.646017699,0.178082192,0.51,0.075342466,0.182274247,0.084507042,0.049469965,0.699706314,0.393700787,0.25748503,0.307692308,0.6
0.194690265,0.363013699,0.02,0.082191781,0.110367893,0.098591549,0.03180212,0.360499266,0.480314961,0.173652695,0.307692308,0.6
0.646017699,0.171232877,0.69,0.095890411,0.110367893,0.154929577,0.06360424,0.420704846,0.204724409,0.191616766,0.676923077,0.6
0.07079646,0.424657534,0.09,0.054794521,0.128762542,0.211267606,0.070671378,0.290014684,0.732283465,0.137724551,0.492307692,0.6
0.221238938,0.321917808,0.02,0.095890411,0.117056856,0.323943662,0.310954064,0.541116006,0.637795276,0.119760479,0.2,0.6
0.256637168,0.253424658,0.19,0.068493151,0.107023411,0.126760563,0.134275618,0.413362702,0.511811024,0.125748503,0.2,0.4
0.530973451,0.109589041,0.39,1,0.095317726,0.070422535,0.060070671,0.919970631,0.299212598,0.19760479,0.123076923,0.4
0.185840708,0.232876712,0.24,0.054794521,0.108695652,0.23943662,0.098939929,0.347283407,0.511811024,0.161676647,0.338461538,0.6
0.566371681,0.054794521,0.48,0.075342466,0.553511706,0.070422535,0.042402827,0.574889868,0.440944882,0.22754491,0.323076923,0.4
0.212389381,0.294520548,0.13,0.089041096,0.105351171,0.197183099,0.102473498,0.42804699,0.488188976,0.155688623,0.2,0.6
0.247787611,0.253424658,0.27,0.082191781,0.098662207,0.183098592,0.067137809,0.279735683,0.480314961,0.179640719,0.553846154,0.6
0.14159292,0.226027397,0.2,0.047945205,0.095317726,0.028169014,0.03180212,0.420704846,0.527559055,0.137724551,0.123076923,0.4
0.513274336,0.311643836,0.61,0.116438356,0.107023411,0.14084507,0.06360424,0.72907489,0.330708661,0.215568862,0.092307692,0.4
0.212389381,0.469178082,0,0.109589041,0.093645485,0.084507042,0.049469965,0.501468429,0.582677165,0.137724551,0.184615385,0.4
0.327433628,0.109589041,0.48,0.082191781,0.135451505,0.070422535,0.021201413,0.294419971,0.409448819,0.173652695,0.615384615,0.8
0.353982301,0.273972603,0.38,0.04109589,0.140468227,0.056338028,0.042402827,0.483847283,0.362204724,0.113772455,0.153846154,0.4
0.265486726,0.205479452,0.08,0.123287671,0.120401338,0.197183099,0.148409894,0.494126285,0.37007874,0.155688623,0.246153846,0.4
0.327433628,0.095890411,0.37,0.034246575,0.107023411,0.098591549,0.060070671,0.538179148,0.409448819,0.221556886,0.184615385,0.6
0.274336283,0.253424658,0.26,0.068493151,0.08361204,0.112676056,0.088339223,0.479441997,0.511811024,0.185628743,0.184615385,0.4
0.17699115,0.315068493,0.02,0.102739726,0.095317726,0.253521127,0.120141343,0.279001468,0.503937008,0.19760479,0.646153846,0.6
0.230088496,0.178082192,0.38,0.130136986,0.093645485,0.309859155,0.127208481,0.256240822,0.472440945,0.233532934,0.692307692,0.8
0.469026549,0.157534247,0.55,0.082191781,0.08361204,0.056338028,0.028268551,0.516152717,0.409448819,0.275449102,0.338461538,0.4
0.362831858,0.397260274,0.24,0.109589041,0.357859532,0.056338028,0.03180212,0.662995595,0.456692913,0.161676647,0.092307692,0.6
0.283185841,0.438356164,0.04,0.095890411,0.133779264,0.197183099,0.169611307,0.508810573,0.409448819,0.191616766,0.215384615,0.4
0.230088496,0.202054795,0.36,0.075342466,0.115384615,0.169014085,0.137809187,0.52349486,0.582677165,0.185628743,0.123076923,0.4
0.380530973,0.136986301,0.31,0.075342466,0.127090301,0.154929577,0.045936396,0.413362702,0.338582677,0.131736527,0.307692308,0.6
0.371681416,0.123287671,0.38,0.095890411,0.080267559,0.253521127,0.233215548,0.393538913,0.511811024,0.233532934,0.523076923,0.6
0.309734513,0.280821918,0.22,0.089041096,0.110367893,0.450704225,0.293286219,0.492657856,0.409448819,0.077844311,0.184615385,0.6
0.265486726,0.253424658,0.33,0.068493151,0.10367893,0.366197183,0.279151943,0.513215859,0.527559055,0.149700599,0.092307692,0.4
0.300884956,0.130136986,0.45,0.082191781,0.341137124,0.056338028,0.035335689,0.257709251,0.322834646,0.28742515,0.630769231,0.8
0.256637168,0.335616438,0.2,0.054794521,0.107023411,0.492957746,0.190812721,0.357562408,0.283464567,0.041916168,0.138461538,0.4
0.504424779,0.219178082,0.5,0.246575342,0.158862876,0.056338028,0.024734982,0.582232012,0.42519685,0.299401198,0.476923077,0.4
0.265486726,0.267123288,0.15,0.130136986,0.163879599,0.450704225,0.236749117,0.398678414,0.338582677,0.179640719,0.276923077,0.6
0.283185841,0.29109589,0.12,0.109589041,0.093645485,0.14084507,0.102473498,0.435389134,0.472440945,0.167664671,0.492307692,0.6
0.283185841,0.287671233,0.26,0.075342466,0.127090301,0.309859155,0.148409894,0.589574156,0.527559055,0.245508982,0.123076923,0.6
0.265486726,0.184931507,0.31,0.095890411,0.117056856,0.309859155,0.229681979,0.5969163,0.614173228,0.191616766,0.2,0.4
0.433628319,0.184931507,0.41,0.547945205,0.095317726,0.23943662,0.116607774,0.625550661,0.433070866,0.28742515,0.384615385,0.8
0.238938053,0.253424658,0.1,0.116438356,0.093645485,0.042253521,0.028268551,0.407488987,0.440944882,0.083832335,0.323076923,0.4
0.132743363,0.328767123,0.08,0.061643836,0.098662207,0.183098592,0.137809187,0.241556535,0.503937008,0.125748503,0.4,0.4
0.265486726,0.342465753,0.32,0.089041096,0.117056856,0.084507042,0.169611307,0.479441997,0.488188976,0.113772455,0.153846154,0.4
0.150442478,0.267123288,0.13,0.095890411,0.107023411,0.394366197,0.120141343,0.416299559,0.535433071,0.251497006,0.4,0.6
0.230088496,0.335616438,0.08,0.212328767,0.117056856,0.352112676,0.360424028,0.465491924,0.401574803,0.107784431,0.153846154,0.4
0.238938053,0.178082192,0.21,0.075342466,0.113712375,0.084507042,0.102473498,0.442731278,0.464566929,0.083832335,0.169230769,0.4
0.654867257,0.260273973,0.59,0.034246575,0.102006689,0.309859155,0.127208481,0.582232012,0.141732283,0.209580838,0.323076923,0.8
0.283185841,0.136986301,0.44,0.123287671,0.153846154,0.098591549,0.038869258,0.532305433,0.464566929,0.269461078,0.4,0.8
0.380530973,0.178082192,0.4,0.089041096,0.093645485,0.154929577,0.077738516,0.351688693,0.417322835,0.251497006,0.646153846,0.8
0.292035398,0.04109589,0.4,0.089041096,0.06187291,0.521126761,0.215547703,0.435389134,0.464566929,0.359281437,0.446153846,0.4
0.194690265,0.301369863,0.03,0.054794521,0.120401338,0.23943662,0.102473498,0.494126285,0.551181102,0.179640719,0.246153846,0.6
0.327433628,0.095890411,0.37,0.034246575,0.107023411,0.098591549,0.060070671,0.538179148,0.409448819,0.221556886,0.184615385,0.6
0.318584071,0.184931507,0.49,0.095890411,0.14548495,0.647887324,0.448763251,0.574889868,0.503937008,0.395209581,0.215384615,0.4
0.415929204,0.448630137,0.27,0.130136986,0.110367893,0.323943662,0.176678445,0.611600587,0.448818898,0.203592814,0.338461538,0.6
0.389380531,0.246575342,0.32,0.130136986,0.120401338,0.281690141,0.409893993,0.611600587,0.456692913,0.173652695,0.153846154,0.4
0.221238938,0.246575342,0.28,0.130136986,0.093645485,0.070422535,0.035335689,0.495594714,0.393700787,0.119760479,0.292307692,0.4
0.203539823,0.191780822,0.14,0.102739726,0.122073579,0.281690141,0.120141343,0.494126285,0.543307087,0.179640719,0.2,0.6
0.053097345,0.150684932,0,0.061643836,0.063545151,0.366197183,0.201413428,0.112334802,0.74015748,0.275449102,0.861538462,0.6
0.221238938,0.068493151,0.49,0.061643836,0.045150502,0.098591549,0.042402827,0.24743025,0.511811024,0.137724551,0.615384615,0.6
0.079646018,0.253424658,0.03,0.061643836,0.053511706,0.38028169,0.286219081,0.053597651,0.598425197,0.293413174,0.861538462,1
0.008849558,0.328767123,0.17,0.095890411,0.076923077,0.225352113,0.35335689,0.229809104,0.874015748,0.161676647,0.692307692,0.6
0.336283186,0.342465753,0.12,0.061643836,0.100334448,0.521126761,0.141342756,0.364904552,0.503937008,0.335329341,0.523076923,0.6
0.371681416,0.294520548,0.04,0.089041096,0.178929766,0.183098592,0.176678445,0.450073421,0.37007874,0.161676647,0.384615385,0.6
0.265486726,0.157534247,0.6,0.116438356,0.102006689,0.309859155,0.134275618,0.47650514,0.503937008,0.275449102,0.415384615,0.6
0.336283186,0.342465753,0.12,0.061643836,0.100334448,0.521126761,0.141342756,0.364904552,0.503937008,0.335329341,0.523076923,0.6
0.088495575,0.130136986,0.78,0.890410959,0.10367893,0.309859155,0.303886926,0.491923642,0.511811024,0.089820359,0.323076923,0.6
0.380530973,0.260273973,0.21,0.089041096,0.127090301,0.281690141,0.116607774,0.502936858,0.464566929,0.299401198,0.415384615,0.6
0.115044248,0.116438356,0.25,0.856164384,0.091973244,1,0.544169611,0.524229075,0.464566929,0.125748503,0.292307692,0.6
0.221238938,0.212328767,0.42,0.315068493,0.098662207,0.38028169,0.431095406,0.530837004,0.535433071,0.22754491,0.323076923,0.4
0.309734513,0.178082192,0.28,0.082191781,0.090301003,0.169014085,0.084805654,0.494126285,0.385826772,0.239520958,0.2,0.8
0.353982301,0.253424658,0.28,0.068493151,0.163879599,0.267605634,0.459363958,0.52349486,0.149606299,0.97005988,0.230769231,0.6
0.362831858,0.479452055,0.02,0.020547945,0.096989967,0.492957746,0.148409894,0.376651982,0.362204724,0.149700599,0.215384615,0.4
0.504424779,0.198630137,0.42,0.102739726,0.336120401,0.070422535,0.028268551,0.685022026,0.354330709,0.173652695,0.169230769,0.6
0.327433628,0.400684932,0.12,0.116438356,0.133779264,0.154929577,0.077738516,0.685022026,0.606299213,0.233532934,0.246153846,0.4
0.230088496,0.328767123,0.04,0.109589041,0.107023411,0.23943662,0.28975265,0.54185022,0.622047244,0.131736527,0.169230769,0.4
0.150442478,0.164383562,0.19,0.157534247,0.105351171,0.197183099,0.116607774,0.406020558,0.645669291,0.113772455,0.661538462,0.6
0.353982301,0.273972603,0.38,0.04109589,0.140468227,0.056338028,0.042402827,0.483847283,0.362204724,0.113772455,0.153846154,0.4
0.725663717,0.493150685,0.63,0.102739726,0.127090301,0.169014085,0.102473498,0.707048458,0.283464567,0.161676647,0.307692308,0.6
0.221238938,0.369863014,0,0.205479452,0.123745819,0.225352113,0.137809187,0.552863436,0.566929134,0.125748503,0.169230769,0.4
0.256637168,0.280821918,0.06,0.116438356,0.123745819,0.267605634,0.134275618,0.472099853,0.503937008,0.155688623,0.353846154,0.6
0.168141593,0.232876712,0.14,0.102739726,0.170568562,0.112676056,0.109540636,0.532305433,0.724409449,0.191616766,0.215384615,0.4
0.336283186,0.116438356,0.4,0.054794521,0.091973244,0.098591549,0.049469965,0.437591777,0.511811024,0.161676647,0.323076923,0.4
0.442477876,0.287671233,0.42,0.102739726,0.115384615,0.338028169,0.16254417,0.508810573,0.362204724,0.22754491,0.461538462,0.6
0.539823009,0.157534247,0.53,0.116438356,0.096989967,0.056338028,0.035335689,0.52349486,0.322834646,0.191616766,0.4,1
0.362831858,0.390410959,0.31,0.143835616,0.123745819,0.309859155,0.265017668,0.743759178,0.582677165,0.245508982,0.492307692,0.6
0.194690265,0.321917808,0.06,0.349315068,0.080267559,0.14084507,0.042402827,0.450073421,0.527559055,0.155688623,0.369230769,0.8
0.345132743,0.191780822,0.4,0.369863014,0.063545151,0.028169014,0.014134276,0.410425844,0.42519685,0.137724551,0.553846154,0.2
0.256637168,0.315068493,0.03,0.219178082,0.113712375,0.366197183,0.141342756,0.429515419,0.220472441,0.083832335,0.123076923,0.4
0.628318584,0.253424658,0.49,0.089041096,0.118729097,0.056338028,0.03180212,0.72907489,0.354330709,0.05988024,0.123076923,0.4
0.460176991,0.369863014,0.39,0.157534247,0.118729097,0.281690141,0.187279152,0.648311307,0.496062992,0.22754491,0.476923077,0.8
0.132743363,0.246575342,0.09,0.054794521,0.110367893,0.23943662,0.084805654,0.290014684,0.559055118,0.125748503,0.430769231,0.6
0.539823009,0.212328767,0.39,0.089041096,0.157190635,0.098591549,0.091872792,0.626284875,0.118110236,0.101796407,0.184615385,0.4
0.221238938,0.363013699,0.18,0.061643836,0.096989967,0.169014085,0.120141343,0.508810573,0.551181102,0.161676647,0.107692308,0.4
0.265486726,0.359589041,0.03,0.068493151,0.123745819,0.183098592,0.180212014,0.501468429,0.496062992,0.077844311,0.292307692,0.4
0.300884956,0.315068493,0.16,0.075342466,0.180602007,0.028169014,0.003533569,0.328193833,0.377952756,0.149700599,0.430769231,0.6
0.247787611,0.352739726,0.1,0.102739726,0.113712375,0.211267606,0.09540636,0.535242291,0.661417323,0.215568862,0.369230769,0.8
0.353982301,0.239726027,0.47,0.102739726,0.10367893,0.084507042,0.081272085,0.574889868,0.267716535,0.077844311,0.169230769,0.4
0.327433628,0.315068493,0.13,0.136986301,0.140468227,0.183098592,0.201413428,0.611600587,0.338582677,0.173652695,0.107692308,0.6
0.247787611,0.356164384,0.17,0.308219178,0.260869565,0.718309859,0.325088339,0.535242291,0.42519685,0.101796407,0.169230769,0.4
0.327433628,0.095890411,0.42,0.075342466,0.113712375,0.14084507,0.074204947,0.538179148,0.37007874,0.281437126,0.153846154,0.6
0.247787611,0.321917808,0.08,0.239726027,0.123745819,0.070422535,0.081272085,0.538179148,0.503937008,0.101796407,0.092307692,0.2
0.203539823,0.424657534,0.03,0.095890411,0.070234114,0.084507042,0.035335689,0.36784141,0.559055118,0.179640719,0.476923077,0.6
0.495575221,0.253424658,0.63,0.136986301,0.100334448,0.126760563,0.070671378,0.494126285,0.330708661,0.269461078,0.630769231,0.8
0.353982301,0.133561644,0.4,0.089041096,0.112040134,0.028169014,0,0.370778267,0.417322835,0.203592814,0.538461538,0.6
0.203539823,0.260273973,0.04,0.04109589,0.122073579,0.253521127,0.151943463,0.420704846,0.480314961,0.269461078,0.169230769,0.4
0.292035398,0.123287671,0.68,0.506849315,0.063545151,0.514084507,1,0.226872247,0.212598425,0.107784431,0.6,0.8
0.132743363,0.178082192,0.15,0.061643836,0.100334448,0.070422535,0.045936396,0.398678414,0.535433071,0.143712575,0.153846154,0.4
0.460176991,0.369863014,0.39,0.157534247,0.118729097,0.281690141,0.187279152,0.648311307,0.496062992,0.22754491,0.476923077,0.8
0.238938053,0.417808219,0.24,0.068493151,0.160535117,0.23943662,0.339222615,0.486784141,0.409448819,0.155688623,0.138461538,0.4
0.17699115,0.575342466,0,0.061643836,0.117056856,0.056338028,0.035335689,0.25917768,0.598425197,0.065868263,0.538461538,0.6
0.707964602,0.130136986,0.72,0.089041096,0.100334448,0.070422535,0.081272085,0.633627019,0.11023622,0.293413174,0.215384615,1
0.513274336,0.198630137,0.55,0.157534247,0.107023411,0.295774648,0.169611307,0.699706314,0.322834646,0.335329341,0.230769231,0.6
0.336283186,0.301369863,0.04,0.075342466,0.117056856,0.126760563,0.056537102,0.552863436,0.377952756,0.065868263,0.184615385,0.4
0.725663717,0.339041096,0.66,0.335616438,0.118729097,0.084507042,0.127208481,0.890602056,0.25984252,0.239520958,0.246153846,0.8
0.194690265,0.198630137,0.31,0.54109589,0.120401338,0.352112676,0.137809187,0.599853157,0.503937008,0.185628743,0.261538462,0.6
0.256637168,0.212328767,0.3,0.089041096,0.08361204,0.070422535,0.021201413,0.358296623,0.551181102,0.233532934,0.476923077,0.8
0.681415929,0.260273973,0.49,0.089041096,0.128762542,0.056338028,0.028268551,0.743759178,0.354330709,0.065868263,0.184615385,0.4
0.486725664,0.226027397,0.23,0.068493151,0.117056856,0.126760563,0.042402827,0.563142438,0.377952756,0.191616766,0.138461538,0.6
0.194690265,0.369863014,0.07,0.047945205,0.096989967,0.211267606,0.19434629,0.414831131,0.433070866,0.161676647,0.138461538,0.4
0.230088496,0.393835616,0.13,0.075342466,0.107023411,0.154929577,0.049469965,0.395741557,0.433070866,0.125748503,0.261538462,0.4
0.194690265,0.328767123,0.18,0.068493151,0.112040134,0.23943662,0.282685512,0.494126285,0.669291339,0.143712575,0.138461538,0.6
0.230088496,0.393835616,0.13,0.075342466,0.107023411,0.154929577,0.049469965,0.395741557,0.433070866,0.125748503,0.261538462,0.4
0.247787611,0.253424658,0.19,0.143835616,0.108695652,0.211267606,0.109540636,0.479441997,0.496062992,0.107784431,0.323076923,0.4
0.212389381,0.421232877,0.05,0.075342466,0.115384615,0.169014085,0.169611307,0.479441997,0.511811024,0.143712575,0.215384615,0.4
0.495575221,0.164383562,0.64,0.136986301,0.183946488,0.126760563,0.123674912,0.582232012,0.385826772,0.19760479,0.630769231,0.6
0.327433628,0.328767123,0.25,0.089041096,0.177257525,0.112676056,0.113074205,0.447136564,0.322834646,0.119760479,0.215384615,0.4
0.256637168,0.445205479,0.2,0.493150685,0.143812709,0.408450704,0.303886926,0.649779736,0.362204724,0.149700599,0.123076923,0.4
0.495575221,0.287671233,0.37,0.993150685,0.337792642,0.76056338,0.314487633,1,0.346456693,0.263473054,0.092307692,0.6
0.17699115,0.421232877,0.02,0.479452055,0.183946488,0.943661972,0.416961131,0.685022026,0.57480315,0.119760479,0.230769231,0.4
0.575221239,0.219178082,0.42,0.089041096,0.086956522,0.183098592,0.045936396,0.551395007,0.401574803,0.143712575,0.307692308,0.6
0.477876106,0.116438356,0.4,0.136986301,0.143812709,0.126760563,0.070671378,0.773127753,0.582677165,0.347305389,0.2,0.4
0.274336283,0.184931507,0.12,0.054794521,0.142140468,0.253521127,0.074204947,0.432452276,0.330708661,0.095808383,0.153846154,0.4
0.115044248,0.335616438,0.08,0.082191781,0.098662207,0.211267606,0.06360424,0.27092511,0.645669291,0.263473054,0.415384615,0.6
0.256637168,0.315068493,0.2,0.075342466,0.102006689,0.464788732,0.134275618,0.357562408,0.283464567,0.05988024,0.138461538,0.4
0.424778761,0.191780822,0.47,0.109589041,0.12541806,0.070422535,0.049469965,0.561674009,0.322834646,0.101796407,0.323076923,0.4
0.318584071,0.828767123,0,0.054794521,0.115384615,0.028169014,0.021201413,0.464757709,0.622047244,0.095808383,0.384615385,0.4
0.256637168,0.308219178,0.02,0.116438356,0.108695652,0.14084507,0.102473498,0.403817915,0.488188976,0.173652695,0.369230769,0.6
0.274336283,0.301369863,0.2,0.075342466,0.105351171,0.112676056,0.116607774,0.633627019,0.582677165,0.173652695,0.138461538,0.4
0.283185841,0.328767123,0.26,0.075342466,0.113712375,0.422535211,0.441696113,0.45154185,0.37007874,0.113772455,0.230769231,0.4
0.654867257,0.109589041,0.49,0.068493151,0.10367893,0.126760563,0.053003534,0.552863436,0.188976378,0.19760479,0.230769231,0.8
0.398230088,0.383561644,0.11,0.130136986,0.135451505,0.14084507,0.134275618,0.646842878,0.448818898,0.131736527,0.169230769,0.6
0.300884956,0.328767123,0.22,0.082191781,0.113712375,0.338028169,0.349823322,0.444933921,0.440944882,0.095808383,0.230769231,0.4
0.247787611,0.164383562,0.3,0.061643836,0.10367893,0.225352113,0.06360424,0.302496329,0.393700787,0.221556886,0.461538462,1
0.238938053,0.226027397,0.36,0.342465753,0.10367893,0.154929577,0.286219081,0.567547724,0.464566929,0.299401198,0.323076923,0.4
0.292035398,0.287671233,0.34,0.109589041,0.107023411,0.098591549,0.038869258,0.167400881,0.362204724,0.233532934,0.723076923,1
0.256637168,0.294520548,0.24,0.075342466,0.110367893,0.126760563,0.077738516,0.604258443,0.559055118,0.269461078,0.169230769,0.6
0.256637168,0.328767123,0.03,0.061643836,0.138795987,0.338028169,0.328621908,0.361967695,0.480314961,0.125748503,0.261538462,0.4
0.610619469,0.321917808,0.59,0.116438356,0.12541806,0.169014085,0.151943463,0.640969163,0.346456693,0.191616766,0.4,0.6
0.159292035,0.510273973,0.03,0.157534247,0.098662207,0.366197183,0.183745583,0.361967695,0.68503937,0.095808383,0.661538462,0.6
0.274336283,0.212328767,0.25,0.116438356,0.102006689,0.394366197,0.201413428,0.446402349,0.496062992,0.149700599,0.323076923,0.6
0.663716814,0.191780822,0.52,0.075342466,0.133779264,0.197183099,0.169611307,0.72907489,0.228346457,0.19760479,0.276923077,0.4
0.247787611,0.397260274,0,0.068493151,0.107023411,0.14084507,0.098939929,0.567547724,0.606299213,0.137724551,0.153846154,0.4
0.247787611,0.260273973,0.47,0.075342466,0.123745819,0.281690141,0.236749117,0.508810573,0.488188976,0.143712575,0.107692308,0.4
0.14159292,0.397260274,0.15,0.287671233,0.107023411,0.169014085,0.074204947,0.45154185,0.62992126,0.161676647,0.538461538,0.6
0.17699115,0.349315068,0,0.232876712,0.135451505,0.704225352,0.252650177,0.404552129,0.362204724,0.071856287,0.169230769,0.4
0.168141593,0.534246575,0,0.047945205,0.066889632,0.112676056,0.038869258,0.33773862,0.598425197,0.179640719,0.384615385,0.6
0.300884956,0.212328767,0.36,0.095890411,0.105351171,0.126760563,0.148409894,0.552863436,0.472440945,0.077844311,0.153846154,0.4
0.628318584,0.226027397,0.63,0.089041096,0.102006689,0.084507042,0.060070671,0.709985316,0.37007874,0.215568862,0.384615385,0.6
0.185840708,0.315068493,0.08,0.061643836,0.142140468,0.197183099,0.208480565,0.42804699,0.42519685,0.125748503,0.123076923,0.4
0.345132743,0.239726027,0.27,0.068493151,0.076923077,0.23943662,0.113074205,0.375183554,0.330708661,0.311377246,0.415384615,0.6
0.318584071,0.095890411,0.34,0.109589041,0.102006689,0.211267606,0.144876325,0.430983847,0.519685039,0.269461078,0.446153846,0.8
0.327433628,0.328767123,0.13,0.116438356,0.122073579,0.070422535,0.06360424,0.611600587,0.448818898,0.155688623,0.123076923,0.6
0.07079646,0.424657534,0,0.020547945,0.048494983,0.211267606,0.141342756,0.184287812,1,0.155688623,0.630769231,0.6
0.283185841,0.219178082,0.28,0.123287671,0.147157191,0.23943662,0.314487633,0.479441997,0.377952756,0.203592814,0.153846154,0.4
0.389380531,0.280821918,0.49,0.068493151,0.265886288,0.070422535,0.067137809,0.545521292,0.417322835,0.167664671,0.153846154,0.6
0.300884956,0.178082192,0.44,0.068493151,0.143812709,0.070422535,0.03180212,0.406020558,0.440944882,0.185628743,0.461538462,0.6
0.592920354,0.342465753,0.67,0.294520548,0.123745819,0.070422535,0.045936396,0.640969163,0.377952756,0.215568862,0.769230769,1
0.327433628,0.143835616,0.42,0.095890411,0.096989967,0.112676056,0.049469965,0.30763583,0.503937008,0.263473054,0.661538462,0.8
0.247787611,0.349315068,0.07,0.102739726,0.130434783,0.14084507,0.109540636,0.574889868,0.543307087,0.25748503,0.2,0.6
0.274336283,0.489726027,0,0.116438356,0.115384615,0.070422535,0.028268551,0.545521292,0.440944882,0.113772455,0.138461538,0.4
0.309734513,0.51369863,0,0.164383562,0.140468227,0.352112676,0.19434629,0.74743025,0.677165354,0.233532934,0.215384615,0.2
0.194690265,0.448630137,0,0.143835616,0.150501672,0.098591549,0.060070671,0.472099853,0.559055118,0.137724551,0.353846154,0.4
0.575221239,0.184931507,0.54,0.123287671,0.138795987,0.281690141,0.335689046,0.736417034,0.307086614,0.107784431,0.169230769,0.4
0.362831858,0.232876712,0.31,0.109589041,0.190635452,0.323943662,0.204946996,0.542584435,0.283464567,0.245508982,0.184615385,0.4
0.353982301,0.359589041,0.25,0.075342466,0.118729097,0.098591549,0.077738516,0.593245228,0.42519685,0.161676647,0.246153846,0.6
0.610619469,0.157534247,0.49,0.164383562,0.096989967,0.126760563,0.109540636,0.751101322,0.456692913,0.347305389,0.4,0.6
0.212389381,0.390410959,0.07,0.109589041,0.132107023,0.197183099,0.053003534,0.414831131,0.503937008,0.161676647,0.446153846,0.6
0.353982301,0.239726027,0.3,0.143835616,0.107023411,0.408450704,0.455830389,0.552863436,0.440944882,0.119760479,0.153846154,0.4
0.513274336,0.273972603,0.45,0.075342466,0.113712375,0.070422535,0.024734982,0.563142438,0.377952756,0.25748503,0.461538462,0.6
0.238938053,0.191780822,0.3,0.054794521,0.113712375,0.450704225,0.25795053,0.501468429,0.527559055,0.191616766,0.169230769,0.6
0.557522124,0.280821918,0.49,0.253424658,0.177257525,0.126760563,0.038869258,0.743759178,0.25984252,0.137724551,0.507692308,0.6
0.238938053,0.178082192,0.21,0.075342466,0.113712375,0.084507042,0.102473498,0.442731278,0.464566929,0.083832335,0.169230769,0.4
0.292035398,0.441780822,0,0.075342466,0.120401338,0.112676056,0.056537102,0.449339207,0.464566929,0.209580838,0.384615385,0.6
0.672566372,0.226027397,0.49,0.034246575,0.105351171,0.028169014,0,0.501468429,0.307086614,0.179640719,0.307692308,0.4
0.504424779,0.260273973,0.42,0.075342466,0.095317726,0.281690141,0.159010601,0.5969163,0.330708661,0.233532934,0.476923077,0.6
0.044247788,0.239726027,0.02,0.02739726,0.036789298,0.23943662,0.134275618,0.149045521,0.913385827,0.173652695,0.676923077,0.6
0.469026549,0.287671233,0.26,0.075342466,0.165551839,0.084507042,0.190812721,0.515418502,0.157480315,0.389221557,0.276923077,0.4
0.238938053,0.167808219,0.49,0.109589041,0.127090301,0.535211268,0.35335689,0.479441997,0.488188976,0.269461078,0.4,0.4
0.646017699,0.315068493,0.58,0.068493151,0.098662207,0.056338028,0.042402827,0.582232012,0.275590551,0.179640719,0.246153846,0.6
0.283185841,0.280821918,0.01,0.047945205,0.108695652,0.028169014,0.045936396,0.361967695,0.330708661,0.077844311,0.215384615,0.4
0.14159292,0.164383562,0.24,0.089041096,0.138795987,0.253521127,0.127208481,0.332599119,0.653543307,0.143712575,0.507692308,0.6
0.256637168,0.253424658,0.2,0.116438356,0.535117057,0.098591549,0.028268551,0.494126285,0.37007874,0.341317365,0.323076923,0.6
0.292035398,0.523972603,0.03,0.061643836,0.076923077,0.042253521,0.007067138,0.52349486,0.488188976,0,0.107692308,0.2
0.309734513,0.311643836,0.22,0.082191781,0.108695652,0.154929577,0.208480565,0.486784141,0.433070866,0.107784431,0.123076923,0.4
0.513274336,0.082191781,0.49,0.061643836,0.105351171,0.070422535,0.049469965,0.56020558,0.346456693,0.437125749,0.4,0.6
0.283185841,0.315068493,0.13,0.082191781,0.150501672,0.225352113,0.106007067,0.317914831,0.393700787,0.119760479,0.430769231,0.6
0.371681416,0.082191781,0.35,0.054794521,0.071906355,0.169014085,0.074204947,0.284140969,0.31496063,0.155688623,0.446153846,0.8
0.300884956,0.184931507,0.3,0.068493151,0.10367893,0.436619718,0.275618375,0.521292217,0.511811024,0.167664671,0.092307692,0.4
0.194690265,0.376712329,0.15,0.061643836,0.177257525,0.169014085,0.049469965,0.39133627,0.535433071,0.203592814,0.446153846,0.6
0.230088496,0.260273973,0.18,0.082191781,0.098662207,0.154929577,0.088339223,0.553597651,0.614173228,0.233532934,0.184615385,0.6
0.247787611,0.376712329,0.12,0.047945205,0.2909699,0.056338028,0.053003534,0.435389134,0.511811024,0.125748503,0.169230769,0.4
0.265486726,0.130136986,0.34,0.109589041,0.117056856,0.352112676,0.102473498,0.256240822,0.377952756,0.155688623,0.630769231,0.8
0.610619469,0.04109589,0.51,0.212328767,0.153846154,0.042253521,0.060070671,0.699706314,0.42519685,0.383233533,0.261538462,0.6
0.194690265,0.376712329,0,0.068493151,0.113712375,0.295774648,0.116607774,0.509544787,0.519685039,0.245508982,0.2,0.4
0.123893805,0.260273973,0,0.034246575,0.075250836,0.197183099,0.070671378,0.323788546,0.488188976,0.071856287,0.169230769,0.4
0.424778761,0.386986301,0.26,0.102739726,0.117056856,0.309859155,0.48409894,0.567547724,0.42519685,0.131736527,0.153846154,0.4
0.407079646,0.212328767,0.52,0.095890411,0.118729097,0.183098592,0.060070671,0.552863436,0.480314961,0.167664671,0.446153846,0.6
0.230088496,0.489726027,0,0.075342466,0.257525084,0.042253521,0.017667845,0.441262849,0.511811024,0.113772455,0.246153846,0.4
0.17699115,0.369863014,0,0.143835616,0.172240803,0.281690141,0.088339223,0.456681351,0.559055118,0.179640719,0.292307692,0.4
0.309734513,0.452054795,0.23,0.116438356,0.078595318,0.056338028,0.03180212,0.508810573,0.496062992,0.137724551,0.446153846,0.4
0.14159292,0.455479452,0,0.082191781,0.080267559,0.070422535,0.024734982,0.482378855,0.669291339,0.167664671,0.246153846,0.2
0.283185841,0.476027397,0.01,0.116438356,0.10367893,0.661971831,0.296819788,0.450807636,0.503937008,0.173652695,0.369230769,0.4
0.353982301,0.386986301,0.1,0.047945205,0.133779264,0.028169014,0.021201413,0.54185022,0.448818898,0.191616766,0.176923077,0.6
0.194690265,0.356164384,0,0.123287671,0.185618729,0.197183099,0.09540636,0.389867841,0.551181102,0.179640719,0.446153846,0.6
0.221238938,0.517123288,0.05,0.328767123,0.117056856,0.028169014,0.028268551,0.588105727,0.519685039,0.113772455,0.276923077,0
0.115044248,0.188356164,0.13,0.102739726,0.073578595,0.183098592,0.077738516,0.260646109,0.692913386,0.203592814,0.615384615,0.6
0.318584071,0.191780822,0.31,0.068493151,0.117056856,0.098591549,0.06360424,0.435389134,0.393700787,0.215568862,0.338461538,0.6
0.398230088,0.061643836,0.37,0.047945205,0.091973244,0.070422535,0.014134276,0.400146843,0.385826772,0.149700599,0.415384615,0.8
0.150442478,0.616438356,0,0.075342466,0.118729097,0.225352113,0.06360424,0.315712188,0.669291339,0.131736527,0.430769231,0.2
0.194690265,0.390410959,0,0.321917808,0.18729097,0.281690141,0.183745583,0.707048458,0.566929134,0.233532934,0.276923077,0.4
0.353982301,0.239726027,0.27,0.095890411,0.071906355,0.183098592,0.077738516,0.373715125,0.346456693,0.281437126,0.430769231,0.4
0.424778761,0.260273973,0.34,0.184931507,0.117056856,0.056338028,0.028268551,0.633627019,0.433070866,0.113772455,0.353846154,0.6
0.247787611,0.729452055,0,0.229452055,0.142140468,0.056338028,0.028268551,0.479441997,0.700787402,0.125748503,0.353846154,0
0.327433628,0.287671233,0.24,0.171232877,0.107023411,0.211267606,0.374558304,0.552863436,0.417322835,0.167664671,0.153846154,0.4
0.03539823,0.424657534,0,0.020547945,0.048494983,0.211267606,0.141342756,0.184287812,1,0.155688623,0.630769231,0.6
0.530973451,0.130136986,0.49,0.109589041,0.091973244,0.070422535,0.053003534,0.633627019,0.409448819,0.317365269,0.353846154,0.6
0.716814159,0.328767123,0.49,0.130136986,0.105351171,0.056338028,0.045936396,0.685022026,0.31496063,0.143712575,0.461538462,0.4
0.292035398,0.280821918,0.24,0.075342466,0.100334448,0.197183099,0.349823322,0.435389134,0.417322835,0.125748503,0.153846154,0.6
0.575221239,0.205479452,0.47,0.119863014,0.122073579,0.112676056,0.098939929,0.535242291,0.393700787,0.263473054,0.569230769,0.8
0.212389381,0.164383562,0.21,0.102739726,0.123745819,0.323943662,0.222614841,0.4030837,0.519685039,0.119760479,0.261538462,0.6
0.371681416,0.130136986,0.4,0.130136986,0.162207358,0.084507042,0.035335689,0.445668135,0.448818898,0.275449102,0.523076923,0.8
0.256637168,0.308219178,0.08,0.116438356,0.128762542,0.183098592,0.074204947,0.429515419,0.440944882,0.155688623,0.307692308,0.6
0.203539823,0.376712329,0.06,0.082191781,0.113712375,0.098591549,0.09540636,0.615271659,0.74015748,0.22754491,0.184615385,0.4
0.17699115,0.493150685,0.03,0.095890411,0.078595318,0.436619718,0.148409894,0.376651982,0.614173228,0.137724551,0.6,0.8
0.557522124,0.136986301,0.52,0.061643836,0.200668896,0.225352113,0.134275618,0.533773862,0.42519685,0.263473054,0.476923077,0.6
0.247787611,0.157534247,0.33,0.102739726,0.093645485,0.112676056,0.070671378,0.339941263,0.488188976,0.161676647,0.538461538,0.6
0.336283186,0.626712329,0.15,0.349315068,0.102006689,0.14084507,0.169611307,0.655653451,0.496062992,0.095808383,0.230769231,0.4
0.424778761,0.339041096,0.28,0.157534247,0.12541806,0.23943662,0.233215548,0.736417034,0.448818898,0.119760479,0.2,0.4
0.495575221,0.075342466,0.37,0.089041096,0.075250836,0.183098592,0.106007067,0.445668135,0.385826772,0.095808383,0.138461538,0.2
0.194690265,0.301369863,0.22,0.061643836,0.10367893,0.197183099,0.06360424,0.316446402,0.519685039,0.293413174,0.430769231,0.6
0.415929204,0.102739726,0.41,0.075342466,0.132107023,0.070422535,0.035335689,0.582232012,0.42519685,0.221556886,0.2,0.4
0.495575221,0.219178082,0.58,0.219178082,0.133779264,0.14084507,0.06360424,0.54185022,0.433070866,0.395209581,0.553846154,0.8
0.592920354,0.150684932,0.45,0.075342466,0.117056856,0.070422535,0.03180212,0.640969163,0.157480315,0.19760479,0.123076923,0.6
0.530973451,0.219178082,0.68,0.219178082,0.170568562,0.070422535,0.06360424,0.508810573,0.251968504,0.19760479,0.769230769,0.6
0.557522124,0.184931507,0.47,0.061643836,0.177257525,0.070422535,0.028268551,0.5969163,0.440944882,0.251497006,0.215384615,0.6
0.495575221,0.376712329,0.39,0.068493151,0.070234114,0.070422535,0.038869258,0.552863436,0.338582677,0.083832335,0.246153846,0.4
0.123893805,0.356164384,0.05,0.068493151,0.090301003,0.112676056,0.038869258,0.359030837,0.614173228,0.269461078,0.338461538,0.4
0.14159292,0.308219178,0.1,0.082191781,0.060200669,0.042253521,0.017667845,0.323788546,0.551181102,0.25748503,0.369230769,0.6
0.442477876,0.328767123,0.5,0.095890411,0.112040134,0.38028169,0.229681979,0.707048458,0.598425197,0.143712575,0.2,0.4
0.203539823,0.287671233,0.04,0.143835616,0.108695652,0.084507042,0.074204947,0.633627019,0.748031496,0.347305389,0.153846154,0.6
0.230088496,0.352739726,0.07,0.116438356,0.108695652,0.211267606,0.282685512,0.544052863,0.606299213,0.125748503,0.2,0.4
0.769911504,0.212328767,0.58,0.068493151,0.096989967,0.197183099,0.120141343,0.758443465,0.251968504,0.095808383,0.092307692,0.4
0.96460177,0.359589041,0.49,0.226027397,0.138795987,0.126760563,0.060070671,0.960352423,0.141732283,0.245508982,0.415384615,0.4
0.522123894,0.267123288,0.64,0.102739726,0.158862876,0.070422535,0.03180212,0.530837004,0.275590551,0.19760479,0.523076923,0.8
0.672566372,0.226027397,0.49,0.034246575,0.105351171,0.028169014,0,0.501468429,0.307086614,0.179640719,0.307692308,0.4
0.123893805,0.130136986,0.47,0.184931507,0.091973244,0.23943662,0.127208481,0.3979442,0.511811024,0.19760479,0.4,0.6
0.469026549,0.191780822,0.53,0.397260274,0.142140468,0.070422535,0.045936396,0.626284875,0.417322835,0.293413174,0.507692308,0.8
0.17699115,0.520547945,0.04,0.089041096,0.090301003,0.154929577,0.049469965,0.461820852,0.622047244,0.137724551,0.230769231,0.4
0.353982301,0.280821918,0.22,0.075342466,0.147157191,0.084507042,0.074204947,0.486784141,0.362204724,0.137724551,0.276923077,0.6
0.380530973,0.191780822,0.32,0.321917808,0.12541806,0.126760563,0.144876325,0.662995595,0.503937008,0.263473054,0.323076923,0.8
0.238938053,0.226027397,0.36,0.342465753,0.10367893,0.154929577,0.286219081,0.567547724,0.464566929,0.299401198,0.323076923,0.4
0.575221239,0.130136986,0.49,0.123287671,0.137123746,0.211267606,0.144876325,0.626284875,0.299212598,0.413173653,0.338461538,0.8
0.194690265,0.455479452,0,0.102739726,0.153846154,0.183098592,0.084805654,0.479441997,0.614173228,0.131736527,0.353846154,0.6
0.707964602,0.178082192,0.66,0.116438356,0.127090301,0.126760563,0.123674912,0.802496329,0.338582677,0.209580838,0.215384615,0.6
0.398230088,0.448630137,0.22,0.089041096,0.112040134,0.154929577,0.148409894,0.552863436,0.346456693,0.107784431,0.184615385,0.4
0.371681416,0.369863014,0.26,0.054794521,0.10367893,0.042253521,0.060070671,0.516152717,0.322834646,0.245508982,0.123076923,0.4
0.345132743,0.253424658,0.11,0.095890411,0.120401338,0.112676056,0.215547703,0.494126285,0.338582677,0.119760479,0.153846154,0.4
0.469026549,0.349315068,0.24,0.102739726,0.108695652,0.070422535,0.09540636,0.538179148,0.275590551,0.143712575,0.153846154,0.4
0.699115044,0.178082192,0.6,0.116438356,0.115384615,0.422535211,0.233215548,0.699706314,0.283464567,0.239520958,0.323076923,0.4
0.442477876,0.178082192,0.42,0.068493151,0.098662207,0.056338028,0.024734982,0.478707783,0.322834646,0.251497006,0.323076923,0.6
0.345132743,0.109589041,0.56,0.061643836,0.133779264,0.478873239,0.342756184,0.501468429,0.440944882,0.251497006,0.323076923,0.8
0.159292035,0.171232877,0.25,0.068493151,0.10367893,0.281690141,0.151943463,0.538179148,0.653543307,0.173652695,0.215384615,0.6
0.159292035,0.390410959,0,0.051369863,0.071906355,0.084507042,0.021201413,0.113803231,0.57480315,0.119760479,0.692307692,0.6
0.221238938,0.383561644,0,0.095890411,0.12541806,0.225352113,0.070671378,0.569750367,0.559055118,0.119760479,0.169230769,0.4
0.96460177,0.359589041,0.49,0.226027397,0.138795987,0.126760563,0.060070671,0.960352423,0.141732283,0.245508982,0.415384615,0.4
0.247787611,0.315068493,0,0.075342466,0.086956522,0.084507042,0.017667845,0.407488987,0.559055118,0.149700599,0.446153846,0.6
0.513274336,0.219178082,0.42,0.04109589,0.222408027,0.464788732,0.148409894,0.605726872,0.503937008,0.317365269,0.230769231,0
0.221238938,0.212328767,0.17,0.061643836,0.117056856,0.366197183,0.159010601,0.460352423,0.590551181,0.185628743,0.307692308,0.4
0.362831858,0.390410959,0,0.157534247,0.120401338,0.169014085,0.09540636,0.670337739,0.488188976,0.071856287,0.153846154,0.4
0.292035398,0.29109589,0.06,0.212328767,0.12541806,0.366197183,0.19434629,0.472099853,0.488188976,0.203592814,0.353846154,0.6
0.150442478,0.123287671,0.48,0.061643836,0.095317726,0.23943662,0.19434629,0.42804699,0.551181102,0.269461078,0.292307692,0.6
0.495575221,0.116438356,0.65,0.102739726,0.105351171,0.070422535,0.038869258,0.40969163,0.377952756,0.179640719,0.523076923,0.6
0.601769912,0.345890411,0.66,0.363013699,0.127090301,0.070422535,0.06360424,0.640969163,0.291338583,0.395209581,0.753846154,0.6
0.548672566,0.260273973,0.46,0.109589041,0.102006689,0.056338028,0.074204947,0.736417034,0.244094488,0.185628743,0.169230769,0.4
0.283185841,0.232876712,0.26,0.068493151,0.127090301,0.309859155,0.166077739,0.589574156,0.543307087,0.245508982,0.123076923,0.6
0.513274336,0.178082192,0.46,0.082191781,0.153846154,0.070422535,0.014134276,0.482378855,0.299212598,0.191616766,0.523076923,0.8
0.230088496,0.602739726,0,0.143835616,0.150501672,0.084507042,0.035335689,0.425110132,0.543307087,0.077844311,0.246153846,0.4
0.646017699,0.178082192,0.49,0.123287671,0.143812709,0.154929577,0.127208481,0.758443465,0.330708661,0.167664671,0.292307692,0.4
0.654867257,0.184931507,0.66,0.143835616,0.135451505,0.154929577,0.084805654,0.699706314,0.346456693,0.179640719,0.369230769,0.8
0.194690265,0.246575342,0.25,0.075342466,0.107023411,0.394366197,0.19434629,0.383994126,0.472440945,0.161676647,0.307692308,0.4
0.318584071,0.191780822,0.44,0.130136986,0.128762542,0.14084507,0.130742049,0.545521292,0.622047244,0.167664671,0.323076923,0.6
0.03539823,0.205479452,0.24,0.075342466,0.080267559,0.253521127,0.155477032,0.119676946,0.771653543,0.245508982,0.861538462,1
0.256637168,0.178082192,0.57,0.095890411,0.157190635,0.056338028,0.021201413,0.439060206,0.488188976,0.131736527,0.461538462,0.6
0.230088496,0.184931507,0.44,0.116438356,0.090301003,0.295774648,0.148409894,0.357562408,0.440944882,0.305389222,0.476923077,0.6
0.575221239,0.04109589,0.48,0.04109589,0.093645485,0.084507042,0.03180212,0.530837004,0.377952756,0.185628743,0.261538462,0.6
0.088495575,0.369863014,0,0.109589041,0.090301003,0.084507042,0.03180212,0.182819383,0.614173228,0.149700599,0.692307692,0.4
0.362831858,0.116438356,0.52,0.047945205,0.168896321,0.154929577,0.109540636,0.501468429,0.401574803,0.149700599,0.169230769,0.4
0.115044248,0.359589041,0.12,0.075342466,0.105351171,0.436619718,0.134275618,0.396475771,0.653543307,0.22754491,0.276923077,0.4
0.230088496,0.253424658,0.18,0.123287671,0.095317726,0.169014085,0.098939929,0.486784141,0.433070866,0.089820359,0.123076923,0.6
0.292035398,0.260273973,0.33,0.075342466,0.120401338,0.197183099,0.48409894,0.494126285,0.362204724,0.131736527,0.169230769,0.4
0.778761062,0.102739726,0.62,0.116438356,0.117056856,0.070422535,0.053003534,0.743759178,0.330708661,0.203592814,0.2,0.6
0.247787611,0.273972603,0.13,0.102739726,0.110367893,0.464788732,0.19434629,0.382525698,0.543307087,0.155688623,0.369230769,0.6
0.265486726,0.164383562,0.31,0.054794521,0.112040134,0.352112676,0.208480565,0.520558003,0.566929134,0.173652695,0.169230769,0.6
0.292035398,0.150684932,0.36,0.068493151,0.088628763,0.056338028,0.014134276,0.302496329,0.417322835,0.125748503,0.430769231,0.8
0.168141593,0.376712329,0,0.232876712,0.075250836,0.14084507,0.049469965,0.353157122,0.559055118,0.137724551,0.523076923,0.2
0.610619469,0.130136986,0.51,0.089041096,0.112040134,0.183098592,0.077738516,0.5969163,0.228346457,0.359281437,0.215384615,0.6
0.292035398,0.143835616,0.23,0.054794521,0.108695652,0.23943662,0.137809187,0.453744493,0.433070866,0.191616766,0.138461538,0.4
0.194690265,0.253424658,0.22,0.095890411,0.098662207,0.169014085,0.06360424,0.316446402,0.527559055,0.299401198,0.446153846,0.6
0.159292035,0.239726027,0.4,0.102739726,0.098662207,0.098591549,0.045936396,0.457415565,0.645669291,0.239520958,0.338461538,0.6
0.115044248,0.232876712,0,0.068493151,0.108695652,0.338028169,0.134275618,0.27753304,0.598425197,0.119760479,0.430769231,0.4
0.203539823,0.273972603,0.25,0.116438356,0.115384615,0.126760563,0.109540636,0.497797357,0.566929134,0.101796407,0.4,0.4
0.336283186,0.164383562,0.32,0.089041096,0.115384615,0.436619718,0.25795053,0.464757709,0.440944882,0.233532934,0.4,0.6
0.380530973,0.246575342,0.24,0.133561644,0.137123746,0.478873239,0.35335689,0.5969163,0.283464567,0.119760479,0.123076923,0.4
0.309734513,0.29109589,0.18,0.068493151,0.113712375,0.169014085,0.102473498,0.52349486,0.440944882,0.155688623,0.092307692,0.6
0.433628319,0.308219178,0.27,0.095890411,0.117056856,0.309859155,0.487632509,0.569016153,0.417322835,0.131736527,0.153846154,0.4
0.495575221,0.191780822,0.4,0.109589041,0.093645485,0.563380282,0.169611307,0.54845815,0.503937008,0.317365269,0.323076923,0.6
0.14159292,0.315068493,0,0.047945205,0.088628763,0.098591549,0.042402827,0.479441997,0.645669291,0.305389222,0.153846154,0.4
0.504424779,0.150684932,0.52,0.130136986,0.245819398,0.197183099,0.243816254,0.714390602,0.346456693,0.185628743,0.153846154,0.4
0.336283186,0.171232877,0.53,0.061643836,0.670568562,0.112676056,0.070671378,0.574889868,0.251968504,0.437125749,0.107692308,0.6
0.353982301,0.253424658,0.28,0.068493151,0.163879599,0.267605634,0.459363958,0.52349486,0.149606299,0.97005988,0.230769231,0.6
0.203539823,0.349315068,0.02,0.068493151,0.110367893,0.23943662,0.084805654,0.517621145,0.519685039,0.251497006,0.215384615,0.4
0.327433628,0.328767123,0.25,0.089041096,0.177257525,0.112676056,0.113074205,0.447136564,0.322834646,0.119760479,0.215384615,0.4
0.300884956,0.400684932,0.05,0.068493151,0.10367893,0.098591549,0.045936396,0.450073421,0.472440945,0.371257485,0.323076923,0.6
0.230088496,0.315068493,0.03,0.095890411,0.108695652,0.084507042,0.077738516,0.411894273,0.480314961,0.113772455,0.246153846,0.4
0.451327434,0.136986301,0.54,0.109589041,0.137123746,0.38028169,0.272084806,0.611600587,0.42519685,0.293413174,0.184615385,0.4
0.053097345,0.253424658,0.26,0.095890411,0.130434783,0.309859155,0.240282686,0.383994126,0.763779528,0.173652695,0.584615385,0.6
0.681415929,0.184931507,0.63,0.095890411,0.132107023,0.070422535,0.042402827,0.758443465,0.330708661,0.095808383,0.169230769,0.4
0.212389381,0.212328767,0.3,0.075342466,0.122073579,0.070422535,0.116607774,0.248898678,0.464566929,0.077844311,0.538461538,0.6
0.212389381,0.315068493,0.12,0.068493151,0.132107023,0.464788732,0.416961131,0.406020558,0.551181102,0.089820359,0.323076923,0.4
0.203539823,0.441780822,0.02,0.095890411,0.085284281,0.478873239,0.201413428,0.545521292,0.653543307,0.269461078,0.230769231,0.4
0.300884956,0.123287671,0.63,0.047945205,0.115384615,0.211267606,0.081272085,0.426578561,0.440944882,0.269461078,0.369230769,0.6
0.150442478,0.438356164,0,0.136986301,0.100334448,0.352112676,0.16254417,0.273127753,0.606299213,0.161676647,0.476923077,0.6
0.371681416,0.335616438,0.19,0.212328767,0.137123746,0.408450704,0.222614841,0.572687225,0.377952756,0.101796407,0.246153846,0.6
0.309734513,0.178082192,0.48,0.061643836,0.242474916,0.056338028,0.038869258,0.552863436,0.440944882,0.431137725,0.153846154,0.4
0.380530973,0.342465753,0.18,0.198630137,0.274247492,0.718309859,0.491166078,0.626284875,0.330708661,0.329341317,0.123076923,0.4
0.495575221,0.287671233,0.37,0.993150685,0.337792642,0.76056338,0.314487633,1,0.346456693,0.263473054,0.092307692,0.6
0.203539823,0.294520548,0.15,0.089041096,0.107023411,0.253521127,0.120141343,0.442731278,0.527559055,0.155688623,0.261538462,0.4
0.203539823,0.386986301,0,0.109589041,0.155518395,0.295774648,0.109540636,0.479441997,0.566929134,0.143712575,0.338461538,0.6
0.221238938,0.410958904,0,0.061643836,0.185618729,0.070422535,0.028268551,0.455212922,0.559055118,0.149700599,0.215384615,0.4
0.230088496,0.157534247,0.26,0.061643836,0.118729097,0.450704225,0.243816254,0.494126285,0.519685039,0.149700599,0.169230769,0.6
0.265486726,0.359589041,0.03,0.068493151,0.123745819,0.183098592,0.180212014,0.501468429,0.496062992,0.077844311,0.292307692,0.4
0.194690265,0.54109589,0.06,0.075342466,0.080267559,0.042253521,0.017667845,0.429515419,0.622047244,0.185628743,0.384615385,0.2
0.044247788,0.205479452,0,0.061643836,0.053511706,0.23943662,0.28975265,0.110132159,0.74015748,0.239520958,0.8,0.8
0.132743363,0.321917808,0.01,0.082191781,0.073578595,0.056338028,0.024734982,0.341409692,0.614173228,0.137724551,0.461538462,0.4
0.362831858,0.452054795,0.51,0.054794521,0.673913043,0.154929577,0.212014134,0.452276065,0.204724409,0.502994012,0.123076923,0.4
0.274336283,0.407534247,0.01,0.082191781,0.086956522,0.422535211,0.130742049,0.267254038,0.527559055,0.143712575,0.523076923,0.6
0.274336283,0.342465753,0.04,0.198630137,0.120401338,0.338028169,0.137809187,0.567547724,0.472440945,0.119760479,0.169230769,0.4
0.318584071,0.143835616,0.39,0.109589041,0.10367893,0.394366197,0.148409894,0.382525698,0.456692913,0.329341317,0.615384615,0.8
0.203539823,0.198630137,0.31,0.075342466,0.112040134,0.281690141,0.159010601,0.485315712,0.57480315,0.131736527,0.169230769,0.6
0.274336283,0.095890411,0.26,0.075342466,0.066889632,0.253521127,0.250883392,0.369309838,0.322834646,0.275449102,0.384615385,0.6
0.283185841,0.301369863,0.19,0.082191781,0.115384615,0.197183099,0.349823322,0.450073421,0.464566929,0.125748503,0.169230769,0.4
0.256637168,0.191780822,0.18,0.047945205,0.112040134,0.323943662,0.183745583,0.472099853,0.472440945,0.149700599,0.153846154,0.4
0.398230088,0.191780822,0.5,0.061643836,0.098662207,0.084507042,0.035335689,0.334067548,0.37007874,0.215568862,0.630769231,1
0.345132743,0.150684932,0.4,0.260273973,0.071906355,0.028169014,0.010600707,0.53671072,0.503937008,0.19760479,0.492307692,0.8
0.362831858,0.273972603,0.09,0.109589041,0.132107023,0.267605634,0.151943463,0.552863436,0.472440945,0.317365269,0.338461538,0.8
0.265486726,0.287671233,0.02,0.054794521,0.122073579,0.225352113,0.088339223,0.427312775,0.496062992,0.107784431,0.307692308,0.6
0.212389381,0.386986301,0,0.068493151,0.14548495,0.112676056,0.056537102,0.43979442,0.472440945,0.161676647,0.2,0.4
0.389380531,0.390410959,0,0.102739726,0.127090301,0.253521127,0.113074205,0.655653451,0.480314961,0.161676647,0.138461538,0.4
0.123893805,0.267123288,0,0.082191781,0.086956522,0.549295775,0.169611307,0.361967695,0.62992126,0.359281437,0.353846154,0.6
0.061946903,0.407534247,0.19,0.04109589,0.24916388,0.084507042,0.197879859,0.284875184,0.692913386,0.167664671,0.4,0.4
0.265486726,0.407534247,0,0.082191781,0.093645485,0.408450704,0.102473498,0.386196769,0.582677165,0.191616766,0.461538462,0.6
0.230088496,0.178082192,0.3,0.061643836,0.102006689,0.422535211,0.22614841,0.497797357,0.535433071,0.155688623,0.169230769,0.6
0.477876106,0.095890411,0.54,0.068493151,0.118729097,0.577464789,0.240282686,0.325991189,0.188976378,0.179640719,0.523076923,1
0.132743363,0.315068493,0.23,0.109589041,0.053511706,0.211267606,0.22614841,0.253303965,0.566929134,0.191616766,0.630769231,0.6
0.17699115,0.315068493,0.02,0.075342466,0.08361204,0.507042254,0.166077739,0.269456681,0.480314961,0.25748503,0.492307692,0.8
0.619469027,0.198630137,0.58,0.130136986,0.140468227,0.338028169,0.335689046,0.746696035,0.307086614,0.119760479,0.246153846,0.4
0.168141593,0.280821918,0.06,0.075342466,0.085284281,0.394366197,0.134275618,0.353891336,0.503937008,0.299401198,0.292307692,0.6
0.318584071,0.602739726,0.09,0.095890411,0.088628763,0.084507042,0.109540636,0.497797357,0.456692913,0.131736527,0.092307692,0.6
0.309734513,0.455479452,0.52,0.075342466,0.183946488,0.507042254,0.519434629,0.501468429,0.37007874,0.215568862,0.138461538,0.4
0.292035398,0.171232877,0.23,0.061643836,0.108695652,0.309859155,0.151943463,0.457415565,0.42519685,0.203592814,0.138461538,0.4
0.159292035,0.45890411,0.04,0.089041096,0.081939799,0.14084507,0.038869258,0.426578561,0.622047244,0.191616766,0.307692308,0.6
0.530973451,0.150684932,0.49,0.157534247,0.110367893,0.267605634,0.254416961,0.670337739,0.354330709,0.221556886,0.246153846,0.6
0.17699115,0.335616438,0,0.047945205,0.095317726,0.042253521,0.007067138,0.285609398,0.464566929,0.023952096,0.307692308,0.2
0.185840708,0.431506849,0.01,0.102739726,0.110367893,0.225352113,0.091872792,0.398678414,0.637795276,0.167664671,0.676923077,0.6
0.238938053,0.315068493,0.3,0.102739726,0.10367893,0.197183099,0.173144876,0.494126285,0.566929134,0.155688623,0.276923077,0.4
0.274336283,0.212328767,0.25,0.116438356,0.102006689,0.394366197,0.201413428,0.446402349,0.496062992,0.149700599,0.323076923,0.6
0.300884956,0.726027397,0.21,0.068493151,0.118729097,0.183098592,0.123674912,0.385462555,0.472440945,0.083832335,0.323076923,0.4
0.486725664,0.363013699,0.37,0.287671233,0.163879599,0.14084507,0.208480565,0.919970631,0.456692913,0.185628743,0.307692308,0.6
0.283185841,0.260273973,0.09,0.089041096,0.172240803,0.126760563,0.127208481,0.516152717,0.346456693,0.173652695,0.169230769,0.4
0.194690265,0.246575342,0.08,0.061643836,0.10367893,0.549295775,0.204946996,0.383259912,0.299212598,0.095808383,0.184615385,0.4
0.132743363,0.136986301,0.25,0.095890411,0.098662207,0.309859155,0.183745583,0.459618209,0.535433071,0.383233533,0.338461538,0.4
0.407079646,0.130136986,0.36,0.089041096,0.112040134,0.14084507,0.088339223,0.446402349,0.464566929,0.317365269,0.553846154,0.8
0.185840708,0.232876712,0.24,0.054794521,0.108695652,0.23943662,0.098939929,0.347283407,0.511811024,0.161676647,0.338461538,0.6
0.159292035,0.308219178,0.02,0.061643836,0.091973244,0.042253521,0.017667845,0.508810573,0.566929134,0.209580838,0.169230769,0.4
0.274336283,0.280821918,0.06,0.054794521,0.10367893,0.112676056,0.116607774,0.446402349,0.480314961,0.089820359,0.215384615,0.6
0.477876106,0.321917808,0.31,0.089041096,0.130434783,0.352112676,0.197879859,0.685022026,0.346456693,0.179640719,0.276923077,0.6
0.469026549,0.102739726,0.49,0.280821918,0.117056856,0.112676056,0.038869258,0.350220264,0.354330709,0.113772455,0.630769231,0.8
0.610619469,0.205479452,0.48,0.116438356,0.108695652,0.098591549,0.049469965,0.62041116,0.275590551,0.119760479,0.4,0.4
0.194690265,0.376712329,0.02,0.061643836,0.063545151,0.056338028,0.017667845,0.450073421,0.582677165,0.113772455,0.169230769,0.4
0.327433628,0.369863014,0.15,0.068493151,0.112040134,0.225352113,0.127208481,0.52349486,0.448818898,0.125748503,0.184615385,0.6
0.513274336,0.082191781,0.46,0.061643836,0.105351171,0.070422535,0.053003534,0.552863436,0.401574803,0.413173653,0.369230769,0.8
0.681415929,0.102739726,0.49,0.150684932,0.112040134,0.38028169,0.141342756,0.677679883,0.362204724,0.281437126,0.276923077,0.6
0.424778761,0.212328767,0.24,0.130136986,0.133779264,0.183098592,0.137809187,0.582232012,0.354330709,0.239520958,0.246153846,0.6
0.407079646,0.273972603,1,0.171232877,1,0.436619718,0.222614841,0.699706314,0,1,0.153846154,0.2
0.256637168,0.267123288,0.02,0.054794521,0.120401338,0.169014085,0.088339223,0.389867841,0.488188976,0.125748503,0.323076923,0.6
0.230088496,0.198630137,0.3,0.082191781,0.118729097,0.478873239,0.233215548,0.508810573,0.551181102,0.113772455,0.153846154,0.4
0.292035398,0.630136986,0.05,0.089041096,0.120401338,0.169014085,0.081272085,0.42804699,0.377952756,0.131736527,0.230769231,0.6
0.10619469,0.383561644,0.02,0.061643836,0.12541806,0.281690141,0.310954064,0.317914831,0.62992126,0.113772455,0.246153846,0.4
0.327433628,0.150684932,0.4,0.102739726,0.088628763,0.323943662,0.148409894,0.401615272,0.472440945,0.317365269,0.4,0.6
0.292035398,0.150684932,0.42,0.075342466,0.123745819,0.098591549,0.045936396,0.395741557,0.480314961,0.161676647,0.461538462,0.6
0.345132743,0.219178082,0.5,0.068493151,0.596989967,0.197183099,0.113074205,0.460352423,0.212598425,0.461077844,0.153846154,0.4
0.159292035,0.205479452,0.09,0.095890411,0.070234114,0.464788732,0.204946996,0.526431718,0.527559055,0.209580838,0.307692308,0.6
0.477876106,0.390410959,0.11,0.034246575,0.120401338,0.098591549,0.06360424,0.419236417,0.11023622,0.083832335,0.2,0.4
0.283185841,0.260273973,0.17,0.047945205,0.117056856,0.281690141,0.339222615,0.435389134,0.511811024,0.089820359,0.169230769,0.4
0.690265487,0.157534247,0.49,0.116438356,0.112040134,0.366197183,0.222614841,0.685022026,0.299212598,0.251497006,0.307692308,0.6
0.495575221,0.359589041,0.36,0.061643836,0.068561873,0.056338028,0.028268551,0.5969163,0.338582677,0.053892216,0.246153846,0.6
0.495575221,0.219178082,0.42,0.075342466,0.098662207,0.084507042,0.049469965,0.410425844,0.31496063,0.275449102,0.415384615,0.8
0.513274336,0.273972603,0.45,0.075342466,0.113712375,0.070422535,0.024734982,0.563142438,0.377952756,0.25748503,0.461538462,0.6
0.159292035,0.356164384,0.21,0.061643836,0.115384615,0.183098592,0.088339223,0.500734214,0.669291339,0.19760479,0.215384615,0.4
0.699115044,0.171232877,0.55,0.116438356,0.118729097,0.338028169,0.219081272,0.69236417,0.322834646,0.293413174,0.307692308,0.6
0.672566372,0.246575342,0.54,0.116438356,0.122073579,0.253521127,0.204946996,0.72907489,0.283464567,0.167664671,0.323076923,0.6
0.247787611,0.198630137,0.24,0.061643836,0.090301003,0.23943662,0.144876325,0.406020558,0.496062992,0.173652695,0.307692308,0.4
0.371681416,0.191780822,0.4,0.089041096,0.112040134,0.253521127,0.16254417,0.582232012,0.551181102,0.185628743,0.123076923,0.4
0.362831858,0.198630137,0.41,0.363013699,0.110367893,0.338028169,0.127208481,0.383994126,0.393700787,0.263473054,0.646153846,0.8
0.761061947,0.178082192,0.55,0.123287671,0.115384615,0.056338028,0.035335689,0.773127753,0.188976378,0.125748503,0.153846154,0.4
0.14159292,0.349315068,0.31,0.054794521,0.127090301,0.197183099,0.204946996,0.501468429,0.566929134,0.275449102,0.138461538,0.4
0.230088496,0.150684932,0.21,0.109589041,0.105351171,0.563380282,0.219081272,0.425110132,0.496062992,0.125748503,0.261538462,0.6
0.265486726,1,0,0.082191781,0.2090301,0.056338028,0.010600707,0.344346549,0.598425197,0.041916168,0.384615385,0
0.247787611,0.424657534,0.07,0.054794521,0.123745819,0.197183099,0.148409894,0.363436123,0.299212598,0.089820359,0.246153846,0.4
0.575221239,0.130136986,0.53,0.089041096,0.080267559,0.028169014,0.014134276,0.414831131,0.220472441,0.299401198,0.384615385,0.8
0.619469027,0.243150685,0.4,0.034246575,0.132107023,0.070422535,0.077738516,0.51174743,0.25984252,0.191616766,0.251282051,0.6
0.221238938,0.369863014,0,0.102739726,0.066889632,0.070422535,0.017667845,0.228340675,0.480314961,0.19760479,0.661538462,0.8
0.247787611,0.397260274,0,0.068493151,0.107023411,0.14084507,0.098939929,0.567547724,0.606299213,0.137724551,0.153846154,0.4
0.646017699,0.184931507,0.69,0.130136986,0.138795987,0.225352113,0.102473498,0.685022026,0.283464567,0.167664671,0.369230769,0.6
0.123893805,0.267123288,0,0.082191781,0.086956522,0.549295775,0.169611307,0.361967695,0.62992126,0.359281437,0.353846154,0.6
0.548672566,0.095890411,0.45,0.164383562,0.080267559,0.267605634,0.151943463,0.52349486,0.307086614,0.125748503,0.184615385,0.4
0.274336283,0.328767123,0,0.116438356,0.071906355,0.084507042,0.024734982,0.464023495,0.503937008,0.137724551,0.369230769,0.4
0.274336283,0.448630137,0.42,0.068493151,0.133779264,0.098591549,0.282685512,0.42804699,0.385826772,0.155688623,0.169230769,0.4
0.274336283,0.102739726,0.68,0.178082192,0.578595318,0.056338028,0.014134276,0.52349486,0.401574803,0.449101796,0.230769231,0.8
0.274336283,0.578767123,0.1,0.082191781,0.16722408,0.14084507,0.056537102,0.457415565,0.409448819,0.101796407,0.169230769,0.4
0.654867257,0.178082192,0.56,0.082191781,0.135451505,0.070422535,0.06360424,0.674008811,0.31496063,0.22754491,0.384615385,0.6
0.309734513,0.143835616,0.44,0.04109589,0.050167224,0.070422535,0.021201413,0.392804699,0.480314961,0.167664671,0.353846154,0.4
0.17699115,0.465753425,0.03,0.47260274,0.112040134,0.070422535,0.021201413,0.457415565,0.614173228,0.101796407,0.584615385,0.4
0.477876106,0.178082192,0.38,0.047945205,0.262541806,0.366197183,0.296819788,0.665932452,0.322834646,0.191616766,0.015384615,0.4
0.389380531,0.455479452,0.24,0.054794521,0.110367893,0.126760563,0.053003534,0.502936858,0.433070866,0.203592814,0.246153846,0.4
0.150442478,0.184931507,0.16,0.034246575,0.113712375,0.14084507,0.060070671,0.398678414,0.472440945,0.137724551,0.138461538,0.4
0.424778761,0.321917808,0.14,0.075342466,0.120401338,0.338028169,0.148409894,0.589574156,0.31496063,0.137724551,0.2,0.4
0.318584071,0.267123288,0.24,0.075342466,0.112040134,0.211267606,0.282685512,0.555800294,0.472440945,0.185628743,0.169230769,0.6
0.539823009,0.191780822,0.37,0.068493151,0.115384615,0.225352113,0.081272085,0.489720999,0.299212598,0.191616766,0.430769231,0.6
0.256637168,0.335616438,0.26,0.068493151,0.102006689,0.323943662,0.28975265,0.444199706,0.440944882,0.119760479,0.215384615,0.4
0.681415929,0.260273973,0.49,0.089041096,0.128762542,0.056338028,0.028268551,0.743759178,0.354330709,0.065868263,0.184615385,0.4
0.522123894,0.212328767,0.35,0.164383562,0.133779264,0.323943662,0.22614841,0.580763583,0.37007874,0.215568862,0.323076923,0.6
0.274336283,0.369863014,0.04,0.047945205,0.045150502,0.042253521,0.010600707,0.450073421,0.519685039,0.083832335,0.153846154,0.4
0.194690265,0.342465753,0.08,0.068493151,0.093645485,0.38028169,0.113074205,0.472834068,0.535433071,0.293413174,0.169230769,0.6
0.247787611,0.335616438,0.01,0.075342466,0.10367893,0.169014085,0.113074205,0.544052863,0.582677165,0.191616766,0.215384615,0.4
0.336283186,0.184931507,0.1,0.054794521,0.105351171,0.070422535,0.067137809,0.42143906,0.275590551,0.05988024,0.2,0.6
0.442477876,0.301369863,0.31,0.130136986,0.128762542,0.197183099,0.141342756,0.574889868,0.291338583,0.353293413,0.246153846,0.6
0.327433628,0.109589041,0.48,0.082191781,0.135451505,0.070422535,0.021201413,0.294419971,0.409448819,0.173652695,0.615384615,0.8
0.504424779,0.280821918,0.48,0.109589041,0.085284281,0.070422535,0.067137809,0.714390602,0.299212598,0.155688623,0.138461538,0.6
0.610619469,0.287671233,0.71,0.239726027,0.18729097,0.070422535,0.03180212,0.611600587,0.212598425,0.299401198,0.523076923,0.8
0.088495575,0.260273973,0.09,0.095890411,0.06187291,0.225352113,0.328621908,0.266519824,0.700787402,0.179640719,0.707692308,0.4
0.247787611,0.253424658,0.27,0.082191781,0.098662207,0.183098592,0.067137809,0.279735683,0.480314961,0.179640719,0.553846154,0.6
0.389380531,0.226027397,0.49,0.116438356,0.120401338,0.281690141,0.243816254,0.633627019,0.480314961,0.143712575,0.2,0.4
0.300884956,0.109589041,0.44,0.061643836,0.115384615,0.38028169,0.219081272,0.362701909,0.488188976,0.19760479,0.430769231,0.4
0.415929204,0.253424658,0.36,0.054794521,0.115384615,0.028169014,0.028268551,0.510279001,0.417322835,0.269461078,0.384615385,0.6
0.17699115,0.400684932,0.07,0.047945205,0.107023411,0.070422535,0.03180212,0.450073421,0.551181102,0.149700599,0.353846154,0.4
0.522123894,0.082191781,0.42,0.061643836,0.108695652,0.070422535,0.056537102,0.552863436,0.37007874,0.431137725,0.369230769,0.8
0.433628319,0.506849315,0.26,0.068493151,0.112040134,0.169014085,0.077738516,0.517621145,0.401574803,0.173652695,0.246153846,0.4
0.150442478,0.184931507,0.08,0.054794521,0.090301003,0.028169014,0.049469965,0.39133627,0.472440945,0.149700599,0.153846154,0.4
0.185840708,0.287671233,0.13,0.075342466,0.107023411,0.197183099,0.106007067,0.530837004,0.68503937,0.185628743,0.215384615,0.4
0.212389381,0.260273973,0.14,0.061643836,0.110367893,0.126760563,0.060070671,0.461820852,0.622047244,0.167664671,0.307692308,0.4
0.300884956,0.321917808,0.05,0.075342466,0.128762542,0.154929577,0.091872792,0.534508076,0.488188976,0.167664671,0.246153846,0.4
0.212389381,0.212328767,0.3,0.075342466,0.122073579,0.070422535,0.116607774,0.248898678,0.464566929,0.077844311,0.538461538,0.6
0.592920354,0.164383562,0.66,0.102739726,0.185618729,0.028169014,0.007067138,0.466226138,0.362204724,0.119760479,0.538461538,0.6
0.274336283,0.301369863,0.08,0.109589041,0.170568562,0.183098592,0.141342756,0.516152717,0.393700787,0.19760479,0.184615385,0.6
0.247787611,0.171232877,0.43,0.116438356,0.117056856,0.23943662,0.268551237,0.514684288,0.464566929,0.209580838,0.2,0.6
0.610619469,0.04109589,0.51,0.212328767,0.153846154,0.042253521,0.060070671,0.699706314,0.42519685,0.383233533,0.261538462,0.6
0.469026549,0.321917808,0.07,0.171232877,0.150501672,0.436619718,0.229681979,0.740088106,0.448818898,0.22754491,0.215384615,0.4
0.300884956,0.273972603,0.03,0.054794521,0.096989967,0.126760563,0.102473498,0.417033774,0.472440945,0.143712575,0.246153846,0.4
0.424778761,0.150684932,0.37,0.089041096,0.105351171,0.056338028,0.024734982,0.582232012,0.377952756,0.173652695,0.123076923,0.4
0.292035398,0.054794521,0.35,0.054794521,0.070234114,0.084507042,0.03180212,0.33113069,0.456692913,0.281437126,0.538461538,0.8
0.159292035,0.308219178,0.12,0.095890411,0.180602007,0.338028169,0.106007067,0.375917768,0.57480315,0.22754491,0.446153846,0.8
0.345132743,0.369863014,0.2,0.082191781,0.142140468,0.309859155,0.378091873,0.533039648,0.307086614,0.089820359,0.123076923,0.4
0.610619469,0.123287671,0.6,0.075342466,0.091973244,0.154929577,0.074204947,0.589574156,0.291338583,0.383233533,0.261538462,0.6
0.522123894,0.205479452,0.66,0.140410959,0.173913043,0.154929577,0.081272085,0.508810573,0.393700787,0.251497006,0.507692308,0.8
0.380530973,0.116438356,0.35,0.068493151,0.091973244,0.338028169,0.180212014,0.508810573,0.346456693,0.616766467,0.292307692,0.6
0.221238938,0.212328767,0.42,0.315068493,0.096989967,0.394366197,0.434628975,0.530837004,0.535433071,0.233532934,0.323076923,0.4
0.761061947,0.232876712,0.52,0.089041096,0.098662207,0.154929577,0.102473498,0.773127753,0.283464567,0.137724551,0.092307692,0.6
0.584070796,0.109589041,0.56,0.068493151,0.105351171,0.225352113,0.190812721,0.582232012,0.330708661,0.149700599,0.215384615,0.6
0.353982301,0.205479452,0.39,0.061643836,0.093645485,0.070422535,0.021201413,0.373715125,0.480314961,0.215568862,0.507692308,1
0.230088496,0.342465753,0.06,0.109589041,0.110367893,0.225352113,0.275618375,0.542584435,0.606299213,0.119760479,0.2,0.4
0.610619469,0.04109589,0.51,0.212328767,0.153846154,0.042253521,0.060070671,0.699706314,0.42519685,0.383233533,0.261538462,0.6
0.256637168,0.386986301,0.07,0.109589041,0.076923077,0.056338028,0.010600707,0.458883994,0.503937008,0.131736527,0.384615385,0.2
0.407079646,0.301369863,0.18,0.047945205,0.110367893,0.126760563,0.053003534,0.417767988,0.322834646,0.095808383,0.230769231,0.4
0.17699115,0.219178082,0.15,0.082191781,0.107023411,0.295774648,0.166077739,0.413362702,0.456692913,0.173652695,0.138461538,0.4
0.486725664,0.102739726,0.54,0.095890411,0.088628763,0.084507042,0.070671378,0.384728341,0.338582677,0.119760479,0.630769231,0.6
0.212389381,0.321917808,0,0.054794521,0.066889632,0.028169014,0.007067138,0.435389134,0.527559055,0.083832335,0.292307692,0.4
0.097345133,0.691780822,0.09,0.04109589,0.267558528,0.084507042,0.045936396,0.288546256,0.598425197,0.089820359,0.215384615,0.2
0.230088496,0.150684932,0.24,0.075342466,0.098662207,0.408450704,0.16254417,0.417767988,0.551181102,0.149700599,0.261538462,0.4
0.380530973,0.335616438,0.49,0.075342466,0.431438127,0.309859155,0.367491166,0.52349486,0.299212598,0.413173653,0.138461538,0.4
0.371681416,0.335616438,0.14,0.102739726,0.091973244,0.126760563,0.127208481,0.501468429,0.354330709,0.155688623,0.169230769,0.4
0.238938053,0.369863014,0,0.075342466,0.120401338,0.070422535,0.060070671,0.604258443,0.68503937,0.377245509,0.230769231,0.6
0.548672566,0.226027397,0.33,0.109589041,0.14548495,0.267605634,0.113074205,0.595447871,0.393700787,0.22754491,0.369230769,0.4
0.407079646,0.315068493,0.2,0.143835616,0.115384615,0.197183099,0.385159011,0.582232012,0.385826772,0.155688623,0.169230769,0.4
0.973451327,0.386986301,0.76,0.191780822,0.147157191,0.070422535,0.130742049,0.964023495,0.165354331,0.209580838,0.430769231,0.8
0.415929204,0.366438356,0.26,0.075342466,0.140468227,0.056338028,0.102473498,0.53671072,0.401574803,0.053892216,0.184615385,0.4
0.371681416,0.571917808,0.05,0.061643836,0.105351171,0.056338028,0.045936396,0.447136564,0.440944882,0.065868263,0.184615385,0.2
0.247787611,0.294520548,0.19,0.061643836,0.117056856,0.197183099,0.098939929,0.475770925,0.590551181,0.209580838,0.323076923,0.4
0.221238938,0.321917808,0.01,0.109589041,0.108695652,0.267605634,0.279151943,0.542584435,0.637795276,0.155688623,0.215384615,0.4
0.451327434,0.369863014,0.34,0.116438356,0.137123746,0.154929577,0.28975265,0.579295154,0.409448819,0.19760479,0.261538462,0.4
0.486725664,0.212328767,0.4,0.116438356,0.133779264,0.169014085,0.16254417,0.607195301,0.377952756,0.185628743,0.246153846,0.8
0.451327434,0.390410959,0.32,0.109589041,0.127090301,0.295774648,0.300353357,0.574889868,0.433070866,0.173652695,0.261538462,0.4
0.362831858,0.287671233,0.26,0.109589041,0.142140468,0.084507042,0.088339223,0.552863436,0.417322835,0.161676647,0.138461538,0.6
0.283185841,0.328767123,0.26,0.075342466,0.113712375,0.422535211,0.441696113,0.45154185,0.37007874,0.113772455,0.230769231,0.4
0.318584071,0.424657534,0.09,0.075342466,0.091973244,0.056338028,0.014134276,0.301762115,0.42519685,0.143712575,0.523076923,0.6
0.584070796,0.191780822,0.5,0.075342466,0.14548495,0.253521127,0.155477032,0.569750367,0.283464567,0.149700599,0.307692308,0.4
0.03539823,0.191780822,0.5,0.232876712,0.056856187,0.394366197,0.261484099,0.009544787,0.590551181,0.19760479,0.8,0.6
0.380530973,0.157534247,0.4,0.184931507,0.163879599,0.154929577,0.06360424,0.3979442,0.385826772,0.221556886,0.553846154,0.8
0.238938053,0.143835616,0.47,0.082191781,0.108695652,0.056338028,0.017667845,0.420704846,0.464566929,0.119760479,0.292307692,0.6
0.212389381,0.328767123,0.3,0.246575342,0.093645485,0.267605634,0.367491166,0.665932452,0.440944882,0.502994012,0.276923077,0.4
0.088495575,0.260273973,0.09,0.095890411,0.06187291,0.225352113,0.328621908,0.266519824,0.700787402,0.179640719,0.707692308,0.4
0.380530973,0.321917808,0.39,0.095890411,0.138795987,0.056338028,0.056537102,0.626284875,0.496062992,0.149700599,0.292307692,0.4
0.539823009,0.212328767,0.39,0.089041096,0.157190635,0.098591549,0.091872792,0.626284875,0.118110236,0.101796407,0.184615385,0.4
0.513274336,0.356164384,0.24,0.130136986,0.155518395,0.394366197,0.166077739,0.714390602,0.393700787,0.203592814,0.230769231,0.4
0.292035398,0.267123288,0.25,0.136986301,0.108695652,0.281690141,0.137809187,0.538179148,0.590551181,0.377245509,0.569230769,0.6
0.336283186,0.301369863,0.08,0.082191781,0.155518395,0.211267606,0.134275618,0.420704846,0.307086614,0.113772455,0.4,0.4
0.610619469,0.321917808,0.59,0.116438356,0.12541806,0.169014085,0.151943463,0.640969163,0.346456693,0.191616766,0.4,0.6
0.265486726,0.253424658,0.26,0.047945205,0.37458194,0.126760563,0.28975265,0.494126285,0.291338583,0.281437126,0.138461538,0.4
0.584070796,0.260273973,0.74,0.29109589,0.147157191,0.056338028,0.038869258,0.699706314,0.377952756,0.173652695,0.430769231,0.4
0.442477876,0.328767123,0.5,0.095890411,0.112040134,0.38028169,0.229681979,0.707048458,0.598425197,0.143712575,0.2,0.4
0.433628319,0.294520548,0.66,0.095890411,0.627090301,0.154929577,0.109540636,0.5969163,0.338582677,0.203592814,0.184615385,0.4
0.10619469,0.335616438,0.11,0.061643836,0.090301003,0.23943662,0.077738516,0.34948605,0.637795276,0.19760479,0.384615385,0.6
0.601769912,0.095890411,0.44,0.184931507,0.098662207,0.070422535,0.045936396,0.626284875,0.299212598,0.293413174,0.138461538,0.6
0.681415929,0.184931507,0.63,0.095890411,0.132107023,0.070422535,0.042402827,0.758443465,0.330708661,0.095808383,0.169230769,0.4
0.150442478,0.589041096,0.01,0.075342466,0.075250836,0.197183099,0.09540636,0.353157122,0.677165354,0.077844311,0.430769231,0.6
0.221238938,0.493150685,0.02,0.239726027,0.140468227,0.056338028,0.024734982,0.508810573,0.527559055,0.143712575,0.4,0.2
0.274336283,0.267123288,0.28,0.082191781,0.12541806,0.309859155,0.169611307,0.582232012,0.535433071,0.245508982,0.123076923,0.4
0.469026549,0.287671233,0.45,0.095890411,0.098662207,0.211267606,0.120141343,0.662995595,0.511811024,0.173652695,0.153846154,0.4
0.371681416,0.335616438,0.19,0.212328767,0.137123746,0.408450704,0.222614841,0.572687225,0.377952756,0.101796407,0.246153846,0.6
0.398230088,0.123287671,0.34,0.075342466,0.086956522,0.154929577,0.067137809,0.373715125,0.409448819,0.305389222,0.507692308,0.8
0.221238938,0.164383562,0.3,0.047945205,0.113712375,0.478873239,0.22614841,0.503671072,0.551181102,0.101796407,0.153846154,0.4
0.292035398,0.047945205,0.42,0.047945205,0.075250836,0.23943662,0.084805654,0.288546256,0.433070866,0.215568862,0.430769231,0.6
0.300884956,0.376712329,0.3,0.075342466,0.080267559,0.521126761,0.197879859,0.420704846,0.409448819,0.137724551,0.276923077,0.6
0.584070796,0.376712329,0.55,0.095890411,0.120401338,0.070422535,0.024734982,0.72907489,0.338582677,0.22754491,0.169230769,0.6
0.247787611,0.294520548,0.19,0.061643836,0.117056856,0.197183099,0.098939929,0.475770925,0.590551181,0.209580838,0.323076923,0.4
0.300884956,0.273972603,0.25,0.075342466,0.110367893,0.253521127,0.187279152,0.444199706,0.440944882,0.089820359,0.276923077,0.4
0.044247788,0.318493151,0,0.054794521,0.053511706,0.183098592,0.282685512,0.188693098,0.645669291,0.365269461,0.692307692,0.8
0.265486726,0.212328767,0.29,0.082191781,0.105351171,0.253521127,0.212014134,0.522026432,0.519685039,0.185628743,0.169230769,0.4
0.159292035,0.462328767,0,0.089041096,0.088628763,0.38028169,0.16254417,0.272393539,0.590551181,0.113772455,0.492307692,0.4
0.477876106,0.157534247,0.47,0.075342466,0.081939799,0.070422535,0.017667845,0.424375918,0.385826772,0.113772455,0.553846154,0.6
0.398230088,0.116438356,0.33,0.078767123,0.085284281,0.169014085,0.074204947,0.373715125,0.409448819,0.305389222,0.507692308,0.8
0.318584071,0.308219178,0.26,0.089041096,0.080267559,0.38028169,0.208480565,0.42804699,0.440944882,0.05988024,0.261538462,0.4
0.221238938,0.301369863,0.14,0.047945205,0.110367893,0.084507042,0.042402827,0.429515419,0.417322835,0.173652695,0.138461538,0.4
0.380530973,0.304794521,0.34,0.143835616,0.135451505,0.211267606,0.374558304,0.714390602,0.503937008,0.167664671,0.169230769,0.4
0.318584071,0.082191781,0.34,0.287671233,0.08361204,0.098591549,0.056537102,0.538179148,0.377952756,0.365269461,0.384615385,0.6
0.318584071,0.219178082,0.24,0.095890411,0.085284281,0.126760563,0.077738516,0.444933921,0.401574803,0.119760479,0.276923077,0.6
0.513274336,0.294520548,0.23,0.123287671,0.132107023,0.23943662,0.148409894,0.685022026,0.377952756,0.185628743,0.292307692,0.6
0.238938053,0.246575342,0.32,0.082191781,0.08361204,0.422535211,0.169611307,0.529368576,0.440944882,0.191616766,0.246153846,0.8
0.212389381,0.342465753,0.1,0.034246575,0.098662207,0.366197183,0.201413428,0.435389134,0.42519685,0.167664671,0.123076923,0.4
0.283185841,0.356164384,0.1,0.349315068,0.172240803,0.056338028,0.017667845,0.611600587,0.496062992,0.215568862,0.261538462,0.8
0.265486726,0.452054795,0,0.054794521,0.107023411,0.450704225,0.137809187,0.444199706,0.448818898,0.173652695,0.353846154,0.6
0.513274336,0.150684932,0.58,0.191780822,0.27090301,0.070422535,0.035335689,0.508810573,0.354330709,0.221556886,0.446153846,0.6
0.389380531,0.455479452,0.24,0.054794521,0.110367893,0.126760563,0.053003534,0.502936858,0.433070866,0.203592814,0.246153846,0.4
0.221238938,0.212328767,0.42,0.315068493,0.098662207,0.38028169,0.431095406,0.530837004,0.535433071,0.22754491,0.323076923,0.4
0.212389381,0.164383562,0.21,0.095890411,0.123745819,0.267605634,0.208480565,0.404552129,0.519685039,0.125748503,0.261538462,0.6
0.256637168,0.328767123,0.03,0.061643836,0.138795987,0.338028169,0.328621908,0.361967695,0.480314961,0.125748503,0.261538462,0.4
0.318584071,0.205479452,0.49,0.116438356,0.120401338,0.436619718,0.173144876,0.640969163,0.472440945,0.251497006,0.046153846,0.6
0.646017699,0.184931507,0.69,0.130136986,0.138795987,0.225352113,0.102473498,0.685022026,0.283464567,0.167664671,0.369230769,0.6
0.805309735,0.202054795,0.68,0.136986301,0.122073579,0.225352113,0.130742049,0.831864905,0.251968504,0.281437126,0.246153846,0.6
0.230088496,0.143835616,0.33,0.054794521,0.081939799,0.028169014,0.024734982,0.435389134,0.385826772,0.461077844,0.246153846,1
0.353982301,0.143835616,0.4,0.116438356,0.118729097,0.211267606,0.219081272,0.569016153,0.440944882,0.089820359,0.153846154,0.4
0.265486726,0.294520548,0.21,0.089041096,0.098662207,0.084507042,0.077738516,0.464757709,0.42519685,0.131736527,0.2,0.4
0.389380531,0.178082192,0.41,0.102739726,0.152173913,0.070422535,0.014134276,0.438325991,0.307086614,0.149700599,0.538461538,0.8
0.389380531,0.315068493,0.25,0.130136986,0.105351171,0.112676056,0.346289753,0.56681351,0.385826772,0.143712575,0.2,0.4
0.17699115,0.493150685,0.03,0.095890411,0.078595318,0.436619718,0.148409894,0.376651982,0.614173228,0.137724551,0.6,0.8
0.061946903,0.239726027,0.11,0.089041096,0.060200669,0.211267606,0.293286219,0.128487518,0.62992126,0.329341317,0.794871795,0.8
0.247787611,0.280821918,0.26,0.075342466,0.148829431,0.211267606,0.233215548,0.413362702,0.322834646,0.143712575,0.153846154,0.4
0.336283186,0.407534247,0.2,0.102739726,0.107023411,0.126760563,0.113074205,0.534508076,0.448818898,0.185628743,0.153846154,0.4
0.336283186,0.352739726,0.36,0.075342466,0.128762542,0.197183099,0.173144876,0.54185022,0.448818898,0.143712575,0.307692308,0.2
0.300884956,0.246575342,0.34,0.089041096,0.102006689,0.211267606,0.067137809,0.25917768,0.42519685,0.19760479,0.615384615,0.6
0.283185841,0.349315068,0.48,0.054794521,0.147157191,0.183098592,0.318021201,0.442731278,0.354330709,0.173652695,0.169230769,0.4
0.230088496,0.349315068,0,0.068493151,0.142140468,0.183098592,0.113074205,0.490455213,0.496062992,0.149700599,0.092307692,0.6
0.318584071,0.109589041,0.6,0.143835616,0.153846154,0.126760563,0.056537102,0.602790015,0.511811024,0.209580838,0.338461538,0.4
0.212389381,0.428082192,0.12,0.061643836,0.170568562,0.197183099,0.204946996,0.426578561,0.377952756,0.155688623,0.169230769,0.6
0.194690265,0.383561644,0.09,0.205479452,0.093645485,0.197183099,0.081272085,0.37958884,0.527559055,0.113772455,0.415384615,0.2
0.619469027,0.219178082,0.64,0.082191781,0.078595318,0.056338028,0.03180212,0.582232012,0.37007874,0.203592814,0.276923077,0.6
0.132743363,0.280821918,0.08,0.068493151,0.108695652,0.323943662,0.137809187,0.382525698,0.677165354,0.209580838,0.292307692,0.6
0.477876106,0.301369863,0.24,0.089041096,0.112040134,0.253521127,0.183745583,0.662995595,0.346456693,0.137724551,0.261538462,0.6
0.530973451,0.246575342,0.64,0.089041096,0.165551839,0.070422535,0.049469965,0.508810573,0.409448819,0.19760479,0.507692308,0.6
0.168141593,0.523972603,0,0.095890411,0.257525084,0.070422535,0.021201413,0.399412628,0.645669291,0.107784431,0.369230769,0.4
0.088495575,0.287671233,0.04,0.054794521,0.06187291,0.056338028,0.024734982,0.303230543,0.771653543,0.149700599,0.461538462,0.4
0.327433628,0.205479452,0.38,0.109589041,0.137123746,0.323943662,0.190812721,0.574889868,0.448818898,0.221556886,0.369230769,0.6
0.238938053,0.184931507,0.31,0.102739726,0.10367893,0.112676056,0.141342756,0.450073421,0.527559055,0.125748503,0.153846154,0.6
0.610619469,0.133561644,0.54,0.082191781,0.120401338,0.056338028,0.03180212,0.633627019,0.188976378,0.221556886,0.123076923,0.6
0.318584071,0.109589041,0.6,0.143835616,0.153846154,0.126760563,0.056537102,0.602790015,0.511811024,0.209580838,0.338461538,0.4
0.203539823,0.493150685,0.21,0.219178082,0.10367893,0.211267606,0.208480565,0.613069016,0.622047244,0.233532934,0.128205128,0.6
0.212389381,0.260273973,0.25,0.075342466,0.096989967,0.028169014,0.056537102,0.457415565,0.401574803,0.179640719,0.123076923,0.4
0.327433628,0.095890411,0.42,0.075342466,0.113712375,0.14084507,0.074204947,0.538179148,0.37007874,0.281437126,0.153846154,0.6
0.415929204,0.246575342,0.29,0.082191781,0.192307692,0.070422535,0.035335689,0.494126285,0.377952756,0.233532934,0.430769231,0.4
0.230088496,0.366438356,0.03,0.061643836,0.110367893,0.084507042,0.021201413,0.425844347,0.472440945,0.035928144,0.169230769,0.4
0.318584071,0.109589041,0.4,0.102739726,0.066889632,0.042253521,0.014134276,0.256240822,0.464566929,0.221556886,0.676923077,0.8
0.265486726,0.421232877,0.02,0.109589041,0.098662207,0.126760563,0.028268551,0.389867841,0.606299213,0.22754491,0.507692308,0.8
0.283185841,0.301369863,0.19,0.075342466,0.115384615,0.225352113,0.360424028,0.450073421,0.456692913,0.125748503,0.169230769,0.4
0.17699115,0.503424658,0.02,0.102739726,0.08361204,0.197183099,0.060070671,0.455212922,0.62992126,0.161676647,0.4,0.6
0.513274336,0.095890411,0.48,0.068493151,0.090301003,0.070422535,0.014134276,0.526431718,0.464566929,0.323353293,0.384615385,0.6
0.265486726,0.212328767,0.4,0.123287671,0.117056856,0.070422535,0.017667845,0.389867841,0.551181102,0.125748503,0.584615385,0.6
0.300884956,0.428082192,0.56,0.075342466,0.177257525,0.408450704,0.45229682,0.494126285,0.393700787,0.19760479,0.153846154,0.4
0.433628319,0.421232877,0.1,0.082191781,0.112040134,0.070422535,0.088339223,0.626284875,0.385826772,0.137724551,0.261538462,0.6
0.433628319,0.232876712,0.24,0.123287671,0.133779264,0.183098592,0.134275618,0.582232012,0.299212598,0.245508982,0.246153846,0.6
0.292035398,0.116438356,0.49,0.089041096,0.140468227,0.281690141,0.187279152,0.519089574,0.448818898,0.203592814,0.261538462,0.6
0.221238938,0.321917808,0.01,0.095890411,0.113712375,0.366197183,0.130742049,0.398678414,0.535433071,0.149700599,0.353846154,0.6
0.265486726,0.568493151,0.03,0.075342466,0.130434783,0.084507042,0.049469965,0.42804699,0.362204724,0.137724551,0.184615385,0.4
0.530973451,0.164383562,0.57,0.095890411,0.12541806,0.070422535,0.049469965,0.491189427,0.31496063,0.233532934,0.415384615,0.8
0.495575221,0.143835616,0.46,0.068493151,0.115384615,0.070422535,0.010600707,0.455947137,0.283464567,0.089820359,0.307692308,0.6
0.318584071,0.523972603,0.2,0.034246575,0.123745819,0.084507042,0.088339223,0.332599119,0.291338583,0.077844311,0.246153846,0.4
0.221238938,0.431506849,0.01,0.089041096,0.078595318,0.14084507,0.042402827,0.172540382,0.511811024,0.041916168,0.676923077,0.6
0.477876106,0.205479452,0.5,0.171232877,0.158862876,0.084507042,0.053003534,0.574889868,0.409448819,0.359281437,0.523076923,0.6
0.398230088,0.150684932,0.42,0.061643836,0.076923077,0.112676056,0.042402827,0.28267254,0.346456693,0.131736527,0.461538462,0.4
0.265486726,0.383561644,0.02,0.02739726,0.100334448,0.112676056,0.049469965,0.472099853,0.338582677,0.449101796,0.123076923,0.2
0.309734513,0.116438356,0.36,0.089041096,0.060200669,0.478873239,0.166077739,0.361967695,0.417322835,0.407185629,0.615384615,0.8
0.212389381,0.287671233,0,0.082191781,0.112040134,0.535211268,0.173144876,0.406020558,0.511811024,0.305389222,0.461538462,0.6
0.247787611,0.455479452,0.19,0.294520548,0.137123746,0.253521127,0.325088339,0.51835536,0.330708661,0.113772455,0.179487179,0.6
0.283185841,0.212328767,0.32,0.130136986,0.113712375,0.394366197,0.183745583,0.538179148,0.448818898,0.185628743,0.292307692,0.4
0.194690265,0.349315068,0.12,0.198630137,0.14548495,0.211267606,0.424028269,0.501468429,0.42519685,0.167664671,0.169230769,0.4
0.194690265,0.47260274,0.05,0.075342466,0.096989967,0.070422535,0.028268551,0.407488987,0.606299213,0.19760479,0.369230769,0.6
0.522123894,0.082191781,0.47,0.082191781,0.090301003,0.070422535,0.06360424,0.567547724,0.322834646,0.341317365,0.4,0.8
0.283185841,0.280821918,0.04,0.054794521,0.107023411,0.225352113,0.088339223,0.464757709,0.464566929,0.137724551,0.246153846,0.6
0.212389381,0.386986301,0,0.068493151,0.091973244,0.549295775,0.201413428,0.574889868,0.677165354,0.28742515,0.230769231,0.4
0.300884956,0.445205479,0.32,0.082191781,0.112040134,0.211267606,0.240282686,0.47650514,0.417322835,0.101796407,0.215384615,0.6
0.265486726,0.287671233,0.13,0.109589041,0.142140468,0.323943662,0.212014134,0.571218796,0.511811024,0.167664671,0.153846154,0.4
0.159292035,0.178082192,0.14,0.089041096,0.043478261,0.197183099,0.067137809,0.372246696,0.551181102,0.191616766,0.415384615,0.6
0.212389381,0.253424658,0.49,0.321917808,0.080267559,0.352112676,0.406360424,0.538179148,0.472440945,0.25748503,0.323076923,0.4
0.123893805,0.260273973,0,0.034246575,0.075250836,0.197183099,0.070671378,0.323788546,0.488188976,0.071856287,0.169230769,0.4
0.14159292,0.328767123,0.08,0.075342466,0.130434783,0.436619718,0.134275618,0.354625551,0.559055118,0.149700599,0.323076923,0.4
0.769911504,0.116438356,0.75,0.130136986,0.120401338,0.309859155,0.130742049,0.626284875,0.236220472,0.209580838,0.461538462,0.8
0.469026549,0.280821918,0.57,0.102739726,0.135451505,0.408450704,0.16254417,0.516152717,0.354330709,0.25748503,0.492307692,0.8
0.309734513,0.417808219,0,0.109589041,0.115384615,0.154929577,0.06360424,0.580763583,0.503937008,0.077844311,0.184615385,0.2
0.238938053,0.489726027,0.03,0.082191781,0.133779264,0.126760563,0.045936396,0.479441997,0.511811024,0.083832335,0.184615385,0.4
0.309734513,0.482876712,0.24,0.082191781,0.120401338,0.056338028,0.024734982,0.52349486,0.496062992,0.263473054,0.353846154,0.6
0.300884956,0.143835616,0.53,0.109589041,0.132107023,0.23943662,0.261484099,0.552863436,0.496062992,0.281437126,0.184615385,0.6
0.194690265,0.335616438,0.2,0.061643836,0.108695652,0.14084507,0.208480565,0.516152717,0.62992126,0.149700599,0.138461538,0.4
0.619469027,0.198630137,0.54,0.04109589,0.138795987,0.295774648,0.123674912,0.534508076,0.220472441,0.25748503,0.230769231,0.8
0.238938053,0.318493151,0.18,0.102739726,0.110367893,0.197183099,0.190812721,0.46328928,0.448818898,0.125748503,0.215384615,0.4
0.238938053,0.376712329,0.05,0.184931507,0.158862876,0.070422535,0.049469965,0.52349486,0.519685039,0.179640719,0.261538462,0.4
0.309734513,0.301369863,0.28,0.054794521,0.595317726,0.211267606,0.176678445,0.494126285,0.291338583,0.568862275,0.138461538,0.4
0.513274336,0.198630137,0.55,0.157534247,0.107023411,0.295774648,0.169611307,0.699706314,0.322834646,0.335329341,0.230769231,0.6
0.690265487,0.191780822,0.51,0.075342466,0.078595318,0.070422535,0.06360424,0.685022026,0.236220472,0.161676647,0.138461538,0.6
0.433628319,0.232876712,0.49,0.369863014,0.086956522,0.056338028,0.038869258,0.640969163,0.37007874,0.239520958,0.4,0.6
0.477876106,0.136986301,0.59,0.089041096,0.108695652,0.028169014,0.03180212,0.685022026,0.362204724,0.269461078,0.184615385,0.4
0.380530973,0.325342466,0.41,0.479452055,0.123745819,0.408450704,0.363957597,0.714390602,0.417322835,0.143712575,0.138461538,0.4
0.274336283,0.315068493,0.1,0.061643836,0.150501672,0.38028169,0.363957597,0.40969163,0.267716535,0.095808383,0.215384615,0.6
0.743362832,0.239726027,0.49,0.232876712,0.122073579,0.070422535,0.144876325,0.883259912,0.440944882,0.209580838,0.661538462,0.6
0.265486726,0.294520548,0.21,0.089041096,0.098662207,0.084507042,0.077738516,0.464757709,0.42519685,0.131736527,0.2,0.4
0.221238938,0.434931507,0.15,0.061643836,0.158862876,0.267605634,0.275618375,0.430249633,0.354330709,0.101796407,0.169230769,0.4
0.283185841,0.301369863,0.19,0.061643836,0.153846154,0.154929577,0.144876325,0.464757709,0.354330709,0.359281437,0.169230769,0.4
0.115044248,0.047945205,0.21,0.054794521,0.055183946,0.788732394,0.455830389,0.245227606,0.456692913,0.065868263,0.169230769,0.4
0.230088496,0.178082192,0.31,0.075342466,0.073578595,0.197183099,0.081272085,0.341409692,0.385826772,0.25748503,0.446153846,1
0.03539823,0.630136986,0.24,0.047945205,0.063545151,0.436619718,0.318021201,0.244493392,0.787401575,0.173652695,0.476923077,0.4
0.398230088,0.462328767,0,0.116438356,0.140468227,0.14084507,0.070671378,0.685022026,0.480314961,0.299401198,0.153846154,0.6
0.353982301,0.171232877,0.65,0.376712329,0.113712375,0.028169014,0.007067138,0.594713656,0.417322835,0.149700599,0.4,0.4
0.132743363,0.136986301,0.25,0.061643836,0.123745819,0.056338028,0.091872792,0.335535977,0.488188976,0.065868263,0.261538462,0.4
0.690265487,0.205479452,0.49,0.253424658,0.102006689,0.253521127,0.130742049,0.567547724,0.220472441,0.167664671,0.169230769,0.4
0.336283186,0.428082192,0.11,0.068493151,0.130434783,0.211267606,0.201413428,0.472099853,0.354330709,0.293413174,0.184615385,0.4
0.575221239,0.226027397,0.73,0.157534247,0.090301003,0.070422535,0.056537102,0.626284875,0.338582677,0.19760479,0.430769231,0.6
0.159292035,0.130136986,0.09,0.034246575,0.090301003,0.197183099,0.077738516,0.331864905,0.535433071,0.221556886,0.246153846,0.8
0.194690265,0.445205479,0,0.061643836,0.090301003,0.464788732,0.16254417,0.552863436,0.692913386,0.209580838,0.230769231,0.4
0.451327434,0.294520548,0.17,0.136986301,0.12541806,0.267605634,0.166077739,0.758443465,0.31496063,0.167664671,0.153846154,0.4
0.469026549,0.157534247,0.41,0.095890411,0.118729097,0.14084507,0.19434629,0.5969163,0.37007874,0.101796407,0.169230769,0.4
0.212389381,0.390410959,0,0.068493151,0.170568562,0.028169014,0.014134276,0.461820852,0.480314961,0.161676647,0.2,0.6
0.256637168,0.267123288,0.02,0.054794521,0.120401338,0.169014085,0.088339223,0.389867841,0.488188976,0.125748503,0.323076923,0.6
0.212389381,0.226027397,0.34,0.123287671,0.117056856,0.211267606,0.233215548,0.582232012,0.637795276,0.161676647,0.169230769,0.4
0.256637168,0.260273973,0.36,0.356164384,0.098662207,0.225352113,0.339222615,0.567547724,0.480314961,0.281437126,0.323076923,0.4
0.238938053,0.363013699,0,0.020547945,0.088628763,0.197183099,0.053003534,0.332599119,0.511811024,0.083832335,0.246153846,0.8
0.292035398,0.308219178,0.31,0.075342466,0.112040134,0.126760563,0.25795053,0.491923642,0.433070866,0.215568862,0.169230769,0.6
0.415929204,0.164383562,0.39,0.04109589,0.113712375,0.563380282,0.173144876,0.473568282,0.57480315,0.239520958,0.384615385,0.6
0.194690265,0.164383562,0.32,0.061643836,0.091973244,0.042253521,0.007067138,0.200440529,0.488188976,0.131736527,0.676923077,0.8
0.274336283,0.308219178,0.21,0.04109589,0.095317726,0.042253521,0.010600707,0.33113069,0.330708661,0.125748503,0.215384615,0.6
0.203539823,0.164383562,0.25,0.102739726,0.143812709,0.056338028,0.035335689,0.464757709,0.527559055,0.161676647,0.261538462,0.6
0.495575221,0.376712329,0.39,0.068493151,0.070234114,0.070422535,0.038869258,0.552863436,0.338582677,0.083832335,0.246153846,0.4
0.283185841,0.308219178,0.09,0.095890411,0.088628763,0.464788732,0.137809187,0.3010279,0.566929134,0.245508982,0.661538462,1
0.513274336,0.143835616,0.63,0.130136986,0.120401338,0.056338028,0.056537102,0.714390602,0.409448819,0.245508982,0.430769231,0.8
0.238938053,0.167808219,0.49,0.109589041,0.127090301,0.535211268,0.35335689,0.479441997,0.488188976,0.269461078,0.4,0.4
0.522123894,0.095890411,0.47,0.068493151,0.110367893,0.070422535,0.06360424,0.552863436,0.346456693,0.425149701,0.384615385,0.8
0.309734513,0.452054795,0.23,0.116438356,0.078595318,0.056338028,0.03180212,0.508810573,0.496062992,0.137724551,0.446153846,0.4
0.212389381,0.356164384,0.02,0.082191781,0.091973244,0.112676056,0.060070671,0.508810573,0.57480315,0.203592814,0.153846154,0.6
0.389380531,0.479452055,0.14,0.116438356,0.128762542,0.112676056,0.060070671,0.611600587,0.511811024,0.179640719,0.215384615,0.4
0.327433628,0.438356164,0.29,0.226027397,0.105351171,0.154929577,0.035335689,0.472099853,0.559055118,0.209580838,0.476923077,0.6
0.194690265,0.308219178,0,0.109589041,0.100334448,0.436619718,0.204946996,0.355359765,0.543307087,0.137724551,0.430769231,0.6
0.424778761,0.123287671,0.56,0.130136986,0.113712375,0.070422535,0.038869258,0.464757709,0.322834646,0.353293413,0.507692308,1
0.336283186,0.171232877,0.43,0.095890411,0.085284281,0.154929577,0.045936396,0.398678414,0.338582677,0.28742515,0.430769231,0.8
0.353982301,0.253424658,0.29,0.075342466,0.163879599,0.253521127,0.448763251,0.52349486,0.149606299,0.988023952,0.215384615,0.4
0.362831858,0.205479452,0.45,0.102739726,0.100334448,0.436619718,0.187279152,0.447870778,0.464566929,0.263473054,0.553846154,0.6
0.539823009,0.376712329,0.22,0.123287671,0.158862876,0.225352113,0.098939929,0.758443465,0.42519685,0.389221557,0.230769231,0.6
0.230088496,0.280821918,0.13,0.075342466,0.076923077,0.23943662,0.056537102,0.415565345,0.37007874,0.209580838,0.230769231,0.6
0.336283186,0.428082192,0.11,0.068493151,0.130434783,0.211267606,0.201413428,0.472099853,0.354330709,0.293413174,0.184615385,0.4
0.230088496,0.280821918,0.14,0.082191781,0.086956522,0.197183099,0.081272085,0.232011747,0.480314961,0.167664671,0.569230769,0.6
0.203539823,0.191780822,0.24,0.109589041,0.118729097,0.408450704,0.137809187,0.42804699,0.409448819,0.149700599,0.246153846,0.4
0.424778761,0.386986301,0.11,0.123287671,0.108695652,0.070422535,0.088339223,0.611600587,0.354330709,0.221556886,0.261538462,0.6
0.407079646,0.198630137,0.5,0.109589041,0.071906355,0.154929577,0.067137809,0.376651982,0.472440945,0.275449102,0.753846154,0.8
0.716814159,0.321917808,0.45,0.095890411,0.117056856,0.14084507,0.056537102,0.72907489,0.204724409,0.221556886,0.138461538,0.6
0.318584071,0.301369863,0.23,0.171232877,0.110367893,0.183098592,0.346289753,0.552863436,0.42519685,0.173652695,0.153846154,0.4
0.274336283,0.376712329,0.23,0.082191781,0.127090301,0.225352113,0.318021201,0.450073421,0.456692913,0.089820359,0.169230769,0.4
0.601769912,0.164383562,0.69,0.082191781,0.130434783,0.070422535,0.053003534,0.72907489,0.338582677,0.173652695,0.123076923,0.6
0.460176991,0.260273973,0.49,0.116438356,0.397993311,0.056338028,0.049469965,0.655653451,0.448818898,0.275449102,0.353846154,0.6
0.247787611,0.280821918,0.12,0.068493151,0.255852843,0.042253521,0.021201413,0.510279001,0.409448819,0.317365269,0.123076923,0.4
0.230088496,0.328767123,0.04,0.109589041,0.107023411,0.23943662,0.28975265,0.54185022,0.622047244,0.131736527,0.169230769,0.4
0.318584071,0.157534247,0.33,0.102739726,0.107023411,0.14084507,0.144876325,0.434654919,0.417322835,0.28742515,0.4,0.6
0.805309735,0.202054795,0.68,0.136986301,0.122073579,0.225352113,0.130742049,0.831864905,0.251968504,0.281437126,0.246153846,0.6
0.212389381,0.363013699,0.02,0.082191781,0.090301003,0.098591549,0.067137809,0.52349486,0.57480315,0.203592814,0.169230769,0.6
0.407079646,0.280821918,0.24,0.116438356,0.110367893,0.38028169,0.469964664,0.573421439,0.37007874,0.143712575,0.169230769,0.4
0.159292035,0.164383562,0.21,0.089041096,0.058528428,0.352112676,0.148409894,0.480176211,0.57480315,0.263473054,0.2,0.6
0.265486726,0.198630137,0.33,0.109589041,0.110367893,0.070422535,0.060070671,0.413362702,0.440944882,0.149700599,0.430769231,0.4
0.318584071,0.054794521,0.43,0.109589041,0.107023411,0.422535211,0.159010601,0.48825257,0.622047244,0.28742515,0.307692308,0.6
0.318584071,0.150684932,0.38,0.109589041,0.113712375,0.154929577,0.180212014,0.567547724,0.440944882,0.083832335,0.092307692,0.6
0.221238938,0.407534247,0,0.099315068,0.098662207,0.281690141,0.144876325,0.458883994,0.433070866,0.071856287,0.153846154,0.4
0.415929204,0.171232877,0.44,0.047945205,0.043478261,0.281690141,0.127208481,0.381057269,0.393700787,0.28742515,0.369230769,0.8
0.415929204,0.136986301,0.57,0.075342466,0.10367893,0.366197183,0.208480565,0.501468429,0.42519685,0.275449102,0.353846154,0.4
0.539823009,0.191780822,0.48,0.082191781,0.188963211,0.197183099,0.151943463,0.582232012,0.228346457,0.28742515,0.2,0.6
0.247787611,0.164383562,0.29,0.116438356,0.12541806,0.352112676,0.233215548,0.468428781,0.511811024,0.209580838,0.4,0.4
0.247787611,0.294520548,0.22,0.089041096,0.157190635,0.154929577,0.233215548,0.42804699,0.244094488,0.179640719,0.123076923,0.4
0.292035398,0.123287671,0.68,0.506849315,0.063545151,0.514084507,0.961130742,0.226872247,0.212598425,0.107784431,0.6,0.8
0.477876106,0.253424658,0.2,0.691780822,0.098662207,0.169014085,0.155477032,0.839207048,0.330708661,0.215568862,0.123076923,0.6
0.17699115,0.530821918,0.04,0.095890411,0.093645485,0.084507042,0.024734982,0.422173275,0.622047244,0.149700599,0.369230769,0.6
0.159292035,0.191780822,0.23,0.047945205,0.090301003,0.056338028,0.021201413,0.420704846,0.472440945,0.137724551,0.123076923,0.4
0.309734513,0.376712329,0.55,0.061643836,0.175585284,0.436619718,0.477031802,0.494126285,0.338582677,0.173652695,0.153846154,0.4
0.345132743,0.232876712,0.59,0.034246575,0.672240803,0.211267606,0.137809187,0.510279001,0.228346457,0.604790419,0.123076923,0.4
0.203539823,0.332191781,0.12,0.671232877,0.102006689,0.549295775,0.272084806,0.677679883,0.559055118,0.113772455,0.153846154,0.6
0.327433628,0.407534247,0.15,0.061643836,0.128762542,0.126760563,0.16254417,0.494126285,0.385826772,0.263473054,0.169230769,0.4
0.256637168,0.205479452,0.31,0.047945205,0.113712375,0.197183099,0.127208481,0.567547724,0.448818898,0.185628743,0.092307692,0.4
0.336283186,0.363013699,0.6,0.082191781,0.16722408,0.154929577,0.296819788,0.530837004,0.362204724,0.113772455,0.123076923,0.4
0.238938053,0.589041096,0.05,0.082191781,0.081939799,0.267605634,0.151943463,0.512481645,0.448818898,0.131736527,0.2,0
0.380530973,0.109589041,0.45,0.054794521,0.091973244,0.084507042,0.021201413,0.254772394,0.401574803,0.131736527,0.6,0.8
0.495575221,0.205479452,0.57,0.171232877,0.096989967,0.042253521,0.014134276,0.516152717,0.236220472,0.179640719,0.184615385,0.4
0.185840708,0.287671233,0.13,0.075342466,0.107023411,0.197183099,0.106007067,0.530837004,0.68503937,0.185628743,0.215384615,0.4
0.327433628,0.380136986,0.26,0.082191781,0.120401338,0.14084507,0.130742049,0.552863436,0.448818898,0.119760479,0.123076923,0.2
0.300884956,0.260273973,0.39,0.116438356,0.117056856,0.154929577,0.141342756,0.618942731,0.543307087,0.173652695,0.353846154,0.6
0.230088496,0.246575342,0.07,0.315068493,0.128762542,0.126760563,0.042402827,0.497063142,0.496062992,0.209580838,0.430769231,0.8
0.159292035,0.523972603,0,0.095890411,0.257525084,0.070422535,0.021201413,0.399412628,0.645669291,0.107784431,0.369230769,0.4
0.238938053,0.376712329,0.02,0.089041096,0.100334448,0.422535211,0.303886926,0.410425844,0.456692913,0.209580838,0.41025641,0.6
0.469026549,0.424657534,0.19,0.335616438,0.165551839,0.450704225,0.247349823,0.639500734,0.31496063,0.131736527,0.153846154,0.4
0.398230088,0.356164384,0.23,0.150684932,0.138795987,0.169014085,0.113074205,0.714390602,0.42519685,0.155688623,0.2,0.4
0.230088496,0.171232877,0.32,0.075342466,0.08361204,0.197183099,0.077738516,0.339941263,0.385826772,0.239520958,0.446153846,0.8
0.221238938,0.280821918,0.07,0.054794521,0.098662207,0.197183099,0.06360424,0.369309838,0.433070866,0.19760479,0.369230769,0.6
0.300884956,0.407534247,0.22,0.095890411,0.105351171,0.169014085,0.265017668,0.5,0.393700787,0.125748503,0.169230769,0.6
0.221238938,0.150684932,0.28,0.075342466,0.117056856,0.422535211,0.219081272,0.504405286,0.559055118,0.089820359,0.153846154,0.4
0.85840708,0.130136986,0.74,0.061643836,0.105351171,0.070422535,0.03180212,0.787812041,0.094488189,0.275449102,0,0.6
0.212389381,0.328767123,0.3,0.246575342,0.093645485,0.267605634,0.367491166,0.665932452,0.440944882,0.502994012,0.276923077,0.4
0.389380531,0.315068493,0.25,0.075342466,0.153846154,0.098591549,0.053003534,0.559471366,0.417322835,0.233532934,0.184615385,0.4
0.265486726,0.116438356,0.49,0.123287671,0.133779264,0.338028169,0.190812721,0.516152717,0.448818898,0.167664671,0.261538462,0.6
0.469026549,0.157534247,0.38,0.04109589,0.076923077,0.422535211,0.144876325,0.491189427,0.409448819,0.293413174,0.338461538,0.8
0.185840708,0.232876712,0.24,0.054794521,0.108695652,0.23943662,0.098939929,0.347283407,0.511811024,0.161676647,0.338461538,0.6
0.371681416,0.171232877,0.48,0.082191781,0.142140468,0.535211268,0.491166078,0.545521292,0.236220472,0.419161677,0.138461538,0.4
0.203539823,0.349315068,0.33,0.397260274,0.372909699,0.915492958,0.385159011,0.572687225,0.377952756,0.137724551,0.169230769,0.4
0.230088496,0.150684932,0.32,0.109589041,0.130434783,0.591549296,0.378091873,0.479441997,0.456692913,0.275449102,0.415384615,0.4
0.061946903,0.308219178,0.01,0.054794521,0.070234114,0.056338028,0.074204947,0.244493392,0.653543307,0.305389222,0.630769231,0.8
0.362831858,0.452054795,0.51,0.054794521,0.673913043,0.154929577,0.212014134,0.452276065,0.204724409,0.502994012,0.123076923,0.4
0.247787611,0.184931507,0.48,0.075342466,0.117056856,0.183098592,0.215547703,0.52349486,0.472440945,0.131736527,0.123076923,0.4
0.407079646,0.287671233,0.31,0.095890411,0.16722408,0.14084507,0.113074205,0.508076358,0.393700787,0.137724551,0.384615385,0.4
0.247787611,0.328767123,0.26,0.438356164,0.096989967,0.492957746,0.406360424,0.5969163,0.496062992,0.095808383,0.153846154,0.4
0.530973451,0.260273973,0.45,0.116438356,0.178929766,0.464788732,0.219081272,0.514684288,0.385826772,0.233532934,0.384615385,0.6
0.265486726,0.232876712,0.11,0.116438356,0.112040134,0.154929577,0.151943463,0.494126285,0.37007874,0.143712575,0.246153846,0.4
0.274336283,0.253424658,0.26,0.068493151,0.08361204,0.112676056,0.088339223,0.479441997,0.511811024,0.185628743,0.184615385,0.4
0.637168142,0.095890411,0.52,0.061643836,0.098662207,0.070422535,0.014134276,0.494126285,0.362204724,0.233532934,0.276923077,0.8
0.300884956,0.342465753,0.35,0.130136986,0.123745819,0.38028169,0.16254417,0.508810573,0.448818898,0.173652695,0.369230769,0.4
0.548672566,0.191780822,0.41,0.089041096,0.120401338,0.084507042,0.038869258,0.611600587,0.267716535,0.203592814,0.138461538,0.6
0.17699115,0.315068493,0,0.089041096,0.147157191,0.690140845,0.201413428,0.394273128,0.669291339,0.209580838,0.461538462,0.6
0.469026549,0.321917808,0.07,0.171232877,0.150501672,0.436619718,0.229681979,0.740088106,0.448818898,0.22754491,0.215384615,0.4
0.185840708,0.198630137,0.43,0.130136986,0.107023411,0.295774648,0.169611307,0.414831131,0.535433071,0.497005988,0.338461538,0.6
0.318584071,0.397260274,0.23,0.075342466,0.14548495,0.183098592,0.265017668,0.530837004,0.354330709,0.221556886,0.153846154,0.4
0.362831858,0.143835616,0.38,0.164383562,0.085284281,0.126760563,0.045936396,0.338472834,0.440944882,0.239520958,0.553846154,0.8
0.168141593,0.184931507,0.23,0.506849315,0.065217391,0.38028169,0.300353357,0.376651982,0.551181102,0.131736527,0.569230769,0.6
0.327433628,0.363013699,0.1,0.136986301,0.128762542,0.225352113,0.120141343,0.584434655,0.433070866,0.131736527,0.169230769,0.4
0.300884956,0.205479452,0.32,0.109589041,0.113712375,0.352112676,0.409893993,0.582966226,0.377952756,0.443113772,0.2,0.4
0.283185841,0.198630137,0.68,0.054794521,0.760869565,0.23943662,0.222614841,0.530837004,0.267716535,0.586826347,0.138461538,0.4
0.283185841,0.273972603,0.25,0.068493151,0.115384615,0.183098592,0.113074205,0.611600587,0.543307087,0.191616766,0.092307692,0.6
0.336283186,0.273972603,0.22,0.123287671,0.120401338,0.042253521,0.042402827,0.495594714,0.409448819,0.143712575,0.230769231,0.6
0.292035398,0.273972603,0.26,0.068493151,0.112040134,0.577464789,0.473498233,0.464757709,0.385826772,0.125748503,0.169230769,0.4
0.504424779,0.102739726,0.24,0.082191781,0.100334448,0.197183099,0.09540636,0.406020558,0.377952756,0.19760479,0.676923077,0.6
0.185840708,0.232876712,0.24,0.054794521,0.108695652,0.23943662,0.098939929,0.347283407,0.511811024,0.161676647,0.338461538,0.6
0.699115044,0.232876712,0.49,0.246575342,0.096989967,0.352112676,0.151943463,0.589574156,0.244094488,0.143712575,0.184615385,0.2
0.194690265,0.349315068,0.07,0.082191781,0.128762542,0.14084507,0.134275618,0.383994126,0.57480315,0.131736527,0.307692308,0.6
0.442477876,0.445205479,0.12,0.136986301,0.117056856,0.408450704,0.240282686,0.629955947,0.440944882,0.185628743,0.307692308,0.6
0.203539823,0.441780822,0.18,0.102739726,0.386287625,0.063380282,0.148409894,0.444199706,0.519685039,0.161676647,0.292307692,0.6
0.415929204,0.184931507,0.4,0.116438356,0.102006689,0.126760563,0.070671378,0.611600587,0.472440945,0.251497006,0.276923077,0.6
0.265486726,0.205479452,0.25,0.205479452,0.153846154,0.38028169,0.296819788,0.570484581,0.322834646,0.143712575,0.107692308,0.4
0.256637168,0.356164384,0,0.102739726,0.108695652,0.23943662,0.081272085,0.472099853,0.456692913,0.161676647,0.246153846,0.6
0.17699115,0.421232877,0.02,0.479452055,0.183946488,0.943661972,0.416961131,0.685022026,0.57480315,0.119760479,0.230769231,0.4
0.690265487,0.253424658,0.58,0.143835616,0.152173913,0.38028169,0.328621908,0.787812041,0.330708661,0.401197605,0.476923077,0.6
0.318584071,0.136986301,0.42,0.095890411,0.143812709,0.028169014,0.010600707,0.366372981,0.417322835,0.131736527,0.6,0.6
0.17699115,0.397260274,0.08,0.116438356,0.157190635,0.183098592,0.074204947,0.483113069,0.551181102,0.149700599,0.276923077,0.4
0.203539823,0.349315068,0.02,0.068493151,0.110367893,0.23943662,0.084805654,0.517621145,0.519685039,0.251497006,0.215384615,0.4
0.743362832,0.136986301,0.65,0.116438356,0.135451505,0.197183099,0.144876325,0.699706314,0.244094488,0.167664671,0.338461538,0.4
0.345132743,0.366438356,0.49,0.356164384,0.183946488,0.464788732,0.512367491,0.802496329,0.448818898,0.48502994,0.138461538,0.4
0.371681416,0.397260274,0,0.054794521,0.095317726,0.098591549,0.045936396,0.509544787,0.448818898,0.119760479,0.246153846,0.6
0.17699115,0.414383562,0.09,0.315068493,0.175585284,0.112676056,0.038869258,0.475770925,0.480314961,0.095808383,0.369230769,0.6
0.300884956,0.404109589,0,0.116438356,0.113712375,0.14084507,0.098939929,0.552863436,0.551181102,0.119760479,0.169230769,0.4
0.628318584,0.109589041,0.47,0.054794521,0.070234114,0.225352113,0.091872792,0.498531571,0.322834646,0.203592814,0.338461538,0.8
0.539823009,0.157534247,0.53,0.116438356,0.096989967,0.056338028,0.035335689,0.52349486,0.322834646,0.191616766,0.4,1
0.194690265,0.321917808,0.06,0.349315068,0.080267559,0.14084507,0.042402827,0.450073421,0.527559055,0.155688623,0.369230769,0.8
0.477876106,0.321917808,0.31,0.089041096,0.130434783,0.352112676,0.197879859,0.685022026,0.346456693,0.179640719,0.276923077,0.6
0.504424779,0.136986301,0.45,0.376712329,0.102006689,0.056338028,0.024734982,0.552863436,0.385826772,0.293413174,0.646153846,1
0.230088496,0.308219178,0.05,0.095890411,0.115384615,0.211267606,0.106007067,0.408957416,0.503937008,0.161676647,0.292307692,0.6
0.477876106,0.417808219,0.43,0.095890411,0.078595318,0.197183099,0.088339223,0.479441997,0.322834646,0.143712575,0.4,0.4
0.168141593,0.267123288,0.15,0.143835616,0.086956522,0.154929577,0.074204947,0.207782673,0.464566929,0.155688623,0.676923077,0.6
0.424778761,0.082191781,0.33,0.095890411,0.081939799,0.718309859,0.236749117,0.57195301,0.57480315,0.341317365,0.276923077,0.6
0.362831858,0.345890411,0.16,0.075342466,0.148829431,0.169014085,0.151943463,0.450073421,0.31496063,0.143712575,0.4,0.4
0.477876106,0.301369863,0.24,0.089041096,0.112040134,0.253521127,0.183745583,0.662995595,0.346456693,0.137724551,0.261538462,0.6
0.247787611,0.342465753,0.05,0.068493151,0.093645485,0.323943662,0.127208481,0.442731278,0.535433071,0.143712575,0.476923077,0.6
0.221238938,0.184931507,0.12,0.082191781,0.088628763,0.183098592,0.06360424,0.179882526,0.440944882,0.119760479,0.753846154,0.6
0.415929204,0.164383562,0.39,0.04109589,0.113712375,0.563380282,0.173144876,0.473568282,0.57480315,0.239520958,0.384615385,0.6
0.380530973,0.246575342,0.53,0.212328767,0.148829431,0.028169014,0.014134276,0.425110132,0.37007874,0.155688623,0.569230769,0.8
0.17699115,0.393835616,0,0.082191781,0.105351171,0.154929577,0.176678445,0.494126285,0.590551181,0.203592814,0.123076923,0.4
0.380530973,0,0.45,0.061643836,0.105351171,0.126760563,0.053003534,0.400146843,0.527559055,0.25748503,0.538461538,0.8
0.318584071,0.356164384,0.27,0.075342466,0.138795987,0.056338028,0.250883392,0.543318649,0.307086614,0.173652695,0.107692308,0.6
0.548672566,0.136986301,0.44,0.047945205,0.085284281,0.211267606,0.109540636,0.618942731,0.377952756,0.269461078,0.246153846,0.6
0.221238938,0.232876712,0.2,0.068493151,0.108695652,0.38028169,0.169611307,0.406020558,0.496062992,0.185628743,0.307692308,0.6
0.477876106,0.232876712,0.44,0.136986301,0.088628763,0.042253521,0.007067138,0.489720999,0.464566929,0.173652695,0.584615385,0.6
0.185840708,0.342465753,0.21,0.068493151,0.112040134,0.098591549,0.197879859,0.508810573,0.614173228,0.149700599,0.138461538,0.6
0.380530973,0.212328767,0.45,0.068493151,0.066889632,0.070422535,0.035335689,0.347283407,0.480314961,0.221556886,0.630769231,0.6
0.699115044,0.232876712,0.63,0.075342466,0.098662207,0.070422535,0.03180212,0.640969163,0.196850394,0.323353293,0.276923077,0.4
0.327433628,0.496575342,0.01,0.089041096,0.096989967,0.056338028,0.028268551,0.486784141,0.456692913,0.149700599,0.4,0.2
0.203539823,0.273972603,0.25,0.116438356,0.115384615,0.126760563,0.109540636,0.497797357,0.566929134,0.101796407,0.4,0.4
0.274336283,0.04109589,0.34,0.123287671,0.090301003,0.197183099,0.183745583,0.339941263,0.496062992,0.269461078,0.523076923,0.6
0.318584071,0.417808219,0.21,0.054794521,0.10367893,0.056338028,0.024734982,0.494126285,0.362204724,0.113772455,0.169230769,0.4
0.283185841,0.54109589,0.07,0.068493151,0.076923077,0.295774648,0.144876325,0.380323054,0.606299213,0.05988024,0.353846154,0.6
0.292035398,0.157534247,0.21,0.068493151,0.102006689,0.633802817,0.339222615,0.464757709,0.417322835,0.149700599,0.169230769,0.4
0.575221239,0.157534247,0.48,0.150684932,0.130434783,0.056338028,0.053003534,0.626284875,0.338582677,0.119760479,0.323076923,0.4
0.716814159,0.328767123,0.49,0.130136986,0.105351171,0.056338028,0.045936396,0.685022026,0.31496063,0.143712575,0.461538462,0.4
0.132743363,0.356164384,0.02,0.102739726,0.095317726,0.352112676,0.141342756,0.257709251,0.57480315,0.071856287,0.4,0.4
0.212389381,0.342465753,0.08,0.061643836,0.107023411,0.098591549,0.06360424,0.567547724,0.582677165,0.119760479,0.092307692,0.4
0.292035398,0.410958904,0.01,0.068493151,0.107023411,0.084507042,0.091872792,0.485315712,0.511811024,0.125748503,0.184615385,0.4
0.398230088,0.171232877,0.32,0.082191781,0.086956522,0.042253521,0.03180212,0.417767988,0.440944882,0.281437126,0.430769231,0.6
0.557522124,0.136986301,0.52,0.061643836,0.200668896,0.225352113,0.134275618,0.533773862,0.42519685,0.263473054,0.476923077,0.6
0.433628319,0.301369863,0.33,0.102739726,0.128762542,0.478873239,0.215547703,0.52349486,0.42519685,0.239520958,0.523076923,0.8
0.238938053,0.150684932,0.33,0.109589041,0.086956522,0.281690141,0.109540636,0.376651982,0.480314961,0.263473054,0.569230769,0.8
0.230088496,0.363013699,0.02,0.095890411,0.137123746,0.056338028,0.088339223,0.677679883,0.732283465,0.281437126,0.2,0.4
0.530973451,0.619863014,0.43,0.130136986,0.113712375,0.281690141,0.275618375,0.618942731,0.251968504,0.143712575,0.261538462,0.4
0.513274336,0.212328767,0.5,0.095890411,0.093645485,0.169014085,0.045936396,0.435389134,0.283464567,0.323353293,0.461538462,0.6
0.318584071,0.544520548,0.27,0.082191781,0.127090301,0.084507042,0.060070671,0.450073421,0.409448819,0.083832335,0.246153846,0.2
0.353982301,0.349315068,0.17,0.136986301,0.14548495,0.281690141,0.399293286,0.582232012,0.275590551,0.113772455,0.138461538,0.4
0.300884956,0.328767123,0.08,0.116438356,0.073578595,0.028169014,0.003533569,0.204845815,0.377952756,0.023952096,0.707692308,0.4
0.300884956,0.328767123,0.22,0.082191781,0.113712375,0.338028169,0.349823322,0.444933921,0.440944882,0.095808383,0.230769231,0.4
0.318584071,0.321917808,0,0.109589041,0.135451505,0.253521127,0.183745583,0.743759178,0.598425197,0.191616766,0.138461538,0.6
0.265486726,0.164383562,0.31,0.054794521,0.112040134,0.352112676,0.208480565,0.520558003,0.566929134,0.173652695,0.169230769,0.6
0.380530973,0.068493151,0.48,0.061643836,0.108695652,0.394366197,0.190812721,0.494126285,0.511811024,0.119760479,0.153846154,0.6
0.230088496,0.315068493,0.54,0.082191781,0.170568562,0.028169014,0.010600707,0.522760646,0.464566929,0.143712575,0.292307692,0.2
0.389380531,0.232876712,0.31,0.130136986,0.135451505,0.253521127,0.325088339,0.593245228,0.456692913,0.179640719,0.169230769,0.6
0.389380531,0.287671233,0.49,0.136986301,0.137123746,0.563380282,0.367491166,0.5969163,0.267716535,0.167664671,0.123076923,0.4
0.371681416,0.246575342,0.41,0.164383562,0.133779264,0.352112676,0.16254417,0.5969163,0.448818898,0.119760479,0.323076923,0.6
0.398230088,0.116438356,0.33,0.078767123,0.085284281,0.169014085,0.074204947,0.373715125,0.409448819,0.305389222,0.507692308,0.8
0.256637168,0.178082192,0.57,0.095890411,0.157190635,0.056338028,0.021201413,0.439060206,0.488188976,0.131736527,0.461538462,0.6
0.433628319,0.171232877,0.52,0.075342466,0.127090301,0.154929577,0.159010601,0.444933921,0.433070866,0.149700599,0.415384615,0.6
0.221238938,0.239726027,0,0.089041096,0.091973244,0.084507042,0.028268551,0.374449339,0.519685039,0.149700599,0.384615385,0.2
0.168141593,0.520547945,0.03,0.321917808,0.112040134,0.309859155,0.144876325,0.414831131,0.661417323,0.101796407,0.430769231,0.2
0.238938053,0.126712329,0.39,0.020547945,0.078595318,0.084507042,0.017667845,0.237885463,0.433070866,0.113772455,0.476923077,0.6
0.460176991,0.219178082,0.47,0.109589041,0.085284281,0.112676056,0.077738516,0.589574156,0.393700787,0.191616766,0.369230769,0.6
0.646017699,0.308219178,0.5,0.116438356,0.117056856,0.070422535,0.091872792,0.773127753,0.299212598,0.269461078,0.353846154,0.6
0.442477876,0.136986301,0.47,0.034246575,0.073578595,0.112676056,0.06360424,0.505139501,0.377952756,0.293413174,0.292307692,0.8
0.442477876,0.178082192,0.31,0.109589041,0.140468227,0.211267606,0.151943463,0.5969163,0.354330709,0.221556886,0.246153846,0.8
0.212389381,0.585616438,0.04,0.075342466,0.12541806,0.154929577,0.215547703,0.40969163,0.480314961,0.161676647,0.153846154,0.2
0.460176991,0.520547945,0.25,0.109589041,0.153846154,0.478873239,0.526501767,0.802496329,0.527559055,0.203592814,0.430769231,0.4
0.371681416,0.219178082,0.49,0.130136986,0.118729097,0.23943662,0.371024735,0.5969163,0.440944882,0.161676647,0.169230769,0.4
0.353982301,0.068493151,0.36,0.068493151,0.086956522,0.732394366,0.250883392,0.438325991,0.57480315,0.323353293,0.4,0.8
0.221238938,0.328767123,0.01,0.095890411,0.112040134,0.323943662,0.109540636,0.372246696,0.519685039,0.167664671,0.384615385,0.6
0.300884956,0.212328767,0.36,0.095890411,0.105351171,0.126760563,0.148409894,0.552863436,0.472440945,0.077844311,0.153846154,0.4
0.707964602,0.184931507,0.49,0.109589041,0.113712375,0.098591549,0.049469965,0.670337739,0.25984252,0.293413174,0.292307692,0.6
0.300884956,0.414383562,0.24,0.130136986,0.118729097,0.126760563,0.197879859,0.497797357,0.480314961,0.137724551,0.246153846,0.6
0.362831858,0.349315068,0.28,0.123287671,0.140468227,0.225352113,0.222614841,0.533773862,0.409448819,0.179640719,0.276923077,0.6
0.247787611,0.089041096,0.29,0.089041096,0.070234114,0.253521127,0.151943463,0.483847283,0.519685039,0.25748503,0.384615385,0.8
0.203539823,0.301369863,0.03,0.04109589,0.123745819,0.492957746,0.141342756,0.378120411,0.622047244,0.143712575,0.338461538,0.4
0.619469027,0.075342466,0.57,0.061643836,0.10367893,0.028169014,0.007067138,0.589574156,0.31496063,0.221556886,0.230769231,0.6
0.132743363,0.150684932,0.25,0.061643836,0.120401338,0.042253521,0.077738516,0.335535977,0.488188976,0.065868263,0.261538462,0.4
0.345132743,0.061643836,0.52,0.068493151,0.130434783,0.112676056,0.060070671,0.470631424,0.488188976,0.203592814,0.307692308,0.4
0.486725664,0.130136986,0.35,0.047945205,0.105351171,0.112676056,0.077738516,0.48825257,0.393700787,0.299401198,0.430769231,0.8
0.17699115,0.219178082,0.09,0.089041096,0.085284281,0.112676056,0.042402827,0.320851689,0.535433071,0.215568862,0.446153846,0.6
0.389380531,0.328767123,0.29,0.075342466,0.095317726,0.436619718,0.236749117,0.475036711,0.472440945,0.143712575,0.246153846,0.4
0.212389381,0.267123288,0.09,0.082191781,0.08361204,0.042253521,0.010600707,0.423641703,0.480314961,0.125748503,0.323076923,0.4
0.150442478,0.239726027,0,0.034246575,0.071906355,0.366197183,0.09540636,0.156387665,0.559055118,0.089820359,0.6,0.6
0.353982301,0.226027397,0.31,0.116438356,0.123745819,0.281690141,0.155477032,0.5969163,0.496062992,0.347305389,0.230769231,0.6
0.221238938,0.02739726,0.44,0.109589041,0.093645485,0.225352113,0.088339223,0.235682819,0.480314961,0.125748503,0.615384615,0.6
0.495575221,0.150684932,0.48,0.082191781,0.066889632,0.056338028,0.010600707,0.33113069,0.362204724,0.215568862,0.569230769,0.8
0.256637168,0.335616438,0.26,0.068493151,0.102006689,0.323943662,0.28975265,0.444199706,0.440944882,0.119760479,0.215384615,0.4
0.256637168,0.363013699,0.18,0.417808219,0.127090301,0.366197183,0.310954064,0.666666667,0.503937008,0.263473054,0.153846154,0.4
0.10619469,0.116438356,0.26,0.054794521,0.085284281,0.028169014,0.017667845,0.104992658,0.511811024,0.125748503,0.784615385,0.6
0.283185841,0.294520548,0.35,0.089041096,0.10367893,0.281690141,0.212014134,0.538179148,0.401574803,0.137724551,0.123076923,0.4
0.14159292,0.164383562,0.24,0.089041096,0.138795987,0.253521127,0.127208481,0.332599119,0.653543307,0.143712575,0.507692308,0.6
0.371681416,0.123287671,0.38,0.095890411,0.080267559,0.253521127,0.233215548,0.393538913,0.511811024,0.233532934,0.523076923,0.6
0.566371681,0.095890411,0.68,0.113013699,0.122073579,0.126760563,0.067137809,0.508810573,0.346456693,0.167664671,0.523076923,0.4
0.132743363,0.061643836,0.4,0.034246575,0.090301003,0.556338028,0.561837456,0.082966226,0.401574803,0.155688623,0.538461538,0.6
0.389380531,0.479452055,0.05,0.102739726,0.115384615,0.352112676,0.318021201,0.592511013,0.488188976,0.119760479,0.246153846,0.4
0.221238938,0.321917808,0,0.089041096,0.110367893,0.352112676,0.134275618,0.378120411,0.535433071,0.209580838,0.369230769,0.6
0.619469027,0.239726027,0.44,0.047945205,0.225752508,0.492957746,0.159010601,0.60866373,0.503937008,0.317365269,0.230769231,0.2
0.530973451,0.205479452,0.48,0.123287671,0.088628763,0.056338028,0.042402827,0.52349486,0.37007874,0.323353293,0.446153846,0.6
0.442477876,0.205479452,0.35,0.082191781,0.118729097,0.225352113,0.113074205,0.45154185,0.385826772,0.19760479,0.415384615,0.6
0.327433628,0.287671233,0.28,0.068493151,0.108695652,0.14084507,0.120141343,0.567547724,0.511811024,0.167664671,0.246153846,0.6
0.14159292,0.184931507,0.43,0.075342466,0.098662207,0.183098592,0.06360424,0.309104258,0.559055118,0.323353293,0.430769231,0.8
0.17699115,0.335616438,0.01,0.068493151,0.113712375,0.098591549,0.067137809,0.542584435,0.748031496,0.239520958,0.323076923,0.4
0.238938053,0.294520548,0.03,0.047945205,0.100334448,0.225352113,0.127208481,0.406020558,0.496062992,0.089820359,0.092307692,0.2
0.274336283,0.349315068,0.08,0.068493151,0.107023411,0.197183099,0.074204947,0.486784141,0.456692913,0.125748503,0.169230769,0.6
0.327433628,0.5,0.14,0.109589041,0.135451505,0.169014085,0.169611307,0.526431718,0.488188976,0.125748503,0.261538462,0.4
0.318584071,0.356164384,0.27,0.075342466,0.138795987,0.056338028,0.250883392,0.543318649,0.307086614,0.173652695,0.107692308,0.6
0.230088496,0.253424658,0.24,0.089041096,0.096989967,0.056338028,0.106007067,0.435389134,0.464566929,0.089820359,0.153846154,0.4
0.283185841,0.184931507,0.42,0.075342466,0.123745819,0.112676056,0.053003534,0.381057269,0.511811024,0.19760479,0.492307692,0.6
0.274336283,0.287671233,0.26,0.068493151,0.128762542,0.309859155,0.498233216,0.461820852,0.409448819,0.155688623,0.2,0.4
0.230088496,0.414383562,0.05,0.256849315,0.123745819,0.042253521,0.017667845,0.450073421,0.527559055,0.035928144,0.384615385,0.4
0.265486726,0.373287671,0.1,0.04109589,0.090301003,0.366197183,0.173144876,0.475770925,0.511811024,0.107784431,0.138461538,0.4
0.07079646,0.205479452,0.27,0.075342466,0.133779264,0.309859155,0.173144876,0.340675477,0.818897638,0.185628743,0.6,0.8
0.159292035,0.184931507,0.33,0.164383562,0.056856187,0.154929577,0.166077739,0.21071953,0.488188976,0.173652695,0.584615385,0.6
0.238938053,0.54109589,0.1,0.061643836,0.10367893,0.267605634,0.176678445,0.48825257,0.480314961,0.137724551,0.123076923,0.4
0.185840708,0.205479452,0.27,0.52739726,0.093645485,0.323943662,0.501766784,0.347283407,0.330708661,0.143712575,0.446153846,0.6
0.247787611,0.239726027,0.46,0.089041096,0.170568562,0.084507042,0.049469965,0.46989721,0.456692913,0.179640719,0.323076923,0.4
0.309734513,0.369863014,0.22,0.089041096,0.095317726,0.112676056,0.060070671,0.494126285,0.440944882,0.520958084,0.292307692,0.4
0.309734513,0.311643836,0.22,0.082191781,0.108695652,0.154929577,0.208480565,0.486784141,0.433070866,0.107784431,0.123076923,0.4
0.353982301,0.352739726,0.68,0.061643836,0.653846154,0.253521127,0.176678445,0.458883994,0.220472441,0.491017964,0.138461538,0.4
0.327433628,0.366438356,0.12,0.095890411,0.118729097,0.197183099,0.378091873,0.479441997,0.338582677,0.19760479,0.215384615,0.4
0.318584071,0.143835616,0.32,0.130136986,0.091973244,0.042253521,0.021201413,0.342143906,0.440944882,0.25748503,0.676923077,0.8
0.734513274,0.260273973,0.55,0.130136986,0.100334448,0.084507042,0.06360424,0.737885463,0.275590551,0.209580838,0.384615385,0.6
0.283185841,0.51369863,0.26,0.198630137,0.158862876,0.422535211,0.215547703,0.485315712,0.409448819,0.077844311,0.123076923,0.4
0.530973451,0.616438356,0.43,0.136986301,0.107023411,0.352112676,0.28975265,0.611600587,0.267716535,0.143712575,0.261538462,0.6
0.230088496,0.184931507,0.32,0.061643836,0.088628763,0.464788732,0.190812721,0.519089574,0.566929134,0.269461078,0.230769231,0.4
0.318584071,0.352739726,0.1,0.082191781,0.102006689,0.338028169,0.190812721,0.46328928,0.433070866,0.251497006,0.384615385,0.6
0.230088496,0.393835616,0.13,0.075342466,0.107023411,0.154929577,0.049469965,0.395741557,0.433070866,0.125748503,0.261538462,0.4
0.212389381,0.212328767,0.02,0.068493151,0.113712375,0.197183099,0.077738516,0.356093979,0.480314961,0.28742515,0.338461538,0.6
0.238938053,0.321917808,0.26,0.431506849,0.096989967,0.478873239,0.406360424,0.589574156,0.496062992,0.095808383,0.153846154,0.4
0.371681416,0.335616438,0.3,0.130136986,0.127090301,0.225352113,0.141342756,0.552863436,0.409448819,0.107784431,0.138461538,0.2
0.327433628,0.123287671,0.49,0.198630137,0.130434783,0.14084507,0.06360424,0.360499266,0.417322835,0.185628743,0.569230769,0.8
0.283185841,0.342465753,0.05,0.095890411,0.112040134,0.070422535,0.042402827,0.534508076,0.433070866,0.179640719,0.138461538,0.4
0.194690265,0.356164384,0,0.123287671,0.185618729,0.197183099,0.09540636,0.389867841,0.551181102,0.179640719,0.446153846,0.6
0.123893805,0.287671233,0.06,0.061643836,0.063545151,0.521126761,0.293286219,0.168135095,0.440944882,0.101796407,0.330769231,0.6
0.646017699,0.178082192,0.49,0.123287671,0.143812709,0.154929577,0.127208481,0.758443465,0.330708661,0.167664671,0.292307692,0.4
0.557522124,0.184931507,0.47,0.061643836,0.177257525,0.070422535,0.028268551,0.5969163,0.440944882,0.251497006,0.215384615,0.6
0.265486726,0.123287671,0.42,0.075342466,0.066889632,0.070422535,0.06360424,0.457415565,0.551181102,0.293413174,0.538461538,0.6
0.592920354,0.164383562,0.66,0.102739726,0.185618729,0.028169014,0.007067138,0.466226138,0.362204724,0.119760479,0.538461538,0.6
0.424778761,0.102739726,0.53,0.102739726,0.10367893,0.070422535,0.042402827,0.450073421,0.362204724,0.479041916,0.553846154,0.8
0.654867257,0.349315068,0.5,0.034246575,0.098662207,0.070422535,0.070671378,0.575624082,0.25984252,0.161676647,0.307692308,0.2
0.407079646,0.212328767,0.49,0.102739726,0.123745819,0.309859155,0.38869258,0.552863436,0.385826772,0.185628743,0.169230769,0.4
0.300884956,0.226027397,0.23,0.089041096,0.137123746,0.211267606,0.081272085,0.450073421,0.37007874,0.095808383,0.276923077,0.6
0.433628319,0.321917808,0.44,0.095890411,0.098662207,0.281690141,0.219081272,0.670337739,0.566929134,0.179640719,0.169230769,0.4
0.221238938,0.232876712,0.14,0.130136986,0.107023411,0.197183099,0.109540636,0.453010279,0.488188976,0.095808383,0.353846154,0.4
0.185840708,0.136986301,0.44,0.102739726,0.081939799,0.323943662,0.098939929,0.350220264,0.433070866,0.281437126,0.492307692,0.8
0.336283186,0.328767123,0.1,0.089041096,0.122073579,0.183098592,0.371024735,0.464757709,0.322834646,0.19760479,0.215384615,0.4
0.283185841,0.328767123,0.26,0.075342466,0.113712375,0.422535211,0.441696113,0.45154185,0.37007874,0.113772455,0.230769231,0.4
0.309734513,0.410958904,0.09,0.130136986,0.120401338,0.23943662,0.151943463,0.685022026,0.543307087,0.233532934,0.415384615,0.6
0.230088496,0.414383562,0.05,0.256849315,0.123745819,0.042253521,0.017667845,0.450073421,0.527559055,0.035928144,0.384615385,0.4
0.309734513,0.479452055,0,0.219178082,0.138795987,0.056338028,0.028268551,0.621879589,0.488188976,0.119760479,0.184615385,0.4
0.203539823,0.253424658,0.1,0.095890411,0.10367893,0.154929577,0.084805654,0.42804699,0.535433071,0.149700599,0.276923077,0.6
0.265486726,0.246575342,0.31,0.130136986,0.096989967,0.042253521,0.03180212,0.503671072,0.377952756,0.131736527,0.292307692,0.6
0.283185841,0.212328767,0.7,0.068493151,0.755852843,0.295774648,0.215547703,0.538179148,0.307086614,0.568862275,0.153846154,0.4
0.380530973,0.428082192,0.18,0.109589041,0.108695652,0.197183099,0.148409894,0.537444934,0.362204724,0.083832335,0.2,0.6
0.168141593,0.335616438,0,0.089041096,0.138795987,0.661971831,0.187279152,0.392070485,0.68503937,0.221556886,0.476923077,0.6
0.469026549,0.424657534,0.28,0.116438356,0.110367893,0.281690141,0.250883392,0.582232012,0.42519685,0.107784431,0.215384615,0.4
0.477876106,0.212328767,0.33,0.123287671,0.138795987,0.38028169,0.293286219,0.611600587,0.377952756,0.209580838,0.246153846,0.4
0.327433628,0.130136986,0.39,0.102739726,0.110367893,0.225352113,0.130742049,0.320851689,0.448818898,0.263473054,0.630769231,0.8
0.460176991,0.767123288,0.34,0.075342466,0.112040134,0.436619718,0.512367491,0.582232012,0.322834646,0.119760479,0.169230769,0.4
0.699115044,0.301369863,0.49,0.102739726,0.086956522,0.056338028,0.074204947,0.721732746,0.267716535,0.323353293,0.384615385,0.4
0.318584071,0.109589041,0.4,0.102739726,0.066889632,0.042253521,0.014134276,0.256240822,0.464566929,0.221556886,0.676923077,0.8
0.769911504,0.150684932,0.52,0.157534247,0.137123746,0.225352113,0.166077739,0.831864905,0.244094488,0.28742515,0.169230769,0.6
0.743362832,0.239726027,0.49,0.232876712,0.122073579,0.070422535,0.144876325,0.883259912,0.440944882,0.209580838,0.661538462,0.6
0.230088496,0.164383562,0.46,0.082191781,0.10367893,0.323943662,0.134275618,0.386930984,0.519685039,0.311377246,0.4,0.8
0.274336283,0.575342466,0.2,0.075342466,0.058528428,0.197183099,0.190812721,0.398678414,0.488188976,0.065868263,0.384615385,0.4
0.362831858,0.246575342,0.3,0.130136986,0.090301003,0.126760563,0.077738516,0.464757709,0.464566929,0.203592814,0.430769231,0.8
0.283185841,0.335616438,0.29,0.047945205,0.170568562,0.112676056,0.081272085,0.538179148,0.409448819,0.736526946,0.107692308,0.4
0.053097345,0.359589041,0,0.085616438,0.113712375,0.197183099,0.077738516,0.320851689,0.818897638,0.167664671,0.630769231,0.6
0.300884956,0.205479452,0.17,0.075342466,0.102006689,0.070422535,0.042402827,0.52349486,0.433070866,0.167664671,0.123076923,0.6
0.513274336,0.219178082,0.73,0.386986301,0.10367893,0.521126761,0.247349823,0.655653451,0.338582677,0.311377246,0.553846154,0.8
0.238938053,0.393835616,0,0.109589041,0.105351171,0.028169014,0.024734982,0.582232012,0.590551181,0.113772455,0.123076923,0.4
0.17699115,0.414383562,0.09,0.315068493,0.175585284,0.112676056,0.038869258,0.475770925,0.480314961,0.095808383,0.369230769,0.6
0.203539823,0.246575342,0.2,0.068493151,0.117056856,0.112676056,0.060070671,0.424375918,0.511811024,0.05988024,0.1,0.2
0.398230088,0.191780822,0.57,0.253424658,0.113712375,0.070422535,0.049469965,0.473568282,0.42519685,0.143712575,0.630769231,0.6
0.221238938,0.212328767,0.17,0.061643836,0.117056856,0.366197183,0.159010601,0.460352423,0.590551181,0.185628743,0.307692308,0.4
0.371681416,0.102739726,0.39,0.075342466,0.147157191,0.267605634,0.074204947,0.395741557,0.322834646,0.215568862,0.430769231,0.6
0.150442478,0.308219178,0.28,0.082191781,0.060200669,0.169014085,0.151943463,0.269456681,0.527559055,0.161676647,0.676923077,0.4
0.185840708,0.380136986,0.07,0.102739726,0.128762542,0.225352113,0.268551237,0.420704846,0.480314961,0.125748503,0.261538462,0.4
0.477876106,0.130136986,0.47,0.116438356,0.122073579,0.183098592,0.09540636,0.703377386,0.488188976,0.281437126,0.323076923,0.8
0.221238938,0.335616438,0.02,0.109589041,0.115384615,0.225352113,0.286219081,0.54185022,0.582677165,0.161676647,0.2,0.6
0.407079646,0.547945205,0.24,0.116438356,0.12541806,0.154929577,0.307420495,0.714390602,0.582677165,0.125748503,0.215384615,0.4
0.292035398,0.390410959,0.21,0.082191781,0.113712375,0.450704225,0.477031802,0.450073421,0.401574803,0.107784431,0.230769231,0.4
0.212389381,0.308219178,0.02,0.075342466,0.100334448,0.225352113,0.070671378,0.417033774,0.488188976,0.167664671,0.276923077,0.4
0.265486726,0.253424658,0.33,0.068493151,0.10367893,0.366197183,0.279151943,0.513215859,0.527559055,0.149700599,0.092307692,0.4
0.238938053,0.369863014,0,0.075342466,0.120401338,0.070422535,0.060070671,0.604258443,0.68503937,0.377245509,0.230769231,0.6
0.256637168,0.273972603,0.11,0.04109589,0.112040134,0.14084507,0.116607774,0.494126285,0.535433071,0.149700599,0.184615385,0.4
0.380530973,0.130136986,0.57,0.075342466,0.165551839,0.352112676,0.279151943,0.516152717,0.409448819,0.119760479,0.2,0.4
0.353982301,0.48630137,0,0.130136986,0.138795987,0.225352113,0.130742049,0.598384728,0.464566929,0.161676647,0.307692308,0.6
0.247787611,0.328767123,0.26,0.082191781,0.118729097,0.225352113,0.300353357,0.447136564,0.433070866,0.137724551,0.215384615,0.6
0.353982301,0.178082192,0.36,0.143835616,0.115384615,0.408450704,0.399293286,0.508810573,0.362204724,0.137724551,0.153846154,0.4
0.522123894,0.109589041,0.51,0.054794521,0.113712375,0.126760563,0.06360424,0.5969163,0.362204724,0.335329341,0.153846154,0.6
0.460176991,0.184931507,0.43,0.051369863,0.093645485,0.056338028,0.017667845,0.345814978,0.354330709,0.077844311,0.461538462,0.4
0.318584071,0.130136986,0.4,0.089041096,0.076923077,0.070422535,0.014134276,0.388399413,0.448818898,0.209580838,0.430769231,0.8
0.123893805,0.205479452,0.19,0.075342466,0.105351171,0.295774648,0.144876325,0.378120411,0.511811024,0.269461078,0.246153846,0.6
0.477876106,0.315068493,0.22,0.068493151,0.113712375,0.112676056,0.091872792,0.538179148,0.307086614,0.131736527,0.169230769,0.4
0.292035398,0.315068493,0.23,0.095890411,0.107023411,0.309859155,0.310954064,0.498531571,0.37007874,0.149700599,0.169230769,0.6
0.265486726,0.191780822,0.29,0.068493151,0.110367893,0.394366197,0.212014134,0.516152717,0.559055118,0.155688623,0.169230769,0.6
0.115044248,0.219178082,0,0.047945205,0.050167224,0.028169014,0.017667845,0.317914831,0.582677165,0.311377246,0.507692308,0.6
0.185840708,0.503424658,0.02,0.068493151,0.086956522,0.394366197,0.113074205,0.341409692,0.440944882,0.137724551,0.361538462,0.6
1,0.164383562,0.65,0.452054795,0.140468227,0.295774648,0.229681979,0.552863436,0.188976378,0.305389222,1,0.4
0.212389381,0.315068493,0.28,0.267123288,0.122073579,0.154929577,0.222614841,0.459618209,0.456692913,0.221556886,0.4,0.6
0.230088496,0.369863014,0.03,0.095890411,0.110367893,0.211267606,0.282685512,0.540381791,0.622047244,0.143712575,0.2,0.4
0.238938053,0.376712329,0.26,0.061643836,0.650501672,0.211267606,0.159010601,0.501468429,0.330708661,0.48502994,0.153846154,0.4
0.221238938,0.342465753,0.06,0.02739726,0.096989967,0.056338028,0.021201413,0.303230543,0.338582677,0.089820359,0.215384615,0.4
0.345132743,0.150684932,0.44,0.054794521,0.112040134,0.070422535,0.021201413,0.439060206,0.614173228,0.179640719,0.353846154,0.4
0.212389381,0.068493151,0.3,0.061643836,0.088628763,0.211267606,0.049469965,0.48825257,0.68503937,0.293413174,0.246153846,0.6
0.265486726,0.260273973,0.29,0.095890411,0.123745819,0.056338028,0.028268551,0.363436123,0.456692913,0.173652695,0.476923077,0.6
0.318584071,0.178082192,0.32,0.109589041,0.113712375,0.323943662,0.229681979,0.453010279,0.417322835,0.311377246,0.4,0.6
0.230088496,0.366438356,0.03,0.061643836,0.110367893,0.084507042,0.021201413,0.425844347,0.472440945,0.035928144,0.169230769,0.4
0.442477876,0.198630137,0.37,0.095890411,0.132107023,0.126760563,0.060070671,0.57195301,0.393700787,0.137724551,0.323076923,0.4
0.513274336,0.219178082,0.73,0.386986301,0.10367893,0.521126761,0.247349823,0.655653451,0.338582677,0.311377246,0.553846154,0.8
0.132743363,0.400684932,0.1,0.130136986,0.115384615,0.169014085,0.077738516,0.45814978,0.677165354,0.19760479,0.276923077,0.4
0.300884956,0.315068493,0.28,0.157534247,0.090301003,0.281690141,0.381625442,0.530837004,0.377952756,0.125748503,0.153846154,0.6
0.159292035,0.376712329,0.08,0.082191781,0.055183946,0.253521127,0.148409894,0.354625551,0.590551181,0.095808383,0.461538462,0.6
0.619469027,0.205479452,0.53,0.164383562,0.155518395,0.450704225,0.325088339,0.802496329,0.362204724,0.371257485,0.123076923,0.4
0.274336283,0.390410959,0.22,0.068493151,0.120401338,0.23943662,0.310954064,0.442731278,0.448818898,0.089820359,0.169230769,0.4
0.221238938,0.383561644,0,0.089041096,0.102006689,0.154929577,0.056537102,0.501468429,0.582677165,0.101796407,0.138461538,0.4
0.389380531,0.226027397,0.49,0.116438356,0.120401338,0.281690141,0.243816254,0.633627019,0.480314961,0.143712575,0.2,0.4
0.389380531,0.232876712,0.23,0.130136986,0.133779264,0.38028169,0.346289753,0.604258443,0.283464567,0.137724551,0.123076923,0.4
0.592920354,0.171232877,0.41,0.095890411,0.127090301,0.070422535,0.035335689,0.640969163,0.275590551,0.281437126,0.138461538,0.4
0.371681416,0.386986301,0.26,0.047945205,0.127090301,0.211267606,0.060070671,0.504405286,0.456692913,0.083832335,0.153846154,0.4
0.451327434,0.130136986,0.47,0.047945205,0.08361204,0.169014085,0.09540636,0.604258443,0.417322835,0.19760479,0.246153846,0.6
0.194690265,0.476027397,0,0.020547945,0.426421405,0.211267606,0.081272085,0.340675477,0.456692913,0.107784431,0.215384615,0
0.230088496,0.342465753,0.06,0.123287671,0.108695652,0.197183099,0.279151943,0.542584435,0.606299213,0.125748503,0.169230769,0.4
0.637168142,0.178082192,0.55,0.082191781,0.098662207,0.056338028,0.045936396,0.626284875,0.291338583,0.173652695,0.369230769,0.6
0.256637168,0.130136986,0.41,0.102739726,0.088628763,0.464788732,0.190812721,0.356093979,0.472440945,0.311377246,0.461538462,0.6
0.230088496,0.226027397,0.15,0.075342466,0.110367893,0.126760563,0.077738516,0.441997063,0.433070866,0.107784431,0.230769231,0.6
0.513274336,0.095890411,0.48,0.068493151,0.090301003,0.070422535,0.014134276,0.526431718,0.464566929,0.323353293,0.384615385,0.6
0.610619469,0.226027397,0.5,0.143835616,0.110367893,0.253521127,0.144876325,0.751101322,0.409448819,0.467065868,0.4,0.6
0.318584071,0.150684932,0.37,0.068493151,0.075250836,0.591549296,0.240282686,0.294419971,0.385826772,0.28742515,0.553846154,0.6
0.309734513,0.51369863,0,0.089041096,0.120401338,0.126760563,0.088339223,0.47650514,0.401574803,0.101796407,0.215384615,0.4
0.920353982,0.061643836,0.44,0.089041096,0.105351171,0.126760563,0.06360424,0.732745962,0.25984252,0.305389222,0.123076923,0.8
0.300884956,0.089041096,0.43,0.054794521,0.091973244,0.295774648,0.155477032,0.332599119,0.503937008,0.161676647,0.538461538,0.6
0.221238938,0.386986301,0.35,0.075342466,0.127090301,0.112676056,0.303886926,0.457415565,0.42519685,0.173652695,0.153846154,0.4
0.398230088,0.328767123,0,0.068493151,0.076923077,0.056338028,0.014134276,0.56020558,0.346456693,0.179640719,0.307692308,0.6
0.150442478,0.383561644,0.01,0.191780822,0.152173913,0.436619718,0.169611307,0.425110132,0.606299213,0.19760479,0.446153846,0.6
0.469026549,0.136986301,0.56,0.075342466,0.102006689,0.028169014,0.007067138,0.386930984,0.322834646,0.239520958,0.461538462,0.6
0.309734513,0.414383562,0.22,0.089041096,0.100334448,0.14084507,0.123674912,0.486784141,0.488188976,0.131736527,0.107692308,0.4
0.557522124,0.280821918,0.49,0.253424658,0.177257525,0.126760563,0.038869258,0.743759178,0.25984252,0.137724551,0.507692308,0.6
0.398230088,0.068493151,0.24,0.082191781,0.110367893,0,0.077738516,0.655653451,0.527559055,0.323353293,0.292307692,0.6
0.256637168,0.414383562,0.04,0.04109589,0.107023411,0.098591549,0.03180212,0.36784141,0.409448819,0.119760479,0.184615385,0.4
0.477876106,0.246575342,0.24,0.123287671,0.150501672,0.169014085,0.091872792,0.72907489,0.42519685,0.137724551,0.246153846,0.6
0.274336283,0.606164384,0.15,0.082191781,0.150501672,0.14084507,0.091872792,0.438325991,0.385826772,0.089820359,0.246153846,0.4
0.548672566,0.191780822,0.41,0.089041096,0.120401338,0.084507042,0.038869258,0.611600587,0.267716535,0.203592814,0.138461538,0.6
0.539823009,0.273972603,0.38,0.116438356,0.090301003,0.394366197,0.176678445,0.418502203,0.322834646,0.275449102,0.569230769,0.8
0.646017699,0.212328767,0.66,0.150684932,0.162207358,0.126760563,0.060070671,0.72907489,0.322834646,0.311377246,0.307692308,0.8
0.292035398,0.130136986,0.32,0.068493151,0.090301003,0.183098592,0.106007067,0.262114537,0.527559055,0.137724551,0.646153846,0.6
0.460176991,0.171232877,0.39,0.109589041,0.112040134,0.38028169,0.208480565,0.53010279,0.330708661,0.155688623,0.215384615,0.4
0.362831858,0.380136986,0.1,0.047945205,0.130434783,0.042253521,0.017667845,0.54185022,0.448818898,0.191616766,0.176923077,0.4
0.309734513,0.369863014,0.7,0.089041096,0.143812709,0.338028169,0.434628975,0.52349486,0.267716535,0.119760479,0.092307692,0.4
0.460176991,0.123287671,0.39,0.054794521,0.08361204,0.028169014,0.010600707,0.347283407,0.31496063,0.143712575,0.476923077,0.8
0.389380531,0.191780822,0.43,0.102739726,0.093645485,0.394366197,0.141342756,0.310572687,0.362204724,0.161676647,0.584615385,0.6
0.230088496,0.308219178,0.06,0.047945205,0.107023411,0.112676056,0.074204947,0.52349486,0.488188976,0.221556886,0.184615385,0.6
0.088495575,0.544520548,0,0.082191781,0.048494983,0.225352113,0.254416961,0.248898678,0.74015748,0.239520958,0.461538462,0.4
0.300884956,0.04109589,0.37,0,0.06187291,0.492957746,0.363957597,0,0.118110236,0.065868263,0.661538462,0.6
0.238938053,0.267123288,0.18,0.082191781,0.096989967,0.154929577,0.077738516,0.558737151,0.614173228,0.239520958,0.169230769,0.6
0.168141593,0.280821918,0.06,0.075342466,0.085284281,0.394366197,0.134275618,0.353891336,0.503937008,0.299401198,0.292307692,0.6
0.238938053,0.219178082,0.2,0.047945205,0.06187291,0.323943662,0.204946996,0.251835536,0.503937008,0.143712575,0.507692308,0.6
0.247787611,0.578767123,0,0.089041096,0.127090301,0.211267606,0.091872792,0.549926579,0.661417323,0.203592814,0.276923077,0.4
0.398230088,0.260273973,0.3,0.068493151,0.088628763,0.098591549,0.038869258,0.563142438,0.456692913,0.22754491,0.323076923,0.6
0.345132743,0.318493151,0.18,0.082191781,0.110367893,0.056338028,0.084805654,0.486784141,0.362204724,0.089820359,0.215384615,0.6
0.380530973,0.517123288,0.13,0.174657534,0.127090301,0.042253521,0.028268551,0.685022026,0.551181102,0.113772455,0.476923077,0.4
0.283185841,0.260273973,0.3,0.068493151,0.105351171,0.098591549,0.056537102,0.42804699,0.448818898,0.137724551,0.307692308,0.6
0.256637168,0.260273973,0.36,0.356164384,0.098662207,0.225352113,0.339222615,0.567547724,0.480314961,0.281437126,0.323076923,0.4
0.265486726,0.198630137,0.14,0.143835616,0.12541806,0.281690141,0.130742049,0.464757709,0.456692913,0.143712575,0.323076923,0.6
0.592920354,0.150684932,0.45,0.075342466,0.117056856,0.070422535,0.03180212,0.640969163,0.157480315,0.19760479,0.123076923,0.6
0.292035398,0.315068493,0.23,0.095890411,0.107023411,0.309859155,0.310954064,0.498531571,0.37007874,0.149700599,0.169230769,0.6
0.336283186,0.376712329,0.19,0.089041096,0.135451505,0.14084507,0.243816254,0.535242291,0.362204724,0.155688623,0.123076923,0.2
0.504424779,0.321917808,0.42,0.130136986,0.130434783,0.478873239,0.236749117,0.655653451,0.42519685,0.221556886,0.169230769,0.6
0.230088496,0.198630137,0.3,0.082191781,0.118729097,0.478873239,0.233215548,0.508810573,0.551181102,0.113772455,0.153846154,0.4
0.469026549,0.219178082,0.46,0.089041096,0.132107023,0.126760563,0.123674912,0.46328928,0.346456693,0.215568862,0.538461538,0.6
0.026548673,0.205479452,0,0.082191781,0.060200669,0.211267606,0.127208481,0.107929515,0.763779528,0.245508982,0.861538462,0.8
0.318584071,0.417808219,0.21,0.054794521,0.10367893,0.056338028,0.024734982,0.494126285,0.362204724,0.113772455,0.169230769,0.4
0.380530973,0.130136986,0.36,0.116438356,0.073578595,0.126760563,0.116607774,0.407488987,0.519685039,0.215568862,0.523076923,0.4
0.486725664,0.109589041,0.46,0.061643836,0.063545151,0.056338028,0.024734982,0.538179148,0.236220472,0.275449102,0.276923077,0.6
0.212389381,0.390410959,0.08,0.061643836,0.142140468,0.295774648,0.293286219,0.42804699,0.472440945,0.125748503,0.123076923,0.6
0.300884956,0.04109589,0.37,0,0.06187291,0.492957746,0.363957597,0,0.118110236,0.065868263,0.661538462,0.6
0.389380531,0.164383562,0.52,0.082191781,0.165551839,0.056338028,0.014134276,0.411894273,0.448818898,0.173652695,0.446153846,0.6
0.221238938,0.328767123,0.01,0.095890411,0.112040134,0.323943662,0.109540636,0.372246696,0.519685039,0.167664671,0.384615385,0.6
0.238938053,0.424657534,0.08,0.054794521,0.137123746,0.126760563,0.137809187,0.417767988,0.393700787,0.101796407,0.215384615,0.4
0.787610619,0.280821918,0.79,0.267123288,0.180602007,0.309859155,0.250883392,0.86123348,0.346456693,0.263473054,0.707692308,0.4
0.221238938,0.421232877,0.16,0.068493151,0.147157191,0.197183099,0.250883392,0.479441997,0.417322835,0.185628743,0.138461538,0.4
0.283185841,0.246575342,0.68,0.054794521,0.673913043,0.183098592,0.091872792,0.47650514,0.275590551,0.437125749,0.107692308,0.6
0.424778761,0.143835616,0.59,0.130136986,0.112040134,0.112676056,0.084805654,0.552863436,0.299212598,0.125748503,0.553846154,0.6
0.619469027,0.136986301,0.55,0.130136986,0.115384615,0.478873239,0.215547703,0.743759178,0.456692913,0.353293413,0.369230769,0.8
0.168141593,0.232876712,0.14,0.102739726,0.170568562,0.112676056,0.109540636,0.532305433,0.724409449,0.191616766,0.215384615,0.4
0.256637168,0.681506849,0.1,0.150684932,0.123745819,0.056338028,0.021201413,0.420704846,0.62992126,0.161676647,0.430769231,0.2
0.203539823,0.315068493,0.2,0.058219178,0.076923077,0.098591549,0.056537102,0.231277533,0.503937008,0.095808383,0.507692308,0.4
0.327433628,0.335616438,0.3,0.082191781,0.120401338,0.14084507,0.155477032,0.52349486,0.519685039,0.167664671,0.276923077,0.6
0.238938053,0.136986301,0.23,0.095890411,0.090301003,0.478873239,0.22614841,0.426578561,0.543307087,0.173652695,0.261538462,0.4
0.707964602,0.198630137,0.54,0.130136986,0.152173913,0.253521127,0.123674912,0.684287812,0.37007874,0.25748503,0.446153846,0.6
0.283185841,0.294520548,0,0.054794521,0.096989967,0.084507042,0.038869258,0.478707783,0.409448819,0.185628743,0.153846154,0.6
0.230088496,0.369863014,0.03,0.095890411,0.110367893,0.211267606,0.282685512,0.540381791,0.622047244,0.143712575,0.2,0.4
0.336283186,0.130136986,0.29,0.150684932,0.304347826,0.183098592,0.070671378,0.388399413,0.377952756,0.269461078,0.553846154,0.6
0.415929204,0.260273973,0.36,0.061643836,0.120401338,0.070422535,0.038869258,0.51174743,0.417322835,0.263473054,0.369230769,0.6
0.442477876,0.143835616,0.52,0.089041096,0.10367893,0.169014085,0.067137809,0.368575624,0.488188976,0.25748503,0.615384615,0.8
0.300884956,0.321917808,0.16,0.061643836,0.088628763,0.028169014,0.035335689,0.450073421,0.535433071,0.353293413,0.323076923,0.8
0.292035398,0.191780822,0.3,0.061643836,0.242474916,0.014084507,0.137809187,0.528634361,0.448818898,0.347305389,0.169230769,0.6
0.230088496,0.164383562,0.46,0.082191781,0.10367893,0.323943662,0.134275618,0.386930984,0.519685039,0.311377246,0.4,0.8
0.088495575,0.332191781,0.05,0.102739726,0.102006689,0.253521127,0.067137809,0.184287812,0.645669291,0.131736527,0.692307692,0.4
0.256637168,0.273972603,0.16,0.068493151,0.122073579,0.154929577,0.102473498,0.494126285,0.503937008,0.173652695,0.169230769,0.8
0.300884956,0.356164384,0.22,0.102739726,0.137123746,0.056338028,0.09540636,0.444199706,0.496062992,0.149700599,0.4,0.4
0.327433628,0.452054795,0.1,0.116438356,0.115384615,0.61971831,0.286219081,0.604258443,0.582677165,0.119760479,0.246153846,0.4
0.460176991,0.589041096,0.32,0.095890411,0.110367893,0.478873239,0.51590106,0.582232012,0.401574803,0.089820359,0.153846154,0.4
0.654867257,0.171232877,0.76,0.226027397,0.090301003,0.084507042,0.113074205,0.758443465,0.377952756,0.161676647,0.707692308,0.8
0.292035398,0.212328767,0.21,0.047945205,0.157190635,0.126760563,0.109540636,0.479441997,0.338582677,0.347305389,0.169230769,0.4
0.327433628,0.339041096,0.22,0.116438356,0.12541806,0.070422535,0.045936396,0.5969163,0.409448819,0.167664671,0.138461538,0.4
0.522123894,0.267123288,0.64,0.102739726,0.158862876,0.070422535,0.03180212,0.530837004,0.275590551,0.19760479,0.523076923,0.8
0.318584071,0.602739726,0.09,0.095890411,0.088628763,0.084507042,0.109540636,0.497797357,0.456692913,0.131736527,0.092307692,0.6
0.380530973,0.260273973,0.21,0.089041096,0.127090301,0.281690141,0.116607774,0.502936858,0.464566929,0.299401198,0.415384615,0.6
0.283185841,0.273972603,0.25,0.068493151,0.115384615,0.183098592,0.113074205,0.611600587,0.543307087,0.191616766,0.092307692,0.6
0.14159292,0.232876712,0.29,0.082191781,0.10367893,0.436619718,0.325088339,0.419236417,0.464566929,0.173652695,0.215384615,0.4
0.451327434,0.205479452,0.46,0.082191781,0.10367893,0.056338028,0.035335689,0.471365639,0.417322835,0.245508982,0.6,0.6
0.442477876,0.260273973,0.36,0.130136986,0.173913043,0.352112676,0.173144876,0.524963289,0.346456693,0.209580838,0.384615385,0.4
0.327433628,0.363013699,0.1,0.136986301,0.128762542,0.225352113,0.120141343,0.584434655,0.433070866,0.131736527,0.169230769,0.4
0.230088496,0.393835616,0.13,0.075342466,0.107023411,0.154929577,0.049469965,0.395741557,0.433070866,0.125748503,0.261538462,0.4
0.221238938,0.212328767,0.42,0.315068493,0.096989967,0.394366197,0.434628975,0.530837004,0.535433071,0.233532934,0.323076923,0.4
0.389380531,0.465753425,0.12,0.102739726,0.118729097,0.098591549,0.077738516,0.60866373,0.464566929,0.191616766,0.307692308,0.6
0.185840708,0.246575342,0.08,0.082191781,0.086956522,0.23943662,0.098939929,0.400146843,0.464566929,0.185628743,0.2,0.4
0.318584071,0.082191781,0.34,0.287671233,0.08361204,0.098591549,0.056537102,0.538179148,0.377952756,0.365269461,0.384615385,0.6
0.336283186,0.321917808,0.29,0.116438356,0.162207358,0.422535211,0.399293286,0.582966226,0.322834646,0.101796407,0.107692308,0.4
0.920353982,0.061643836,0.44,0.089041096,0.105351171,0.126760563,0.06360424,0.732745962,0.25984252,0.305389222,0.123076923,0.8
0.831858407,0.198630137,0.63,0.198630137,0.128762542,0.070422535,0.144876325,0.831864905,0.212598425,0.28742515,0.369230769,0.6
0.17699115,0.414383562,0.2,0.47260274,0.102006689,0.394366197,0.25795053,0.56020558,0.433070866,0.125748503,0.123076923,0.4
0.212389381,0.363013699,0.02,0.082191781,0.090301003,0.098591549,0.067137809,0.52349486,0.57480315,0.203592814,0.169230769,0.6
0.283185841,0.397260274,0.06,0.068493151,0.112040134,0.267605634,0.102473498,0.455947137,0.519685039,0.215568862,0.384615385,0.4
0.371681416,0.356164384,0.17,0.136986301,0.120401338,0.338028169,0.438162544,0.595447871,0.385826772,0.125748503,0.184615385,0.4
0.088495575,0.342465753,0.03,0.04109589,0.113712375,0.070422535,0.024734982,0.360499266,0.724409449,0.173652695,0.261538462,0.2
0.336283186,0.373287671,0.61,0.075342466,0.16722408,0.169014085,0.314487633,0.508810573,0.330708661,0.125748503,0.107692308,0.4
0.221238938,0.390410959,0.08,0.082191781,0.085284281,0.577464789,0.16254417,0.441262849,0.535433071,0.161676647,0.276923077,0.6
0.194690265,0.544520548,0.29,0.267123288,0.096989967,0.197183099,0.116607774,0.418502203,0.622047244,0.125748503,0.415384615,0.4
0.327433628,0.407534247,0.15,0.061643836,0.128762542,0.126760563,0.16254417,0.494126285,0.385826772,0.263473054,0.169230769,0.4
0.469026549,0.260273973,0.24,0.095890411,0.152173913,0.070422535,0.028268551,0.567547724,0.472440945,0.113772455,0.246153846,0.2
0.185840708,0.630136986,0.08,0.095890411,0.091973244,0.253521127,0.091872792,0.470631424,0.614173228,0.143712575,0.4,0.2
0.256637168,0.328767123,0.32,0.123287671,0.152173913,0.169014085,0.325088339,0.683553598,0.559055118,0.173652695,0.169230769,0.4
0.283185841,0.328767123,0.14,0.102739726,0.123745819,0.028169014,0.03180212,0.545521292,0.535433071,0.161676647,0.369230769,0.6
0.185840708,0.246575342,0.02,0.089041096,0.113712375,0.492957746,0.371024735,0.37958884,0.283464567,0.119760479,0.2,0.4
0.274336283,0.578767123,0.1,0.082191781,0.16722408,0.14084507,0.056537102,0.457415565,0.409448819,0.101796407,0.169230769,0.4
0.203539823,0.226027397,0.11,0.102739726,0.051839465,0.070422535,0.021201413,0.254772394,0.440944882,0.191616766,0.461538462,0.6
0.212389381,0.452054795,0.08,0.075342466,0.135451505,0.126760563,0.045936396,0.406020558,0.519685039,0.083832335,0.246153846,0.4
0.123893805,0.315068493,0.2,0.102739726,0.105351171,0.197183099,0.155477032,0.33773862,0.661417323,0.203592814,0.630769231,0.6
0.495575221,0.164383562,0.64,0.136986301,0.183946488,0.126760563,0.123674912,0.582232012,0.385826772,0.19760479,0.630769231,0.6
0.14159292,0.273972603,0.08,0.239726027,0.098662207,0.14084507,0.091872792,0.469162996,0.645669291,0.179640719,0.492307692,0.6
0.159292035,0.164383562,0.53,0.089041096,0.364548495,0.253521127,0.102473498,0.244493392,0.496062992,0.359281437,0.615384615,0.6
0.185840708,0.431506849,0.12,0.075342466,0.123745819,0.154929577,0.261484099,0.420704846,0.503937008,0.113772455,0.261538462,0.4
0.221238938,0.349315068,0.06,0.075342466,0.118729097,0.098591549,0.081272085,0.622613803,0.732283465,0.239520958,0.184615385,0.4
0.185840708,0.506849315,0.07,0.075342466,0.147157191,0.267605634,0.180212014,0.433920705,0.677165354,0.245508982,0.507692308,0.6
0.433628319,0.321917808,0.44,0.095890411,0.098662207,0.281690141,0.219081272,0.670337739,0.566929134,0.179640719,0.169230769,0.4
0.318584071,0.260273973,0.35,0.136986301,0.108695652,0.281690141,0.427561837,0.552863436,0.385826772,0.173652695,0.153846154,0.4
0.238938053,0.650684932,0.09,0.054794521,0.277591973,0.126760563,0.293286219,0.450073421,0.440944882,0.143712575,0.092307692,0.4
0.469026549,0.308219178,0.25,0.075342466,0.153846154,0.154929577,0.293286219,0.457415565,0.236220472,0.341317365,0.261538462,0.4
0.522123894,0.321917808,0.49,0.082191781,0.096989967,0.183098592,0.144876325,0.662995595,0.440944882,0.137724551,0.184615385,0.2
0.230088496,0.178082192,0.3,0.061643836,0.102006689,0.422535211,0.22614841,0.497797357,0.535433071,0.155688623,0.169230769,0.6
0.256637168,0.321917808,0.22,0.061643836,0.117056856,0.591549296,0.190812721,0.36123348,0.283464567,0.053892216,0.123076923,0.4
0.256637168,0.102739726,0.34,0.095890411,0.063545151,0.042253521,0.007067138,0.369309838,0.519685039,0.185628743,0.4,0.8
0.362831858,0.397260274,0.24,0.109589041,0.357859532,0.056338028,0.03180212,0.662995595,0.456692913,0.161676647,0.092307692,0.6
0.283185841,0.280821918,0.33,0.102739726,0.113712375,0.323943662,0.487632509,0.475770925,0.440944882,0.161676647,0.169230769,0.4
0.230088496,0.349315068,0,0.068493151,0.142140468,0.183098592,0.113074205,0.490455213,0.496062992,0.149700599,0.092307692,0.6
0.132743363,0.301369863,0,0.089041096,0.112040134,0.070422535,0.010600707,0.347283407,0.669291339,0.125748503,0.476923077,0.6
0.230088496,0.164383562,0.46,0.082191781,0.10367893,0.323943662,0.134275618,0.386930984,0.519685039,0.311377246,0.4,0.8
0.274336283,0.373287671,0,0.102739726,0.130434783,0.098591549,0.045936396,0.538179148,0.417322835,0.239520958,0.138461538,0.4
0.477876106,0.136986301,0.59,0.089041096,0.108695652,0.028169014,0.03180212,0.685022026,0.362204724,0.269461078,0.184615385,0.4
0.460176991,0.226027397,0.38,0.109589041,0.115384615,0.464788732,0.212014134,0.527900147,0.322834646,0.149700599,0.215384615,0.4
0.292035398,0.082191781,0.4,0.047945205,0.073578595,0.14084507,0.067137809,0.486784141,0.456692913,0.323353293,0.046153846,0.6
0.274336283,0.356164384,0.21,0.089041096,0.108695652,0.436619718,0.448763251,0.406020558,0.417322835,0.071856287,0.230769231,0.4
0.221238938,0.431506849,0.01,0.089041096,0.078595318,0.14084507,0.042402827,0.172540382,0.511811024,0.041916168,0.676923077,0.6
0.495575221,0.082191781,0.49,0.102739726,0.105351171,0.126760563,0.077738516,0.567547724,0.31496063,0.167664671,0.307692308,0.4
0.362831858,0.390410959,0.31,0.143835616,0.123745819,0.309859155,0.265017668,0.743759178,0.582677165,0.245508982,0.492307692,0.6
0.504424779,0.102739726,0.56,0.034246575,0.058528428,0.028169014,0.007067138,0.340675477,0.330708661,0.107784431,0.523076923,0.6
0.150442478,0.328767123,0.1,0.047945205,0.060200669,0.154929577,0.070671378,0.219530103,0.637795276,0.107784431,0.569230769,0.4
0.371681416,0.102739726,0.46,0.082191781,0.138795987,0.267605634,0.081272085,0.353157122,0.409448819,0.137724551,0.446153846,0.6
0.469026549,0.260273973,0.5,0.883561644,0.322742475,0.661971831,0.268551237,0.906754772,0.330708661,0.251497006,0.061538462,0.4
0.398230088,0.239726027,0.49,0.116438356,0.137123746,0.521126761,0.35335689,0.5969163,0.267716535,0.155688623,0.107692308,0.4
0.097345133,0.328767123,0,0.034246575,0.085284281,0.14084507,0.042402827,0.135095448,0.559055118,0.137724551,0.584615385,0.6
0.486725664,0.130136986,0.44,0.095890411,0.113712375,0.295774648,0.141342756,0.640969163,0.456692913,0.203592814,0.2,0.6
0.371681416,0.328767123,0.29,0.089041096,0.143812709,0.056338028,0.03180212,0.640969163,0.488188976,0.095808383,0.107692308,0.4
0.203539823,0.664383562,0.06,0.082191781,0.081939799,0.154929577,0.088339223,0.347283407,0.606299213,0.05988024,0.461538462,0.2
0.433628319,0.452054795,0.22,0.068493151,0.108695652,0.070422535,0.091872792,0.640969163,0.409448819,0.137724551,0.338461538,0.6
0.371681416,0.335616438,0.14,0.102739726,0.091973244,0.126760563,0.127208481,0.501468429,0.354330709,0.155688623,0.169230769,0.4
0.327433628,0.095890411,0.42,0.075342466,0.113712375,0.14084507,0.074204947,0.538179148,0.37007874,0.281437126,0.153846154,0.6
0.619469027,0.243150685,0.4,0.034246575,0.132107023,0.070422535,0.077738516,0.51174743,0.25984252,0.191616766,0.251282051,0.6
0.221238938,0.328767123,0,0.061643836,0.10367893,0.211267606,0.098939929,0.52349486,0.57480315,0.221556886,0.230769231,0.6
0.061946903,0.239726027,0.11,0.089041096,0.060200669,0.211267606,0.293286219,0.128487518,0.62992126,0.329341317,0.8,0.8
0.17699115,0.335616438,0.01,0.068493151,0.113712375,0.098591549,0.067137809,0.542584435,0.748031496,0.239520958,0.323076923,0.4
0.230088496,0.342465753,0.06,0.123287671,0.108695652,0.197183099,0.279151943,0.542584435,0.606299213,0.125748503,0.169230769,0.4
0.442477876,0.445205479,0.12,0.136986301,0.117056856,0.408450704,0.240282686,0.629955947,0.440944882,0.185628743,0.307692308,0.6
0.415929204,0.407534247,0.24,0.082191781,0.096989967,0.056338028,0.049469965,0.479441997,0.299212598,0.155688623,0.230769231,0.4
0.221238938,0.130136986,0.3,0.089041096,0.068561873,0.492957746,0.427561837,0.472099853,0.157480315,0.77245509,0.169230769,0.4
0.646017699,0.315068493,0.66,0.109589041,0.100334448,0.070422535,0.109540636,0.670337739,0.244094488,0.137724551,0.246153846,0.4
0.530973451,0.130136986,0.49,0.089041096,0.085284281,0.23943662,0.120141343,0.552863436,0.31496063,0.107784431,0.215384615,0.6
0.203539823,0.424657534,0.03,0.095890411,0.070234114,0.084507042,0.035335689,0.36784141,0.559055118,0.179640719,0.476923077,0.6
0.283185841,0.359589041,0,0.075342466,0.117056856,0.098591549,0.035335689,0.464757709,0.503937008,0.155688623,0.215384615,0.6
0.159292035,0.308219178,0.14,0.205479452,0.096989967,0.366197183,0.236749117,0.486049927,0.456692913,0.089820359,0.123076923,0.4
0.380530973,0.191780822,0.32,0.321917808,0.12541806,0.126760563,0.144876325,0.662995595,0.503937008,0.263473054,0.323076923,0.8
0.256637168,0.445205479,0.2,0.493150685,0.143812709,0.408450704,0.303886926,0.649779736,0.362204724,0.149700599,0.123076923,0.4
0.194690265,0.239726027,0.08,0.089041096,0.086956522,0.23943662,0.113074205,0.400881057,0.440944882,0.191616766,0.184615385,0.6
0.513274336,0.335616438,0.49,0.082191781,0.314381271,0.056338028,0.035335689,0.685022026,0.330708661,0.179640719,0,0
0.371681416,0.198630137,0.64,0.089041096,0.135451505,0.112676056,0.127208481,0.626284875,0.62992126,0.19760479,0.323076923,0.4
0.274336283,0.544520548,0.12,0.089041096,0.219063545,0.084507042,0.060070671,0.464757709,0.480314961,0.191616766,0.276923077,0.8
0.318584071,0.157534247,0.33,0.102739726,0.107023411,0.14084507,0.144876325,0.434654919,0.417322835,0.28742515,0.4,0.6
0.212389381,0.301369863,0.17,0.054794521,0.088628763,0.197183099,0.06360424,0.372246696,0.551181102,0.209580838,0.330769231,0.8
0.424778761,0.260273973,0.34,0.184931507,0.117056856,0.056338028,0.028268551,0.633627019,0.433070866,0.113772455,0.353846154,0.6
0.283185841,0.301369863,0.19,0.061643836,0.153846154,0.154929577,0.144876325,0.464757709,0.354330709,0.359281437,0.169230769,0.4
0.159292035,0.356164384,0.21,0.061643836,0.115384615,0.183098592,0.088339223,0.500734214,0.669291339,0.19760479,0.215384615,0.4
0.150442478,0.294520548,0.15,0.061643836,0.108695652,0.352112676,0.102473498,0.225403818,0.456692913,0.293413174,0.492307692,0.6
0.380530973,0.342465753,0.19,0.205479452,0.264214047,0.704225352,0.501766784,0.626284875,0.338582677,0.359281437,0.123076923,0.4
0.185840708,0.301369863,0.09,0.136986301,0.112040134,0.084507042,0.056537102,0.486049927,0.566929134,0.167664671,0.276923077,0.4
0.256637168,0.349315068,0.27,0.075342466,0.118729097,0.225352113,0.300353357,0.447136564,0.409448819,0.149700599,0.215384615,0.6
0.14159292,0.267123288,0.14,0.068493151,0.073578595,0.197183099,0.098939929,0.285609398,0.582677165,0.143712575,0.476923077,0.6
0.424778761,0.188356164,0.46,0.253424658,0.137123746,0.028169014,0.014134276,0.464023495,0.417322835,0.185628743,0.584615385,0.8
0.345132743,0.171232877,0.2,0.130136986,0.130434783,0.23943662,0.183745583,0.582232012,0.472440945,0.221556886,0.184615385,0.6
0.194690265,0.321917808,0.1,0.054794521,0.085284281,0.464788732,0.166077739,0.420704846,0.527559055,0.203592814,0.2,0.4
0.212389381,0.390410959,0.07,0.109589041,0.132107023,0.197183099,0.053003534,0.414831131,0.503937008,0.161676647,0.446153846,0.6
0.371681416,0.143835616,0.41,0.342465753,0.102006689,0.084507042,0.024734982,0.477973568,0.440944882,0.173652695,0.569230769,0.8
0.212389381,0.212328767,0.36,0.047945205,0.128762542,0.183098592,0.109540636,0.446402349,0.472440945,0.137724551,0.123076923,0.6
0.212389381,0.191780822,0.32,0.184931507,0.081939799,0.112676056,0.081272085,0.300293686,0.42519685,0.095808383,0.446153846,0.8
0.221238938,0.273972603,0.03,0.116438356,0.107023411,0.281690141,0.303886926,0.54185022,0.598425197,0.161676647,0.215384615,0.4
0.734513274,0.157534247,0.49,0.335616438,0.090301003,0.056338028,0.102473498,0.831864905,0.362204724,0.19760479,0.553846154,0.8
0.230088496,0.301369863,0.26,0.075342466,0.118729097,0.169014085,0.332155477,0.425110132,0.409448819,0.113772455,0.230769231,0.4
0.274336283,0.390410959,0.49,0.061643836,0.172240803,0.267605634,0.374558304,0.494126285,0.37007874,0.22754491,0.138461538,0.4
0.274336283,0.575342466,0.2,0.075342466,0.058528428,0.197183099,0.190812721,0.398678414,0.488188976,0.065868263,0.384615385,0.4
0.725663717,0.339041096,0.66,0.335616438,0.118729097,0.084507042,0.127208481,0.890602056,0.25984252,0.239520958,0.246153846,0.8
0.318584071,0.352739726,0.1,0.082191781,0.102006689,0.338028169,0.190812721,0.46328928,0.433070866,0.251497006,0.384615385,0.6
0.17699115,0.260273973,0,0.061643836,0.08361204,0.281690141,0.077738516,0.253303965,0.551181102,0.131736527,0.6,0.6
0.203539823,0.184931507,0.24,0.082191781,0.150501672,0.042253521,0.003533569,0.334067548,0.551181102,0.149700599,0.461538462,0.2
0.353982301,0.465753425,0.11,0.095890411,0.120401338,0.154929577,0.088339223,0.574889868,0.519685039,0.089820359,0.230769231,0.4
0.283185841,0.359589041,0,0.315068493,0.123745819,0.056338028,0.042402827,0.626284875,0.519685039,0.131736527,0.184615385,0.6
0.389380531,0.239726027,0.31,0.123287671,0.120401338,0.323943662,0.4204947,0.611600587,0.448818898,0.167664671,0.153846154,0.4
0.345132743,0.239726027,0.27,0.068493151,0.076923077,0.23943662,0.113074205,0.375183554,0.330708661,0.311377246,0.415384615,0.6
0.415929204,0.191780822,0.49,0.109589041,0.122073579,0.521126761,0.480565371,0.567547724,0.377952756,0.131736527,0.153846154,0.4
0.044247788,0.267123288,0.18,0.082191781,0.050167224,0.211267606,0.335689046,0.171071953,0.566929134,0.323353293,0.692307692,0.8
0.433628319,0.171232877,0.52,0.075342466,0.117056856,0.070422535,0.070671378,0.582232012,0.346456693,0.107784431,0.169230769,0.4
0.274336283,0.315068493,0.01,0.061643836,0.127090301,0.154929577,0.042402827,0.411894273,0.456692913,0.137724551,0.323076923,0.8
0.14159292,0.219178082,0.39,0.109589041,0.108695652,0.070422535,0.028268551,0.402349486,0.606299213,0.215568862,0.4,0.6
0.460176991,0.267123288,0.19,0.157534247,0.115384615,0.098591549,0.084805654,0.611600587,0.385826772,0.149700599,0.323076923,0.6
0.17699115,0.273972603,0.08,0.102739726,0.096989967,0.169014085,0.070671378,0.257709251,0.519685039,0.233532934,0.630769231,0.8
0.238938053,0.390410959,0.32,0.089041096,0.095317726,0.478873239,0.346289753,0.458883994,0.464566929,0.107784431,0.169230769,0.4
0.256637168,0.273972603,0.4,0.089041096,0.080267559,0.154929577,0.049469965,0.34287812,0.409448819,0.185628743,0.523076923,0.6
0.318584071,0.184931507,0.38,0.04109589,0.076923077,0.126760563,0.081272085,0.450073421,0.409448819,0.245508982,0.215384615,0.4
0.274336283,0.390410959,0.05,0.123287671,0.105351171,0.197183099,0.074204947,0.538179148,0.409448819,0.167664671,0.107692308,0.4
0.407079646,0.434931507,0.18,0.089041096,0.227424749,0.126760563,0.342756184,0.501468429,0.102362205,0.616766467,0.276923077,0.6
0,0.273972603,0.15,0.082191781,0.070234114,0.098591549,0.208480565,0.244493392,0.913385827,0.137724551,0.723076923,0.2
0.17699115,0.356164384,0.31,0.356164384,0.118729097,0.084507042,0.151943463,0.522026432,0.480314961,0.209580838,0.292307692,0.4
0.362831858,0.441780822,0.22,0.095890411,0.086956522,0.112676056,0.127208481,0.457415565,0.283464567,0.131736527,0.153846154,0.4
0.415929204,0.164383562,0.39,0.04109589,0.113712375,0.563380282,0.173144876,0.473568282,0.57480315,0.239520958,0.384615385,0.6
0.256637168,0.178082192,0.48,0.116438356,0.102006689,0.295774648,0.275618375,0.52349486,0.456692913,0.221556886,0.184615385,0.2
0.610619469,0.198630137,0.52,0.143835616,0.113712375,0.394366197,0.173144876,0.736417034,0.409448819,0.329341317,0.4,0.4
0.292035398,0.390410959,0.21,0.082191781,0.113712375,0.450704225,0.477031802,0.450073421,0.401574803,0.107784431,0.230769231,0.4
0.115044248,0.294520548,0.1,0.089041096,0.08361204,0.535211268,0.159010601,0.370778267,0.614173228,0.25748503,0.430769231,0.6
0.672566372,0.150684932,0.5,0.102739726,0.090301003,0.126760563,0.053003534,0.72907489,0.299212598,0.508982036,0.123076923,0.6
0.353982301,0.171232877,0.65,0.376712329,0.113712375,0.028169014,0.007067138,0.594713656,0.417322835,0.149700599,0.4,0.4
0.548672566,0.239726027,0.43,0.082191781,0.265886288,0.366197183,0.212014134,0.5969163,0.338582677,0.25748503,0.369230769,0.6
0.159292035,0.280821918,0.09,0.205479452,0.185618729,0.183098592,0.088339223,0.494126285,0.598425197,0.203592814,0.4,0.2
0.973451327,0.359589041,0.49,0.226027397,0.138795987,0.126760563,0.060070671,0.960352423,0.141732283,0.245508982,0.415384615,0.4
0.185840708,0.109589041,0.28,0.102739726,0,0.492957746,0.332155477,0.04185022,0.409448819,0.035928144,0.507692308,0.8
0.221238938,0.157534247,0.29,0.109589041,0.140468227,0.267605634,0.166077739,0.450073421,0.535433071,0.191616766,0.4,0.6
0.203539823,0.219178082,0,0.034246575,0.096989967,0.436619718,0.113074205,0.316446402,0.456692913,0.149700599,0.461538462,0.6
0.238938053,0.273972603,0.32,0.082191781,0.096989967,0.704225352,0.22614841,0.301762115,0.472440945,0.293413174,0.692307692,0.6
0.566371681,0.123287671,0.58,0.082191781,0.070234114,0.084507042,0.045936396,0.582232012,0.448818898,0.329341317,0.323076923,0.8
0.194690265,0.390410959,0,0.321917808,0.18729097,0.281690141,0.183745583,0.707048458,0.566929134,0.233532934,0.276923077,0.4
0.407079646,0.321917808,0.24,0.164383562,0.148829431,0.267605634,0.144876325,0.640969163,0.409448819,0.203592814,0.184615385,0.4
0.424778761,0.102739726,0.53,0.102739726,0.10367893,0.070422535,0.042402827,0.450073421,0.362204724,0.479041916,0.553846154,0.8
0.389380531,0.369863014,0.17,0.143835616,0.108695652,0.056338028,0.024734982,0.552863436,0.433070866,0.131736527,0.307692308,0.4
0.477876106,0.219178082,0.49,0.123287671,0.108695652,0.14084507,0.045936396,0.457415565,0.385826772,0.179640719,0.492307692,0.8
0.238938053,0.321917808,0.26,0.075342466,0.113712375,0.225352113,0.346289753,0.423641703,0.42519685,0.113772455,0.230769231,0.4
0.327433628,0.280821918,0,0.034246575,0.096989967,0.070422535,0.028268551,0.430249633,0.401574803,0.185628743,0.246153846,0.6
0.327433628,0.253424658,0.36,0.061643836,0.351170569,0.070422535,0.035335689,0.582232012,0.346456693,0.161676647,0.169230769,0.6
0.238938053,0.267123288,0.18,0.082191781,0.096989967,0.154929577,0.077738516,0.558737151,0.614173228,0.239520958,0.169230769,0.6
0.398230088,0.226027397,0.35,0.102739726,0.113712375,0.309859155,0.254416961,0.633627019,0.503937008,0.173652695,0.169230769,0.4
0.442477876,0.383561644,0.24,0.089041096,0.12541806,0.056338028,0.077738516,0.640969163,0.31496063,0.161676647,0.276923077,0.4
0.371681416,0.294520548,0.04,0.089041096,0.178929766,0.183098592,0.176678445,0.450073421,0.37007874,0.161676647,0.384615385,0.6
0.380530973,0.191780822,0.51,0.116438356,0.066889632,0.169014085,0.074204947,0.361967695,0.456692913,0.341317365,0.769230769,0.8
0.539823009,0.534246575,0.34,0.390410959,0.16722408,0.309859155,0.328621908,0.941262849,0.377952756,0.209580838,0.138461538,0.4
0.318584071,0.452054795,0,0.089041096,0.128762542,0.169014085,0.070671378,0.567547724,0.496062992,0.077844311,0.184615385,0.2
0.380530973,0.493150685,0.34,0.034246575,0.063545151,0.042253521,0.014134276,0.401615272,0.299212598,0.089820359,0.107692308,0.6
0.230088496,0.308219178,0.05,0.095890411,0.115384615,0.211267606,0.106007067,0.408957416,0.503937008,0.161676647,0.292307692,0.6
0.283185841,0.308219178,0.31,0.061643836,0.095317726,0.352112676,0.402826855,0.453744493,0.433070866,0.119760479,0.138461538,0.4
0.194690265,0.383561644,0.21,0.082191781,0.096989967,0.112676056,0.060070671,0.395741557,0.503937008,0.161676647,0.292307692,0.4
